country,ccode,year,region,onset,ethonset,warl,gdpenl,lpopl,lmtnest,ncontig,Oil,nwstate,instab,polity2l,anocl,ethfrac,second,minldr1,minldr2,minldr3,CGNstar,CGNstarsyr,type
USA,2,1945,0,0,0,0,7.625999928,11.85629559,3.21486783,1,0,0,0,10,0,0.356950104,0.125,0,0,0,.,.,.
USA,2,1946,0,0,0,0,7.625999928,11.85629559,3.21486783,1,0,0,0,10,0,0.356950104,0.125,0,0,0,.,.,.
USA,2,1947,0,0,0,0,7.653999805,11.86313152,3.21486783,1,0,0,0,10,0,0.356950104,0.125,0,0,0,.,.,.
USA,2,1948,0,0,0,0,8.024999619,11.86859131,3.21486783,1,0,0,0,10,0,0.356950104,0.125,0,0,0,.,.,.
USA,2,1949,0,0,0,0,8.270000458,11.88673496,3.21486783,1,0,0,0,10,0,0.356950104,0.125,0,0,0,.,.,.
USA,2,1950,0,0,0,0,8.039999962,11.90487957,3.21486783,1,0,0,0,10,0,0.356950104,0.125,0,0,0,.,.,.
USA,2,1951,0,0,0,0,8.772000313,11.93343067,3.21486783,1,0,0,0,10,0,0.356950104,0.125,0,0,0,.,.,.
USA,2,1952,0,0,0,0,9.109000206,11.95118046,3.21486783,1,0,0,0,10,0,0.356950104,0.125,0,0,0,.,.,.
USA,2,1953,0,0,0,0,9.074000359,11.96862125,3.21486783,1,0,0,0,10,0,0.356950104,0.125,0,0,0,.,.,.
USA,2,1954,0,0,0,0,9.300000191,11.98589325,3.21486783,1,0,0,0,10,0,0.356950104,0.125,0,0,0,.,.,.
USA,2,1955,0,0,0,0,9.088999748,12.00274372,3.21486783,1,0,0,0,10,0,0.356950104,0.125,0,0,0,.,.,.
USA,2,1956,0,0,0,0,9.722999573,12.01931572,3.21486783,1,0,0,0,10,0,0.356950104,0.125,0,0,0,.,.,.
USA,2,1957,0,0,0,0,9.711999893,12.03695583,3.21486783,1,0,0,0,10,0,0.356950104,0.125,0,0,0,.,.,.
USA,2,1958,0,0,0,0,9.642999649,12.05428982,3.21486783,1,0,0,0,10,0,0.356950104,0.125,0,0,0,.,.,.
USA,2,1959,0,0,0,0,9.369999886,12.07120895,3.21486783,1,0,0,0,10,0,0.356950104,0.125,0,0,0,.,.,.
USA,2,1960,0,0,0,0,9.838999748,12.08796501,3.21486783,1,0,0,0,10,0,0.356950104,0.125,0,0,0,.,.,.
USA,2,1961,0,0,0,0,9.895000458,12.1044445,3.21486783,1,0,0,0,10,0,0.356950104,0.125,0,0,0,.,.,.
USA,2,1962,0,0,0,0,9.946000099,12.12098885,3.21486783,1,0,0,0,10,0,0.356950104,0.125,0,0,0,.,.,.
USA,2,1963,0,0,0,0,10.3579998,12.13638496,3.21486783,1,0,0,0,10,0,0.356950104,0.125,0,0,0,.,.,.
USA,2,1964,0,0,0,0,10.6420002,12.15079212,3.21486783,1,0,0,0,10,0,0.356950104,0.125,0,0,0,.,.,.
USA,2,1965,0,0,0,0,11.07199955,12.1646719,3.21486783,1,0,0,0,10,0,0.356950104,0.125,0,0,0,.,.,.
USA,2,1966,0,0,0,0,11.64900017,12.17720509,3.21486783,1,0,0,0,10,0,0.356950104,0.125,0,0,0,.,.,.
USA,2,1967,0,0,0,0,12.16399956,12.18874359,3.21486783,1,0,0,0,10,0,0.356950104,0.125,0,0,0,.,.,.
USA,2,1968,0,0,0,0,12.31799984,12.19963741,3.21486783,1,0,0,0,10,0,0.356950104,0.125,0,0,0,.,.,.
USA,2,1969,0,0,0,0,12.72299957,12.20959663,3.21486783,1,0,0,0,10,0,0.356950104,0.125,0,0,0,.,.,.
USA,2,1970,0,0,0,0,12.97500038,12.2193594,3.21486783,1,0,0,0,10,0,0.356950104,0.125,0,0,0,.,.,.
USA,2,1971,0,0,0,0,12.9630003,12.23101902,3.21486783,1,0,0,0,10,0,0.356950104,0.125,0,0,0,.,.,.
USA,2,1972,0,0,0,0,13.2329998,12.24366188,3.21486783,1,0,0,0,10,0,0.356950104,0.125,0,0,0,.,.,.
USA,2,1973,0,0,0,0,13.74699974,12.25436783,3.21486783,1,0,0,0,10,0,0.356950104,0.125,0,0,0,.,.,.
USA,2,1974,0,0,0,0,14.37899971,12.2639122,3.21486783,1,0,0,0,10,0,0.356950104,0.125,0,0,0,.,.,.
USA,2,1975,0,0,0,0,14.07800007,12.2730484,3.21486783,1,0,0,0,10,0,0.356950104,0.125,0,0,0,.,.,.
USA,2,1976,0,0,0,0,13.68200016,12.28290844,3.21486783,1,0,0,0,10,0,0.356950104,0.125,0,0,0,.,.,.
USA,2,1977,0,0,0,0,14.27099991,12.29241085,3.21486783,1,0,0,0,10,0,0.356950104,0.125,0,0,0,.,.,.
USA,2,1978,0,0,0,0,14.83199978,12.3024683,3.21486783,1,0,0,0,10,0,0.356950104,0.125,0,0,0,.,.,.
USA,2,1979,0,0,0,0,15.43999958,12.31306458,3.21486783,1,0,0,0,10,0,0.356950104,0.125,0,0,0,.,.,.
USA,2,1980,0,0,0,0,15.63700008,12.32410049,3.21486783,1,0,0,0,10,0,0.356950104,0.125,0,0,0,.,.,.
USA,2,1981,0,0,0,0,15.29500008,12.33603477,3.21486783,1,0,0,0,10,0,0.356950104,0.125,0,0,0,.,.,.
USA,2,1982,0,0,0,0,15.50199986,12.34643459,3.21486783,1,0,0,0,10,0,0.356950104,0.125,0,0,0,.,.,.
USA,2,1983,0,0,0,0,14.89700031,12.35673141,3.21486783,1,0,0,0,10,0,0.356950104,0.125,0,0,0,.,.,.
USA,2,1984,0,0,0,0,15.28999996,12.36648464,3.21486783,1,0,0,0,10,0,0.356950104,0.125,0,0,0,.,.,.
USA,2,1985,0,0,0,0,16.25499916,12.37581921,3.21486783,1,0,0,0,10,0,0.356950104,0.125,0,0,0,.,.,.
USA,2,1986,0,0,0,0,16.56999969,12.38538551,3.21486783,1,0,0,0,10,0,0.356950104,0.125,0,0,0,.,.,.
USA,2,1987,0,0,0,0,16.84799957,12.39514256,3.21486783,1,0,0,0,10,0,0.356950104,0.125,0,0,0,.,.,.
USA,2,1988,0,0,0,0,17.18600082,12.40468597,3.21486783,1,0,0,0,10,0,0.356950104,0.125,0,0,0,.,.,.
USA,2,1989,0,0,0,0,17.70999908,12.4143343,3.21486783,1,0,0,0,10,0,0.356950104,0.125,0,0,0,.,.,.
USA,2,1990,0,0,0,0,18.09499931,12.42211533,3.21486783,1,0,0,0,10,0,0.356950104,0.125,0,0,0,.,.,.
USA,2,1991,0,0,0,0,18.05400085,12.43070316,3.21486783,1,0,0,0,10,0,0.356950104,0.125,0,0,0,.,.,.
USA,2,1992,0,0,0,0,17.59399986,12.43991089,3.21486783,1,0,0,0,10,0,0.356950104,0.125,0,0,0,.,.,.
USA,2,1993,0,0,0,0,17.94499969,12.44901848,3.21486783,1,0,0,0,10,0,0.356950104,0.125,0,0,0,.,.,.
USA,2,1994,0,0,0,0,18.20299911,12.45975685,3.21486783,1,0,0,0,10,0,0.356950104,0.125,0,0,0,.,.,.
USA,2,1995,0,0,0,0,18.70299911,12.46955967,3.21486783,1,0,0,0,10,0,0.356950104,0.125,0,0,0,.,.,.
USA,2,1996,0,0,0,0,18.95700073,12.47900009,3.21486783,1,0,0,0,10,0,0.356950104,0.125,0,0,0,.,.,.
USA,2,1997,0,0,0,0,19.38599968,12.48816013,3.21486783,1,0,0,0,10,0,0.356950104,0.125,0,0,0,.,.,.
USA,2,1998,0,0,0,0,19.99500084,12.49738312,3.21486783,1,0,0,0,10,0,0.356950104,0.125,0,0,0,.,.,.
USA,2,1999,0,0,0,0,20.61300087,12.50628471,3.21486783,1,0,0,0,10,0,0.356950104,0.125,0,0,0,.,.,.
CANADA,20,1945,0,0,0,0,5.188000202,9.424967766,2.797281265,0,0,0,0,10,0,0.754994035,0.230000004,0,0,0,.,.,.
CANADA,20,1946,0,0,0,0,5.188000202,9.424967766,2.797281265,0,0,0,0,10,0,0.754994035,0.230000004,0,0,0,.,.,.
CANADA,20,1947,0,0,0,0,5.360000134,9.443196297,2.797281265,0,0,0,0,10,0,0.754994035,0.230000004,0,0,0,.,.,.
CANADA,20,1948,0,0,0,0,5.532000065,9.4640522,2.797281265,0,0,0,0,10,0,0.754994035,0.230000004,1,1,0,.,.,.
CANADA,20,1949,0,0,0,0,5.730000019,9.485468864,2.797281265,0,0,0,0,10,0,0.754994035,0.230000004,1,1,0,.,.,.
CANADA,20,1950,0,0,0,0,5.744999886,9.508591652,2.797281265,0,0,0,0,10,0,0.754994035,0.230000004,1,1,0,.,.,.
CANADA,20,1951,0,0,0,0,6.380000114,9.527848244,2.797281265,0,0,0,0,10,0,0.754994035,0.230000004,1,1,0,.,.,.
CANADA,20,1952,0,0,0,0,6.511000156,9.556621552,2.797281265,0,0,0,0,10,0,0.754994035,0.230000004,1,1,0,.,.,.
CANADA,20,1953,0,0,0,0,6.778999805,9.584452629,2.797281265,0,0,0,0,10,0,0.754994035,0.230000004,1,1,0,.,.,.
CANADA,20,1954,0,0,0,0,6.901000023,9.611597061,2.797281265,0,0,0,0,10,0,0.754994035,0.230000004,1,1,0,.,.,.
CANADA,20,1955,0,0,0,0,6.578999996,9.637958527,2.797281265,0,0,0,0,10,0,0.754994035,0.230000004,1,1,0,.,.,.
CANADA,20,1956,0,0,0,0,6.978000164,9.663642883,2.797281265,0,0,0,0,10,0,0.754994035,0.230000004,1,1,0,.,.,.
CANADA,20,1957,0,0,0,0,7.434999943,9.6909132,2.797281265,0,0,0,0,10,0,0.754994035,0.230000004,0,0,0,.,.,.
CANADA,20,1958,0,0,0,0,7.34100008,9.717458725,2.797281265,0,0,0,0,10,0,0.754994035,0.230000004,0,0,0,.,.,.
CANADA,20,1959,0,0,0,0,7.193999767,9.743318558,2.797281265,0,0,0,0,10,0,0.754994035,0.230000004,0,0,0,.,.,.
CANADA,20,1960,0,0,0,0,7.303999901,9.768527031,2.797281265,0,0,0,0,10,0,0.754994035,0.230000004,0,0,0,.,.,.
CANADA,20,1961,0,0,0,0,7.257999897,9.793114662,2.797281265,0,0,0,0,10,0,0.754994035,0.230000004,0,0,0,.,.,.
CANADA,20,1962,0,0,0,0,7.261000156,9.813015938,2.797281265,0,0,0,0,10,0,0.754994035,0.230000004,0,0,0,.,.,.
CANADA,20,1963,0,0,0,0,7.605000019,9.831668854,2.797281265,0,0,0,0,10,0,0.754994035,0.230000004,0,0,0,.,.,.
CANADA,20,1964,0,0,0,0,7.875999928,9.850244522,2.797281265,0,0,0,0,10,0,0.754994035,0.230000004,0,0,0,.,.,.
CANADA,20,1965,0,0,0,0,8.244000435,9.869206429,2.797281265,0,0,0,0,10,0,0.754994035,0.230000004,0,0,0,.,.,.
CANADA,20,1966,0,0,0,0,8.663999557,9.887256622,2.797281265,0,0,0,0,10,0,0.754994035,0.230000004,0,0,0,.,.,.
CANADA,20,1967,0,0,0,0,9.093000412,9.905934334,2.797281265,0,0,0,0,10,0,0.754994035,0.230000004,0,0,0,.,.,.
CANADA,20,1968,0,0,0,0,9.230999947,9.923829079,2.797281265,0,0,0,0,10,0,0.754994035,0.230000004,1,1,0,.,.,.
CANADA,20,1969,0,0,0,0,9.581999779,9.940011978,2.797281265,0,0,0,0,10,0,0.754994035,0.230000004,1,1,0,.,.,.
CANADA,20,1970,0,0,0,0,9.975000381,9.95361042,2.797281265,0,0,0,0,10,0,0.754994035,0.230000004,1,1,0,.,.,.
CANADA,20,1971,0,0,0,0,10.1239996,9.967588425,2.797281265,0,0,0,0,10,0,0.754994035,0.230000004,1,1,0,.,.,.
CANADA,20,1972,0,0,0,0,10.59899998,9.980077744,2.797281265,0,0,0,0,10,0,0.754994035,0.230000004,1,1,0,.,.,.
CANADA,20,1973,0,0,0,0,11.125,9.990674019,2.797281265,0,0,0,0,10,0,0.754994035,0.230000004,1,1,0,.,.,.
CANADA,20,1974,0,0,0,0,11.85400009,10.0020647,2.797281265,0,0,0,0,10,0,0.754994035,0.230000004,1,1,0,.,.,.
CANADA,20,1975,0,0,0,0,12.22500038,10.01520824,2.797281265,0,0,0,0,10,0,0.754994035,0.230000004,1,1,0,.,.,.
CANADA,20,1976,0,0,0,0,12.2869997,10.02998829,2.797281265,0,0,0,0,10,0,0.754994035,0.230000004,1,1,0,.,.,.
CANADA,20,1977,0,0,0,0,12.9289999,10.04294491,2.797281265,0,0,0,0,10,0,0.754994035,0.230000004,1,1,0,.,.,.
CANADA,20,1978,0,0,0,0,13.18400002,10.05504894,2.797281265,0,0,0,0,10,0,0.754994035,0.230000004,1,1,0,.,.,.
CANADA,20,1979,0,0,0,0,13.63099957,10.06547928,2.797281265,0,0,0,0,10,0,0.754994035,0.230000004,0,0,0,.,.,.
CANADA,20,1980,0,0,0,0,14.11400032,10.07521152,2.797281265,0,0,0,0,10,0,0.754994035,0.230000004,1,1,0,.,.,.
CANADA,20,1981,0,0,0,0,14.13300037,10.0875988,2.797281265,0,0,0,0,10,0,0.754994035,0.230000004,1,1,0,.,.,.
CANADA,20,1982,0,0,0,0,14.55500031,10.09995842,2.797281265,0,0,0,0,10,0,0.754994035,0.230000004,1,1,0,.,.,.
CANADA,20,1983,0,0,0,0,13.73999977,10.10981083,2.797281265,0,0,0,0,10,0,0.754994035,0.230000004,1,1,0,.,.,.
CANADA,20,1984,0,0,0,0,14.10499954,10.11807442,2.797281265,0,0,0,0,10,0,0.754994035,0.230000004,0,0,0,.,.,.
CANADA,20,1985,0,0,0,0,14.95400047,10.12575054,2.797281265,0,0,0,0,10,0,0.754994035,0.230000004,0,0,0,.,.,.
CANADA,20,1986,0,0,0,0,15.58899975,10.13320923,2.797281265,0,0,0,0,10,0,0.754994035,0.230000004,0,0,0,.,.,.
CANADA,20,1987,0,0,0,0,16.02899933,10.14065266,2.797281265,0,0,0,0,10,0,0.754994035,0.230000004,0,0,0,.,.,.
CANADA,20,1988,0,0,0,0,16.60199928,10.15132332,2.797281265,0,0,0,0,10,0,0.754994035,0.230000004,0,0,0,.,.,.
CANADA,20,1989,0,0,0,0,17.25799942,10.16392708,2.797281265,0,0,0,0,10,0,0.754994035,0.230000004,0,0,0,.,.,.
CANADA,20,1990,0,0,0,0,17.52400017,10.17423916,2.797281265,0,0,0,0,10,0,0.754994035,0.230000004,0,0,0,.,.,.
CANADA,20,1991,0,0,0,0,17.17300034,10.18572998,2.797281265,0,0,0,0,10,0,0.754994035,0.230000004,0,0,0,.,.,.
CANADA,20,1992,0,0,0,0,16.36800003,10.21464157,2.797281265,0,0,0,0,10,0,0.754994035,0.230000004,0,0,0,.,.,.
CANADA,20,1993,0,0,0,0,16.36199951,10.21993923,2.797281265,0,0,0,0,10,0,0.754994035,0.230000004,1,1,0,.,.,.
CANADA,20,1994,0,0,0,0,16.55599976,10.27322197,2.797281265,0,0,0,0,10,0,0.754994035,0.230000004,1,1,0,.,.,.
CANADA,20,1995,0,0,0,0,17.17300034,10.28384018,2.797281265,0,0,0,0,10,0,0.754994035,0.230000004,1,1,0,.,.,.
CANADA,20,1996,0,0,0,0,17.49799919,10.29603672,2.797281265,0,0,0,0,10,0,0.754994035,0.230000004,1,1,0,.,.,.
CANADA,20,1997,0,0,0,0,17.57600021,10.30792522,2.797281265,0,0,0,0,10,0,0.754994035,0.230000004,1,1,0,.,.,.
CANADA,20,1998,0,0,0,0,18.15399933,10.31846046,2.797281265,0,0,0,0,10,0,0.754994035,0.230000004,1,1,0,.,.,.
CANADA,20,1999,0,0,0,0,18.59300041,10.32829762,2.797281265,0,0,0,0,10,0,0.754994035,0.230000004,1,1,0,.,.,.
CUBA,40,1945,7,0,0,0,.,8.503499985,1.694107056,0,0,0,0,3,1,0.035723627,0.109999999,0,0,0,.,.,.
CUBA,40,1946,7,0,0,0,.,8.503499985,1.694107056,0,0,0,0,3,1,0.035723627,0.109999999,0,0,0,.,.,.
CUBA,40,1947,7,0,0,0,2.127000093,8.524963379,1.694107056,0,0,0,0,3,1,0.035723627,0.109999999,0,0,0,.,.,.
CUBA,40,1948,7,0,0,0,2.135999918,8.547140121,1.694107056,0,0,0,0,3,1,0.035723627,0.109999999,0,0,0,.,.,.
CUBA,40,1949,7,0,0,0,2.051000118,8.57300663,1.694107056,0,0,0,0,3,1,0.035723627,0.109999999,0,0,0,.,.,.
CUBA,40,1950,7,0,0,0,2.371999979,8.593969345,1.694107056,0,0,0,0,3,1,0.035723627,0.109999999,0,0,0,.,.,.
CUBA,40,1951,7,0,0,0,2.443000078,8.615407944,1.694107056,0,0,0,0,3,1,0.035723627,0.109999999,0,0,0,.,.,.
CUBA,40,1952,7,0,0,0,2.480999947,8.637284279,1.694107056,0,0,0,0,3,1,0.035723627,0.109999999,0,0,0,.,.,.
CUBA,40,1953,7,0,0,0,2.513999939,8.658518791,1.694107056,0,0,0,1,0,1,0.035723627,0.109999999,0,0,0,.,.,.
CUBA,40,1954,7,0,0,0,2.443000078,8.720787048,1.694107056,0,0,0,1,-3,1,0.035723627,0.109999999,0,0,0,.,.,.
CUBA,40,1955,7,0,0,0,2.401000023,8.740976334,1.694107056,0,0,0,1,-6,0,0.035723627,0.109999999,0,0,0,.,.,.
CUBA,40,1956,7,0,0,0,2.464999914,8.761079788,1.694107056,0,0,0,1,-9,0,0.035723627,0.109999999,0,0,0,.,.,.
CUBA,40,1957,7,0,0,0,2.52699995,8.781555176,1.694107056,0,0,0,1,-9,0,0.035723627,0.109999999,0,0,0,.,.,.
CUBA,40,1958,7,1,0,0,2.694999933,8.801017761,1.694107056,0,0,0,1,-9,0,0.035723627,0.109999999,0,0,0,.,.,.
CUBA,40,1959,7,0,0,1,2.707999945,8.819221497,1.694107056,0,0,0,0,-9,0,0.035723627,0.109999999,0,0,0,.,.,.
CUBA,40,1960,7,0,0,1,2.775000095,8.839421272,1.694107056,0,0,0,1,0,1,0.035723627,0.109999999,0,0,0,.,.,.
CUBA,40,1961,7,0,0,0,2.821000099,8.857515335,1.694107056,0,0,0,1,-4,1,0.035723627,0.109999999,0,0,0,.,.,.
CUBA,40,1962,7,0,0,0,2.901000023,8.872627258,1.694107056,0,0,0,1,-7,0,0.035723627,0.109999999,0,0,0,.,.,.
CUBA,40,1963,7,0,0,0,3.035000086,8.889307976,1.694107056,0,0,0,1,-7,0,0.035723627,0.109999999,0,0,0,.,.,.
CUBA,40,1964,7,0,0,0,2.921999931,8.911260605,1.694107056,0,0,0,1,-7,0,0.035723627,0.109999999,0,0,0,.,.,.
CUBA,40,1965,7,0,0,0,2.997999907,8.937480927,1.694107056,0,0,0,0,-7,0,0.035723627,0.109999999,0,0,0,.,.,.
CUBA,40,1966,7,0,0,0,2.989000082,8.963160515,1.694107056,0,0,0,0,-7,0,0.035723627,0.109999999,0,0,0,.,.,.
CUBA,40,1967,7,0,0,0,3.069000006,8.985320091,1.694107056,0,0,0,0,-7,0,0.035723627,0.109999999,0,0,0,.,.,.
CUBA,40,1968,7,0,0,0,3.11500001,9.004422188,1.694107056,0,0,0,0,-7,0,0.035723627,0.109999999,0,0,0,.,.,.
CUBA,40,1969,7,0,0,0,3.127000093,9.022081375,1.694107056,0,0,0,0,-7,0,0.035723627,0.109999999,0,0,0,.,.,.
CUBA,40,1970,7,0,0,0,3.242000103,9.03848362,1.694107056,0,0,0,0,-7,0,0.035723627,0.109999999,0,0,0,.,.,.
CUBA,40,1971,7,0,0,0,3.308000088,9.053803444,1.694107056,0,0,0,0,-7,0,0.035723627,0.109999999,0,0,0,.,.,.
CUBA,40,1972,7,0,0,0,3.20600009,9.070158005,1.694107056,0,0,0,0,-7,0,0.035723627,0.109999999,0,0,0,.,.,.
CUBA,40,1973,7,0,0,0,3.237999916,9.089528084,1.694107056,0,0,0,0,-7,0,0.035723627,0.109999999,0,0,0,.,.,.
CUBA,40,1974,7,0,0,0,3.305000067,9.108971596,1.694107056,0,0,0,0,-7,0,0.035723627,0.109999999,0,0,0,.,.,.
CUBA,40,1975,7,0,0,0,3.312000036,9.126306534,1.694107056,0,0,0,0,-7,0,0.035723627,0.109999999,0,0,0,.,.,.
CUBA,40,1976,7,0,0,0,3.523999929,9.137661934,1.694107056,0,0,0,0,-7,0,0.035723627,0.109999999,0,0,0,.,.,.
CUBA,40,1977,7,0,0,0,3.384000063,9.151651382,1.694107056,0,0,0,0,-7,0,0.035723627,0.109999999,0,0,0,.,.,.
CUBA,40,1978,7,0,0,0,3.605999947,9.163982391,1.694107056,0,0,0,0,-7,0,0.035723627,0.109999999,0,0,0,.,.,.
CUBA,40,1979,7,0,0,0,3.644999981,9.174091339,1.694107056,0,0,0,0,-7,0,0.035723627,0.109999999,0,0,0,.,.,.
CUBA,40,1980,7,0,0,0,3.687999964,9.179984093,1.694107056,0,0,0,0,-7,0,0.035723627,0.109999999,0,0,0,.,.,.
CUBA,40,1981,7,0,0,0,3.79399991,9.183380127,1.694107056,0,0,0,0,-7,0,0.035723627,0.109999999,0,0,0,.,.,.
CUBA,40,1982,7,0,0,0,3.885999918,9.187480927,1.694107056,0,0,0,0,-7,0,0.035723627,0.109999999,0,0,0,.,.,.
CUBA,40,1983,7,0,0,0,3.84100008,9.190239906,1.694107056,0,0,0,0,-7,0,0.035723627,0.109999999,0,0,0,.,.,.
CUBA,40,1984,7,0,0,0,3.808000088,9.199987411,1.694107056,0,0,0,0,-7,0,0.035723627,0.109999999,0,0,0,.,.,.
CUBA,40,1985,7,0,0,0,3.90899992,9.209740639,1.694107056,0,0,0,0,-7,0,0.035723627,0.109999999,0,0,0,.,.,.
CUBA,40,1986,7,0,0,0,3.832999945,9.220092773,1.694107056,0,0,0,0,-7,0,0.035723627,0.109999999,0,0,0,.,.,.
CUBA,40,1987,7,0,0,0,3.913000107,9.230045319,1.694107056,0,0,0,0,-7,0,0.035723627,0.109999999,0,0,0,.,.,.
CUBA,40,1988,7,0,0,0,3.900000095,9.239995956,1.694107056,0,0,0,0,-7,0,0.035723627,0.109999999,0,0,0,.,.,.
CUBA,40,1989,7,0,0,0,3.99000001,9.250714302,1.694107056,0,0,0,0,-7,0,0.035723627,0.109999999,0,0,0,.,.,.
CUBA,40,1990,7,0,0,0,4.059000015,9.261318207,1.694107056,0,0,0,0,-7,0,0.035723627,0.109999999,0,0,0,.,.,.
CUBA,40,1991,7,0,0,0,3.980000019,9.271811485,1.694107056,0,0,0,0,-7,0,0.035723627,0.109999999,0,0,0,.,.,.
CUBA,40,1992,7,0,0,0,3.986000061,9.281357765,1.694107056,0,0,0,0,-7,0,0.035723627,0.109999999,0,0,0,.,.,.
CUBA,40,1993,7,0,0,0,.,9.288227081,1.694107056,0,0,0,0,-7,0,0.035723627,0.109999999,0,0,0,.,.,.
CUBA,40,1994,7,0,0,0,.,9.293669701,1.694107056,0,0,0,0,-7,0,0.035723627,0.109999999,0,0,0,.,.,.
CUBA,40,1995,7,0,0,0,.,9.297985077,1.694107056,0,0,0,0,-7,0,0.035723627,0.109999999,0,0,0,.,.,.
CUBA,40,1996,7,0,0,0,.,9.302372932,1.694107056,0,0,0,0,-7,0,0.035723627,0.109999999,0,0,0,.,.,.
CUBA,40,1997,7,0,0,0,.,9.307375908,1.694107056,0,0,0,0,-7,0,0.035723627,0.109999999,0,0,0,.,.,.
CUBA,40,1998,7,0,0,0,.,9.31099987,1.694107056,0,0,0,0,-7,0,0.035723627,0.109999999,0,0,0,.,.,.
CUBA,40,1999,7,0,0,0,.,9.31498909,1.694107056,0,0,0,0,-7,0,0.035723627,0.109999999,0,0,0,.,.,.
HAITI,41,1945,7,0,0,0,.,7.982074738,2.797281265,0,0,0,0,0,1,0.01359123,0.050000001,1,1,1,.,.,.
HAITI,41,1946,7,0,0,0,.,7.982074738,2.797281265,0,0,0,0,0,1,0.01359123,0.050000001,0,0,0,.,.,.
HAITI,41,1947,7,0,0,0,0.764999986,7.992944717,2.797281265,0,0,0,1,-1,1,0.01359123,0.050000001,0,0,0,.,.,.
HAITI,41,1948,7,0,0,0,0.764999986,8.014335632,2.797281265,0,0,0,1,-2,1,0.01359123,0.050000001,0,0,0,.,.,.
HAITI,41,1949,7,0,0,0,0.76700002,8.026169777,2.797281265,0,0,0,1,-3,1,0.01359123,0.050000001,0,0,0,.,.,.
HAITI,41,1950,7,0,0,0,0.859000027,8.038188934,2.797281265,0,0,0,1,-4,1,0.01359123,0.050000001,0,0,0,.,.,.
HAITI,41,1951,7,0,0,0,0.856000006,8.054840088,2.797281265,0,0,0,1,-5,1,0.01359123,0.050000001,0,0,0,.,.,.
HAITI,41,1952,7,0,0,0,0.861000001,8.067149162,2.797281265,0,0,0,1,-5,1,0.01359123,0.050000001,0,0,0,.,.,.
HAITI,41,1953,7,0,0,0,0.819999993,8.086717606,2.797281265,0,0,0,0,-5,1,0.01359123,0.050000001,0,0,0,.,.,.
HAITI,41,1954,7,0,0,0,0.89200002,8.102283478,2.797281265,0,0,0,0,-5,1,0.01359123,0.050000001,0,0,0,.,.,.
HAITI,41,1955,7,0,0,0,0.866999984,8.117908478,2.797281265,0,0,0,0,-5,1,0.01359123,0.050000001,0,0,0,.,.,.
HAITI,41,1956,7,0,0,0,0.91900003,8.133587837,2.797281265,0,0,0,0,-5,1,0.01359123,0.050000001,.,.,.,.,.,.
HAITI,41,1957,7,0,0,0,0.898000002,8.14902401,2.797281265,0,0,0,0,-5,1,0.01359123,0.050000001,0,0,0,.,.,.
HAITI,41,1958,7,0,0,0,0.888999999,8.164510727,2.797281265,0,0,0,0,-5,1,0.01359123,0.050000001,0,0,0,.,.,.
HAITI,41,1959,7,0,0,0,0.91900003,8.179760933,2.797281265,0,0,0,1,-8,0,0.01359123,0.050000001,0,0,0,.,.,.
HAITI,41,1960,7,0,0,0,0.92900002,8.195057869,2.797281265,0,0,0,1,-8,0,0.01359123,0.050000001,0,0,0,.,.,.
HAITI,41,1961,7,0,0,0,0.924000025,8.257644653,2.797281265,0,0,0,1,-8,0,0.01359123,0.050000001,0,0,0,.,.,.
HAITI,41,1962,7,0,0,0,0.879000008,8.274611473,2.797281265,0,0,0,0,-9,0,0.01359123,0.050000001,0,0,0,.,.,.
HAITI,41,1963,7,0,0,0,0.907999992,8.291546822,2.797281265,0,0,0,0,-9,0,0.01359123,0.050000001,0,0,0,.,.,.
HAITI,41,1964,7,0,0,0,0.888999999,8.30844593,2.797281265,0,0,0,0,-9,0,0.01359123,0.050000001,0,0,0,.,.,.
HAITI,41,1965,7,0,0,0,0.878000021,8.325305939,2.797281265,0,0,0,0,-9,0,0.01359123,0.050000001,0,0,0,.,.,.
HAITI,41,1966,7,0,0,0,0.893999994,8.342124939,2.797281265,0,0,0,0,-9,0,0.01359123,0.050000001,0,0,0,.,.,.
HAITI,41,1967,7,0,0,0,0.89200002,8.356084824,2.797281265,0,0,0,0,-9,0,0.01359123,0.050000001,0,0,0,.,.,.
HAITI,41,1968,7,0,0,0,0.837000012,8.370084763,2.797281265,0,0,0,0,-9,0,0.01359123,0.050000001,0,0,0,.,.,.
HAITI,41,1969,7,0,0,0,0.838999987,8.384119034,2.797281265,0,0,0,0,-9,0,0.01359123,0.050000001,0,0,0,.,.,.
HAITI,41,1970,7,0,0,0,0.848999977,8.397733688,2.797281265,0,0,0,0,-9,0,0.01359123,0.050000001,0,0,0,.,.,.
HAITI,41,1971,7,0,0,0,0.833999991,8.41958046,2.797281265,0,0,0,0,-9,0,0.01359123,0.050000001,0,0,0,.,.,.
HAITI,41,1972,7,0,0,0,0.893999994,8.433376312,2.797281265,0,0,0,0,-10,0,0.01359123,0.050000001,0,0,0,.,.,.
HAITI,41,1973,7,0,0,0,0.882000029,8.450411797,2.797281265,0,0,0,0,-10,0,0.01359123,0.050000001,0,0,0,.,.,.
HAITI,41,1974,7,0,0,0,0.856000006,8.467372894,2.797281265,0,0,0,0,-10,0,0.01359123,0.050000001,0,0,0,.,.,.
HAITI,41,1975,7,0,0,0,0.883000016,8.484256744,2.797281265,0,0,0,0,-10,0,0.01359123,0.050000001,0,0,0,.,.,.
HAITI,41,1976,7,0,0,0,0.842999995,8.501063347,2.797281265,0,0,0,0,-10,0,0.01359123,0.050000001,0,0,0,.,.,.
HAITI,41,1977,7,0,0,0,0.911000013,8.517792702,2.797281265,0,0,0,0,-10,0,0.01359123,0.050000001,0,0,0,.,.,.
HAITI,41,1978,7,0,0,0,0.920000017,8.534443855,2.797281265,0,0,0,0,-9,0,0.01359123,0.050000001,0,0,0,.,.,.
HAITI,41,1979,7,0,0,0,0.943000019,8.551208496,2.797281265,0,0,0,0,-9,0,0.01359123,0.050000001,0,0,0,.,.,.
HAITI,41,1980,7,0,0,0,0.966000021,8.568076134,2.797281265,0,0,0,0,-9,0,0.01359123,0.050000001,0,0,0,.,.,.
HAITI,41,1981,7,0,0,0,1.032999992,8.585412025,2.797281265,0,0,0,0,-9,0,0.01359123,0.050000001,0,0,0,.,.,.
HAITI,41,1982,7,0,0,0,1.00999999,8.603003502,2.797281265,0,0,0,0,-9,0,0.01359123,0.050000001,0,0,0,.,.,.
HAITI,41,1983,7,0,0,0,0.933000028,8.620832443,2.797281265,0,0,0,0,-9,0,0.01359123,0.050000001,0,0,0,.,.,.
HAITI,41,1984,7,0,0,0,0.926999986,8.639057159,2.797281265,0,0,0,0,-9,0,0.01359123,0.050000001,0,0,0,.,.,.
HAITI,41,1985,7,0,0,0,0.90200001,8.657650948,2.797281265,0,0,0,0,-9,0,0.01359123,0.050000001,0,0,0,.,.,.
HAITI,41,1986,7,0,0,0,0.911000013,8.676757813,2.797281265,0,0,0,0,-9,0,0.01359123,0.050000001,0,0,0,.,.,.
HAITI,41,1987,7,0,0,0,0.90200001,8.696175575,2.797281265,0,0,0,1,-8,0,0.01359123,0.050000001,0,0,0,.,.,.
HAITI,41,1988,7,0,0,0,0.882000029,8.715880394,2.797281265,0,0,0,1,-8,0,0.01359123,0.050000001,0,0,0,.,.,.
HAITI,41,1989,7,0,0,0,0.848999977,8.735686302,2.797281265,0,0,0,1,-7,0,0.01359123,0.050000001,0,0,0,.,.,.
HAITI,41,1990,7,0,0,0,0.833999991,8.755579948,2.797281265,0,0,0,1,-6,0,0.01359123,0.050000001,1,1,1,.,.,.
HAITI,41,1991,7,1,0,0,0.851000011,8.77740097,2.797281265,0,0,0,1,7,0,0.01359123,0.050000001,1,1,1,.,.,.
HAITI,41,1992,7,0,0,1,0.836000025,8.798605919,2.797281265,0,0,0,1,-7,0,0.01359123,0.050000001,1,1,1,.,.,.
HAITI,41,1993,7,0,0,1,0.711000025,8.818778038,2.797281265,0,0,0,1,-7,0,0.01359123,0.050000001,1,1,1,.,.,.
HAITI,41,1994,7,0,0,1,0.680000007,8.833544731,2.797281265,0,0,0,1,-7,0,0.01359123,0.050000001,0,0,0,.,.,.
HAITI,41,1995,7,0,0,1,0.611000001,8.854955673,2.797281265,0,0,0,1,7,0,0.01359123,0.050000001,0,0,0,.,.,.
HAITI,41,1996,7,0,0,1,0.623000026,8.877382278,2.797281265,0,0,0,1,7,0,0.01359123,0.050000001,0,0,0,.,.,.
HAITI,41,1997,7,0,0,0,0.625999987,8.900548935,2.797281265,0,0,0,1,7,0,0.01359123,0.050000001,0,0,0,.,.,.
HAITI,41,1998,7,0,0,0,0.620999992,8.921590805,2.797281265,0,0,0,0,7,0,0.01359123,0.050000001,0,0,0,.,.,.
HAITI,41,1999,7,0,0,0,0.626999974,8.940455437,2.797281265,0,0,0,0,7,0,0.01359123,0.050000001,0,0,0,.,.,.
DOMINICAN REP.,42,1945,7,0,0,0,.,7.543802738,2.856470108,0,0,0,0,-9,0,0.036988795,0.159999996,1,0,0,.,.,.
DOMINICAN REP.,42,1946,7,0,0,0,.,7.543802738,2.856470108,0,0,0,0,-9,0,0.036988795,0.159999996,1,0,0,.,.,.
DOMINICAN REP.,42,1947,7,0,0,0,0.667999983,7.567862511,2.856470108,0,0,0,0,-9,0,0.036988795,0.159999996,1,0,0,.,.,.
DOMINICAN REP.,42,1948,7,0,0,0,0.731000006,7.591861725,2.856470108,0,0,0,0,-9,0,0.036988795,0.159999996,1,0,0,.,.,.
DOMINICAN REP.,42,1949,7,0,0,0,0.782000005,7.618742466,2.856470108,0,0,0,0,-9,0,0.036988795,0.159999996,1,0,0,.,.,.
DOMINICAN REP.,42,1950,7,0,0,0,0.911000013,7.647308826,2.856470108,0,0,0,0,-9,0,0.036988795,0.159999996,1,0,0,.,.,.
DOMINICAN REP.,42,1951,7,0,0,0,0.949000001,7.797701836,2.856470108,0,0,0,0,-9,0,0.036988795,0.159999996,1,0,0,.,.,.
DOMINICAN REP.,42,1952,7,0,0,0,1.065000057,7.829630375,2.856470108,0,0,0,0,-9,0,0.036988795,0.159999996,1,0,0,.,.,.
DOMINICAN REP.,42,1953,7,0,0,0,1.065000057,7.860956192,2.856470108,0,0,0,0,-9,0,0.036988795,0.159999996,1,0,0,.,.,.
DOMINICAN REP.,42,1954,7,0,0,0,1.024000049,7.891330719,2.856470108,0,0,0,0,-9,0,0.036988795,0.159999996,1,0,0,.,.,.
DOMINICAN REP.,42,1955,7,0,0,0,1.059000015,7.920446396,2.856470108,0,0,0,0,-9,0,0.036988795,0.159999996,1,0,0,.,.,.
DOMINICAN REP.,42,1956,7,0,0,0,1.082000017,7.949091434,2.856470108,0,0,0,0,-9,0,0.036988795,0.159999996,1,0,0,.,.,.
DOMINICAN REP.,42,1957,7,0,0,0,1.154999971,7.985824585,2.856470108,0,0,0,0,-9,0,0.036988795,0.159999996,1,0,0,.,.,.
DOMINICAN REP.,42,1958,7,0,0,0,1.197000027,8.020927429,2.856470108,0,0,0,0,-9,0,0.036988795,0.159999996,1,0,0,.,.,.
DOMINICAN REP.,42,1959,7,0,0,0,1.22300005,8.054840088,2.856470108,0,0,0,0,-9,0,0.036988795,0.159999996,1,0,0,.,.,.
DOMINICAN REP.,42,1960,7,0,0,0,1.162999988,8.087640762,2.856470108,0,0,0,0,-9,0,0.036988795,0.159999996,1,0,0,.,.,.
DOMINICAN REP.,42,1961,7,0,0,0,1.195000052,8.109225273,2.856470108,0,0,0,0,-9,0,0.036988795,0.159999996,1,0,0,.,.,.
DOMINICAN REP.,42,1962,7,0,0,0,1.143000007,8.137688637,2.856470108,0,0,0,1,-3,1,0.036988795,0.159999996,1,0,0,.,.,.
DOMINICAN REP.,42,1963,7,0,0,0,1.353999972,8.166215897,2.856470108,0,0,0,1,3,1,0.036988795,0.159999996,1,0,0,.,.,.
DOMINICAN REP.,42,1964,7,0,0,0,1.43900001,8.194781303,2.856470108,0,0,0,1,8,0,0.036988795,0.159999996,1,0,0,.,.,.
DOMINICAN REP.,42,1965,7,1,0,0,1.503999949,8.223359108,2.856470108,0,0,0,1,0,1,0.036988795,0.159999996,1,0,0,.,.,.
DOMINICAN REP.,42,1966,7,0,0,1,1.271000028,8.251924515,2.856470108,0,0,0,1,0,1,0.036988795,0.159999996,1,0,0,.,.,.
DOMINICAN REP.,42,1967,7,0,0,0,1.414000034,8.280203819,2.856470108,0,0,0,1,-3,1,0.036988795,0.159999996,1,0,0,.,.,.
DOMINICAN REP.,42,1968,7,0,0,0,1.396000028,8.308938026,2.856470108,0,0,0,1,-3,1,0.036988795,0.159999996,1,0,0,.,.,.
DOMINICAN REP.,42,1969,7,0,0,0,1.368999958,8.33758831,2.856470108,0,0,0,1,-3,1,0.036988795,0.159999996,1,0,0,.,.,.
DOMINICAN REP.,42,1970,7,0,0,0,1.463999987,8.365904808,2.856470108,0,0,0,0,-3,1,0.036988795,0.159999996,1,0,0,.,.,.
DOMINICAN REP.,42,1971,7,0,0,0,1.536000013,8.394573212,2.856470108,0,0,0,0,-3,1,0.036988795,0.159999996,1,0,0,.,.,.
DOMINICAN REP.,42,1972,7,0,0,0,1.65199995,8.422442436,2.856470108,0,0,0,0,-3,1,0.036988795,0.159999996,1,0,0,.,.,.
DOMINICAN REP.,42,1973,7,0,0,0,1.792000055,8.449342728,2.856470108,0,0,0,0,-3,1,0.036988795,0.159999996,1,0,0,.,.,.
DOMINICAN REP.,42,1974,7,0,0,0,1.916000009,8.475746155,2.856470108,0,0,0,0,-3,1,0.036988795,0.159999996,1,0,0,.,.,.
DOMINICAN REP.,42,1975,7,0,0,0,2.078999996,8.501470566,2.856470108,0,0,0,0,-3,1,0.036988795,0.159999996,1,0,0,.,.,.
DOMINICAN REP.,42,1976,7,0,0,0,1.960999966,8.526747704,2.856470108,0,0,0,0,-3,1,0.036988795,0.159999996,1,0,0,.,.,.
DOMINICAN REP.,42,1977,7,0,0,0,2.056999922,8.551594734,2.856470108,0,0,0,0,-3,1,0.036988795,0.159999996,1,0,0,.,.,.
DOMINICAN REP.,42,1978,7,0,0,0,2.09800005,8.575651169,2.856470108,0,0,0,0,-3,1,0.036988795,0.159999996,1,0,0,.,.,.
DOMINICAN REP.,42,1979,7,0,0,0,2.092000008,8.599510193,2.856470108,0,0,0,1,6,0,0.036988795,0.159999996,1,0,0,.,.,.
DOMINICAN REP.,42,1980,7,0,0,0,2.101999998,8.623533249,2.856470108,0,0,0,1,6,0,0.036988795,0.159999996,1,0,0,.,.,.
DOMINICAN REP.,42,1981,7,0,0,0,2.342999935,8.647694588,2.856470108,0,0,0,1,6,0,0.036988795,0.159999996,1,0,0,.,.,.
DOMINICAN REP.,42,1982,7,0,0,0,2.285000086,8.671972275,2.856470108,0,0,0,0,6,0,0.036988795,0.159999996,1,0,0,.,.,.
DOMINICAN REP.,42,1983,7,0,0,0,2.256000042,8.696510315,2.856470108,0,0,0,0,6,0,0.036988795,0.159999996,1,0,0,.,.,.
DOMINICAN REP.,42,1984,7,0,0,0,2.282999992,8.720787048,2.856470108,0,0,0,0,6,0,0.036988795,0.159999996,1,0,0,.,.,.
DOMINICAN REP.,42,1985,7,0,0,0,2.157000065,8.744328499,2.856470108,0,0,0,0,6,0,0.036988795,0.159999996,1,0,0,.,.,.
DOMINICAN REP.,42,1986,7,0,0,0,2.111000061,8.766550064,2.856470108,0,0,0,0,6,0,0.036988795,0.159999996,1,0,0,.,.,.
DOMINICAN REP.,42,1987,7,0,0,0,2.160000086,8.787830353,2.856470108,0,0,0,0,6,0,0.036988795,0.159999996,1,0,0,.,.,.
DOMINICAN REP.,42,1988,7,0,0,0,2.230999947,8.808070183,2.856470108,0,0,0,0,6,0,0.036988795,0.159999996,1,0,0,.,.,.
DOMINICAN REP.,42,1989,7,0,0,0,2.306999922,8.827614784,2.856470108,0,0,0,0,6,0,0.036988795,0.159999996,1,0,0,.,.,.
DOMINICAN REP.,42,1990,7,0,0,0,2.430000067,8.846209526,2.856470108,0,0,0,0,6,0,0.036988795,0.159999996,1,0,0,.,.,.
DOMINICAN REP.,42,1991,7,0,0,0,2.165999889,8.864181519,2.856470108,0,0,0,0,6,0,0.036988795,0.159999996,1,0,0,.,.,.
DOMINICAN REP.,42,1992,7,0,0,0,2.111000061,8.881419182,2.856470108,0,0,0,0,6,0,0.036988795,0.159999996,1,0,0,.,.,.
DOMINICAN REP.,42,1993,7,0,0,0,2.25,8.89850235,2.856470108,0,0,0,0,6,0,0.036988795,0.159999996,1,0,0,.,.,.
DOMINICAN REP.,42,1994,7,0,0,0,2.273999929,8.928664207,2.856470108,0,0,0,0,6,0,0.036988795,0.159999996,1,0,0,.,.,.
DOMINICAN REP.,42,1995,7,0,0,0,2.325999975,8.947088242,2.856470108,0,0,0,0,5,1,0.036988795,0.159999996,1,0,0,.,.,.
DOMINICAN REP.,42,1996,7,0,0,0,2.395999908,8.964823723,2.856470108,0,0,0,0,5,1,0.036988795,0.159999996,1,0,0,.,.,.
DOMINICAN REP.,42,1997,7,0,0,0,2.525000095,8.982633591,2.856470108,0,0,0,1,8,0,0.036988795,0.159999996,1,0,0,.,.,.
DOMINICAN REP.,42,1998,7,0,0,0,2.683000088,9.000518799,2.856470108,0,0,0,1,8,0,0.036988795,0.159999996,1,0,0,.,.,.
DOMINICAN REP.,42,1999,7,0,0,0,2.828999996,9.01847744,2.856470108,0,0,0,1,8,0,0.036988795,0.159999996,1,0,0,.,.,.
JAMAICA,51,1962,7,0,0,0,1.809999943,7.419980049,1.335001111,0,0,1,0,10,0,0.045766652,0.072999999,1,0,0,.,.,.
JAMAICA,51,1963,7,0,0,0,1.809999943,7.419980049,1.335001111,0,0,1,0,10,0,0.045766652,0.072999999,1,0,0,.,.,.
JAMAICA,51,1964,7,0,0,0,1.809000015,7.433666706,1.335001111,0,0,0,0,10,0,0.045766652,0.072999999,1,0,0,.,.,.
JAMAICA,51,1965,7,0,0,0,1.980000019,7.447751045,1.335001111,0,0,0,0,10,0,0.045766652,0.072999999,1,0,0,.,.,.
JAMAICA,51,1966,7,0,0,0,2.104000092,7.462214947,1.335001111,0,0,0,0,10,0,0.045766652,0.072999999,1,0,0,.,.,.
JAMAICA,51,1967,7,0,0,0,2.178999901,7.476472378,1.335001111,0,0,0,0,10,0,0.045766652,0.072999999,1,0,0,.,.,.
JAMAICA,51,1968,7,0,0,0,2.233999968,7.490529537,1.335001111,0,0,0,0,10,0,0.045766652,0.072999999,1,0,0,.,.,.
JAMAICA,51,1969,7,0,0,0,2.496999979,7.50439167,1.335001111,0,0,0,0,10,0,0.045766652,0.072999999,1,0,0,.,.,.
JAMAICA,51,1970,7,0,0,0,2.604000092,7.51914978,1.335001111,0,0,0,0,10,0,0.045766652,0.072999999,1,0,0,.,.,.
JAMAICA,51,1971,7,0,0,0,2.644999981,7.533158779,1.335001111,0,0,0,0,10,0,0.045766652,0.072999999,1,0,0,.,.,.
JAMAICA,51,1972,7,0,0,0,2.723999977,7.547501564,1.335001111,0,0,0,0,10,0,0.045766652,0.072999999,1,0,0,.,.,.
JAMAICA,51,1973,7,0,0,0,3.098999977,7.562681198,1.335001111,0,0,0,0,10,0,0.045766652,0.072999999,1,0,0,.,.,.
JAMAICA,51,1974,7,0,0,0,2.838000059,7.578145504,1.335001111,0,0,0,0,10,0,0.045766652,0.072999999,1,0,0,.,.,.
JAMAICA,51,1975,7,0,0,0,2.921999931,7.593374252,1.335001111,0,0,0,0,10,0,0.045766652,0.072999999,1,0,0,.,.,.
JAMAICA,51,1976,7,0,0,0,2.915999889,7.607381344,1.335001111,0,0,0,0,10,0,0.045766652,0.072999999,1,0,0,.,.,.
JAMAICA,51,1977,7,0,0,0,2.786999941,7.620214939,1.335001111,0,0,0,0,10,0,0.045766652,0.072999999,1,0,0,.,.,.
JAMAICA,51,1978,7,0,0,0,2.719000101,7.631916523,1.335001111,0,0,0,0,10,0,0.045766652,0.072999999,1,0,0,.,.,.
JAMAICA,51,1979,7,0,0,0,2.601000071,7.643003464,1.335001111,0,0,0,0,10,0,0.045766652,0.072999999,1,0,0,.,.,.
JAMAICA,51,1980,7,0,0,0,2.507999897,7.653969288,1.335001111,0,0,0,0,10,0,0.045766652,0.072999999,.,.,.,.,.,.
JAMAICA,51,1981,7,0,0,0,2.361999989,7.665284634,1.335001111,0,0,0,0,10,0,0.045766652,0.072999999,.,.,.,.,.,.
JAMAICA,51,1982,7,0,0,0,2.365999937,7.676937103,1.335001111,0,0,0,0,10,0,0.045766652,0.072999999,.,.,.,.,.,.
JAMAICA,51,1983,7,0,0,0,2.388999939,7.689371109,1.335001111,0,0,0,0,10,0,0.045766652,0.072999999,.,.,.,.,.,.
JAMAICA,51,1984,7,0,0,0,2.394999981,7.701200008,1.335001111,0,0,0,0,10,0,0.045766652,0.072999999,.,.,.,.,.,.
JAMAICA,51,1985,7,0,0,0,2.354000092,7.712443829,1.335001111,0,0,0,0,10,0,0.045766652,0.072999999,.,.,.,.,.,.
JAMAICA,51,1986,7,0,0,0,2.214999914,7.723120213,1.335001111,0,0,0,0,10,0,0.045766652,0.072999999,.,.,.,.,.,.
JAMAICA,51,1987,7,0,0,0,2.217999935,7.732807636,1.335001111,0,0,0,0,10,0,0.045766652,0.072999999,.,.,.,.,.,.
JAMAICA,51,1988,7,0,0,0,2.308000088,7.741533756,1.335001111,0,0,0,0,10,0,0.045766652,0.072999999,.,.,.,.,.,.
JAMAICA,51,1989,7,0,0,0,2.443000078,7.749753475,1.335001111,0,0,0,0,10,0,0.045766652,0.072999999,1,0,0,.,.,.
JAMAICA,51,1990,7,0,0,0,2.532999992,7.757478714,1.335001111,0,0,0,0,10,0,0.045766652,0.072999999,1,0,0,.,.,.
JAMAICA,51,1991,7,0,0,0,2.545000076,7.76472044,1.335001111,0,0,0,0,10,0,0.045766652,0.072999999,1,0,0,.,.,.
JAMAICA,51,1992,7,0,0,0,2.440000057,7.773173809,1.335001111,0,0,0,0,10,0,0.045766652,0.072999999,0,0,0,.,.,.
JAMAICA,51,1993,7,0,0,0,2.454999924,7.811973572,1.335001111,0,0,0,0,10,0,0.045766652,0.072999999,0,0,0,.,.,.
JAMAICA,51,1994,7,0,0,0,2.46600008,7.812621117,1.335001111,0,0,0,0,9,0,0.045766652,0.072999999,0,0,0,.,.,.
JAMAICA,51,1995,7,0,0,0,2.493000031,7.822444916,1.335001111,0,0,0,0,9,0,0.045766652,0.072999999,0,0,0,.,.,.
JAMAICA,51,1996,7,0,0,0,2.484999895,7.832847118,1.335001111,0,0,0,0,9,0,0.045766652,0.072999999,0,0,0,.,.,.
JAMAICA,51,1997,7,0,0,0,2.438999891,7.839131832,1.335001111,0,0,0,0,9,0,0.045766652,0.072999999,0,0,0,.,.,.
JAMAICA,51,1998,7,0,0,0,2.374000072,7.845416069,1.335001111,0,0,0,0,9,0,0.045766652,0.072999999,0,0,0,.,.,.
JAMAICA,51,1999,7,0,0,0,2.342000008,7.854249001,1.335001111,0,0,0,0,9,0,0.045766652,0.072999999,0,0,0,.,.,.
TRINIDAD & TOBAGO,52,1962,7,0,0,0,6.001999855,6.731018066,0,0,1,1,0,8,0,0.558431506,0.395999998,1,1,1,.,.,.
TRINIDAD & TOBAGO,52,1963,7,0,0,0,6.001999855,6.731018066,0,0,1,1,0,8,0,0.558431506,0.395999998,1,1,1,.,.,.
TRINIDAD & TOBAGO,52,1964,7,0,0,0,6.385000229,6.755768776,0,0,1,0,0,8,0,0.558431506,0.395999998,1,1,1,.,.,.
TRINIDAD & TOBAGO,52,1965,7,0,0,0,6.643000126,6.784457207,0,0,1,0,0,8,0,0.558431506,0.395999998,1,1,1,.,.,.
TRINIDAD & TOBAGO,52,1966,7,0,0,0,6.427999973,6.809039116,0,0,1,0,0,8,0,0.558431506,0.395999998,1,1,1,.,.,.
TRINIDAD & TOBAGO,52,1967,7,0,0,0,6.472000122,6.82979393,0,0,1,0,0,8,0,0.558431506,0.395999998,1,1,1,.,.,.
TRINIDAD & TOBAGO,52,1968,7,0,0,0,6.552999973,6.844815254,0,0,1,0,0,8,0,0.558431506,0.395999998,1,1,1,.,.,.
TRINIDAD & TOBAGO,52,1969,7,0,0,0,6.18599987,6.855408669,0,0,1,0,0,8,0,0.558431506,0.395999998,1,1,1,.,.,.
TRINIDAD & TOBAGO,52,1970,7,0,0,0,7.092000008,6.862757683,0,0,1,0,0,8,0,0.558431506,0.395999998,1,1,1,.,.,.
TRINIDAD & TOBAGO,52,1971,7,0,0,0,6.795000076,6.878326416,0,0,1,0,0,8,0,0.558431506,0.395999998,1,1,1,.,.,.
TRINIDAD & TOBAGO,52,1972,7,0,0,0,7.348999977,6.888572693,0,0,1,0,0,8,0,0.558431506,0.395999998,1,1,1,.,.,.
TRINIDAD & TOBAGO,52,1973,7,0,0,0,7.559999943,6.896694183,0,0,1,0,0,8,0,0.558431506,0.395999998,1,1,1,.,.,.
TRINIDAD & TOBAGO,52,1974,7,0,0,0,7.670000076,6.902742863,0,0,1,0,0,8,0,0.558431506,0.395999998,1,1,1,.,.,.
TRINIDAD & TOBAGO,52,1975,7,0,0,0,7.918000221,6.910750866,0,0,1,0,0,8,0,0.558431506,0.395999998,1,1,1,.,.,.
TRINIDAD & TOBAGO,52,1976,7,0,0,0,7.989999771,6.919683933,0,0,1,0,0,8,0,0.558431506,0.395999998,1,1,1,.,.,.
TRINIDAD & TOBAGO,52,1977,7,0,0,0,8.774999619,6.930494785,0,0,1,0,0,8,0,0.558431506,0.395999998,1,1,1,.,.,.
TRINIDAD & TOBAGO,52,1978,7,0,0,0,9.387000084,6.944087029,0,0,1,0,0,8,0,0.558431506,0.395999998,1,1,1,.,.,.
TRINIDAD & TOBAGO,52,1979,7,0,0,0,10.2489996,6.957497597,0,0,1,0,0,8,0,0.558431506,0.395999998,1,1,1,.,.,.
TRINIDAD & TOBAGO,52,1980,7,0,0,0,10.80200005,6.972606182,0,0,1,0,0,8,0,0.558431506,0.395999998,1,1,1,.,.,.
TRINIDAD & TOBAGO,52,1981,7,0,0,0,11.26200008,6.986566544,0,0,1,0,0,8,0,0.558431506,0.395999998,1,1,1,.,.,.
TRINIDAD & TOBAGO,52,1982,7,0,0,0,11.73799992,7.000334263,0,0,1,0,0,8,0,0.558431506,0.395999998,1,1,1,.,.,.
TRINIDAD & TOBAGO,52,1983,7,0,0,0,11.36800003,7.014814377,0,0,1,0,0,8,0,0.558431506,0.395999998,1,1,1,.,.,.
TRINIDAD & TOBAGO,52,1984,7,0,0,0,10.43299961,7.029087543,0,0,1,0,0,8,0,0.558431506,0.395999998,1,1,1,.,.,.
TRINIDAD & TOBAGO,52,1985,7,0,0,0,8.272999763,7.042286396,0,0,1,0,0,9,0,0.558431506,0.395999998,1,1,1,.,.,.
TRINIDAD & TOBAGO,52,1986,7,0,0,0,9.701000214,7.056175232,0,0,1,0,0,9,0,0.558431506,0.395999998,1,1,1,.,.,.
TRINIDAD & TOBAGO,52,1987,7,0,0,0,9.637000084,7.069874287,0,0,1,0,0,9,0,0.558431506,0.395999998,1,1,1,.,.,.
TRINIDAD & TOBAGO,52,1988,7,0,0,0,8.630000114,7.082548618,0,0,1,0,0,9,0,0.558431506,0.395999998,1,1,1,.,.,.
TRINIDAD & TOBAGO,52,1989,7,0,0,0,8.085000038,7.095064163,0,0,1,0,0,9,0,0.558431506,0.395999998,1,1,1,.,.,.
TRINIDAD & TOBAGO,52,1990,7,0,0,0,7.81799984,7.10742569,0,0,1,0,0,9,0,0.558431506,0.395999998,1,1,1,.,.,.
TRINIDAD & TOBAGO,52,1991,7,0,0,0,7.763999939,7.119635582,0,0,1,0,0,9,0,0.558431506,0.395999998,1,1,1,.,.,.
TRINIDAD & TOBAGO,52,1992,7,0,0,0,8.241000175,7.133296013,0,0,1,0,0,9,0,0.558431506,0.395999998,1,1,1,.,.,.
TRINIDAD & TOBAGO,52,1993,7,0,0,0,8.041000366,7.138866901,0,0,1,0,0,9,0,0.558431506,0.395999998,1,1,1,.,.,.
TRINIDAD & TOBAGO,52,1994,7,0,0,0,7.867000103,7.142858982,0,0,1,0,0,9,0,0.558431506,0.395999998,1,1,1,.,.,.
TRINIDAD & TOBAGO,52,1995,7,0,0,0,8.092000008,7.151289463,0,0,1,0,0,9,0,0.558431506,0.395999998,0,0,0,.,.,.
TRINIDAD & TOBAGO,52,1996,7,0,0,0,8.354999542,7.160068989,0,0,1,0,0,9,0,0.558431506,0.395999998,0,0,0,.,.,.
TRINIDAD & TOBAGO,52,1997,7,0,0,0,8.619000435,7.16780901,0,0,1,0,0,9,0,0.558431506,0.395999998,0,0,0,.,.,.
TRINIDAD & TOBAGO,52,1998,7,0,0,0,8.833999634,7.175719261,0,0,1,0,0,10,0,0.558431506,0.395999998,0,0,0,.,.,.
TRINIDAD & TOBAGO,52,1999,7,0,0,0,9.201999664,7.183187485,0,0,1,0,0,10,0,0.558431506,0.395999998,0,0,0,.,.,.
MEXICO,70,1945,7,0,0,0,1.835000038,10.02464294,3.471966505,0,0,0,0,-6,0,0.30510819,0.300000012,1,0,0,.,.,.
MEXICO,70,1946,7,0,0,0,1.835000038,10.02464294,3.471966505,0,0,0,0,-6,0,0.30510819,0.300000012,1,0,0,.,.,.
MEXICO,70,1947,7,0,0,0,1.942000031,10.05113125,3.471966505,0,0,0,0,-6,0,0.30510819,0.300000012,1,0,0,.,.,.
MEXICO,70,1948,7,0,0,0,2.058000088,10.07786083,3.471966505,0,0,0,0,-6,0,0.30510819,0.300000012,1,0,0,.,.,.
MEXICO,70,1949,7,0,0,0,2.040999889,10.1047945,3.471966505,0,0,0,0,-6,0,0.30510819,0.300000012,1,0,0,.,.,.
MEXICO,70,1950,7,0,0,0,2.125,10.13189697,3.471966505,0,0,0,0,-6,0,0.30510819,0.300000012,1,0,0,.,.,.
MEXICO,70,1951,7,0,0,0,2.197999954,10.23009014,3.471966505,0,0,0,0,-6,0,0.30510819,0.300000012,1,0,0,.,.,.
MEXICO,70,1952,7,0,0,0,2.338999987,10.26287365,3.471966505,0,0,0,0,-6,0,0.30510819,0.300000012,1,0,0,.,.,.
MEXICO,70,1953,7,0,0,0,2.335999966,10.29458332,3.471966505,0,0,0,0,-6,0,0.30510819,0.300000012,1,0,0,.,.,.
MEXICO,70,1954,7,0,0,0,2.236999989,10.32535076,3.471966505,0,0,0,0,-6,0,0.30510819,0.300000012,1,0,0,.,.,.
MEXICO,70,1955,7,0,0,0,2.397000074,10.35516834,3.471966505,0,0,0,0,-6,0,0.30510819,0.300000012,1,0,0,.,.,.
MEXICO,70,1956,7,0,0,0,2.513999939,10.38430786,3.471966505,0,0,0,0,-6,0,0.30510819,0.300000012,1,0,0,.,.,.
MEXICO,70,1957,7,0,0,0,2.589999914,10.41879272,3.471966505,0,0,0,0,-6,0,0.30510819,0.300000012,1,0,0,.,.,.
MEXICO,70,1958,7,0,0,0,2.710999966,10.4520998,3.471966505,0,0,0,0,-6,0,0.30510819,0.300000012,1,0,0,.,.,.
MEXICO,70,1959,7,0,0,0,2.750999928,10.48450089,3.471966505,0,0,0,0,-6,0,0.30510819,0.300000012,1,0,0,.,.,.
MEXICO,70,1960,7,0,0,0,2.726000071,10.51572323,3.471966505,0,0,0,0,-6,0,0.30510819,0.300000012,1,0,0,.,.,.
MEXICO,70,1961,7,0,0,0,2.835999966,10.55129719,3.471966505,0,0,0,0,-6,0,0.30510819,0.300000012,1,0,0,.,.,.
MEXICO,70,1962,7,0,0,0,2.864000082,10.58334637,3.471966505,0,0,0,0,-6,0,0.30510819,0.300000012,1,0,0,.,.,.
MEXICO,70,1963,7,0,0,0,2.897000074,10.61530972,3.471966505,0,0,0,0,-6,0,0.30510819,0.300000012,1,0,0,.,.,.
MEXICO,70,1964,7,0,0,0,3.019000053,10.64718533,3.471966505,0,0,0,0,-6,0,0.30510819,0.300000012,1,0,0,.,.,.
MEXICO,70,1965,7,0,0,0,3.257999897,10.67927361,3.471966505,0,0,0,0,-6,0,0.30510819,0.300000012,1,0,0,.,.,.
MEXICO,70,1966,7,0,0,0,3.351000071,10.71116829,3.471966505,0,0,0,0,-6,0,0.30510819,0.300000012,1,0,0,.,.,.
MEXICO,70,1967,7,0,0,0,3.467000008,10.74369621,3.471966505,0,0,0,0,-6,0,0.30510819,0.300000012,1,0,0,.,.,.
MEXICO,70,1968,7,0,0,0,3.582000017,10.7762022,3.471966505,0,0,0,0,-6,0,0.30510819,0.300000012,1,0,0,.,.,.
MEXICO,70,1969,7,0,0,0,3.766000032,10.80873775,3.471966505,0,0,0,0,-6,0,0.30510819,0.300000012,1,0,0,.,.,.
MEXICO,70,1970,7,0,0,0,3.845999956,10.84116745,3.471966505,0,0,0,0,-6,0,0.30510819,0.300000012,1,0,0,.,.,.
MEXICO,70,1971,7,0,0,0,3.986999989,10.87369823,3.471966505,0,0,0,0,-6,0,0.30510819,0.300000012,1,0,0,.,.,.
MEXICO,70,1972,7,0,0,0,4.212999821,10.85865307,3.471966505,0,0,0,0,-6,0,0.30510819,0.300000012,1,0,0,.,.,.
MEXICO,70,1973,7,0,0,0,4.403999805,10.89098167,3.471966505,0,0,0,0,-6,0,0.30510819,0.300000012,1,0,0,.,.,.
MEXICO,70,1974,7,0,0,0,4.609000206,10.92285824,3.471966505,0,0,0,0,-6,0,0.30510819,0.300000012,1,0,0,.,.,.
MEXICO,70,1975,7,0,0,0,4.782000065,10.9536972,3.471966505,0,0,0,0,-6,0,0.30510819,0.300000012,1,0,0,.,.,.
MEXICO,70,1976,7,0,0,0,4.927999973,10.98318863,3.471966505,0,0,0,0,-6,0,0.30510819,0.300000012,1,0,0,.,.,.
MEXICO,70,1977,7,0,0,0,4.97300005,11.01138973,3.471966505,0,1,0,0,-6,0,0.30510819,0.300000012,1,0,0,.,.,.
MEXICO,70,1978,7,0,0,0,4.900000095,11.03828716,3.471966505,0,1,0,1,-3,1,0.30510819,0.300000012,1,0,0,.,.,.
MEXICO,70,1979,7,0,0,0,5.208000183,11.06407261,3.471966505,0,1,0,1,-3,1,0.30510819,0.300000012,1,0,0,.,.,.
MEXICO,70,1980,7,0,0,0,5.620999813,11.08896542,3.471966505,0,1,0,1,-3,1,0.30510819,0.300000012,1,0,0,.,.,.
MEXICO,70,1981,7,0,0,0,6.053999901,11.11313438,3.471966505,0,1,0,0,-3,1,0.30510819,0.300000012,1,0,0,.,.,.
MEXICO,70,1982,7,0,0,0,6.467000008,11.13658714,3.471966505,0,1,0,0,-3,1,0.30510819,0.300000012,1,0,0,.,.,.
MEXICO,70,1983,7,0,0,0,5.941999912,11.15946007,3.471966505,0,1,0,0,-3,1,0.30510819,0.300000012,1,0,0,.,.,.
MEXICO,70,1984,7,0,0,0,5.401000023,11.18151474,3.471966505,0,1,0,0,-3,1,0.30510819,0.300000012,1,0,0,.,.,.
MEXICO,70,1985,7,0,0,0,5.524000168,11.20243835,3.471966505,0,1,0,0,-3,1,0.30510819,0.300000012,1,0,0,.,.,.
MEXICO,70,1986,7,0,0,0,5.620999813,11.22211838,3.471966505,0,0,0,0,-3,1,0.30510819,0.300000012,1,0,0,.,.,.
MEXICO,70,1987,7,0,0,0,5.282999992,11.24082756,3.471966505,0,1,0,0,-3,1,0.30510819,0.300000012,1,0,0,.,.,.
MEXICO,70,1988,7,0,0,0,5.262000084,11.25883293,3.471966505,0,0,0,0,-3,1,0.30510819,0.300000012,1,0,0,.,.,.
MEXICO,70,1989,7,0,0,0,5.348999977,11.27635479,3.471966505,0,1,0,1,0,1,0.30510819,0.300000012,1,0,0,.,.,.
MEXICO,70,1990,7,0,0,0,5.565999985,11.29367447,3.471966505,0,1,0,1,0,1,0.30510819,0.300000012,1,0,0,.,.,.
MEXICO,70,1991,7,0,0,0,5.827000141,11.31110287,3.471966505,0,0,0,1,0,1,0.30510819,0.300000012,1,0,0,.,.,.
MEXICO,70,1992,7,0,0,0,6.018000126,11.33027554,3.471966505,0,0,0,0,0,1,0.30510819,0.300000012,1,0,0,.,.,.
MEXICO,70,1993,7,0,0,0,6.252999783,11.3500185,3.471966505,0,0,0,0,0,1,0.30510819,0.300000012,1,0,0,.,.,.
MEXICO,70,1994,7,0,0,0,6.260000229,11.38436508,3.471966505,0,0,0,0,0,1,0.30510819,0.300000012,1,0,0,.,.,.
MEXICO,70,1995,7,0,0,0,6.420000076,11.40253735,3.471966505,0,0,0,1,4,1,0.30510819,0.300000012,1,0,0,.,.,.
MEXICO,70,1996,7,0,0,0,5.919000149,11.42020702,3.471966505,0,0,0,1,4,1,0.30510819,0.300000012,1,0,0,.,.,.
MEXICO,70,1997,7,0,0,0,6.127999783,11.43755531,3.471966505,0,0,0,1,4,1,0.30510819,0.300000012,1,0,0,.,.,.
MEXICO,70,1998,7,0,0,0,6.447999954,11.45475483,3.471966505,0,0,0,0,6,0,0.30510819,0.300000012,1,0,0,.,.,.
MEXICO,70,1999,7,0,0,0,6.672999859,11.47157097,3.471966505,0,0,0,0,6,0,0.30510819,0.300000012,1,0,0,.,.,.
GUATEMALA,90,1945,7,0,0,0,.,7.798933506,3.763522863,0,0,0,0,5,1,0.643684149,0.439999998,0,0,0,.,.,.
GUATEMALA,90,1946,7,0,0,0,.,7.798933506,3.763522863,0,0,0,0,5,1,0.643684149,0.439999998,0,0,0,.,.,.
GUATEMALA,90,1947,7,0,0,0,1.146999955,7.823245525,3.763522863,0,0,0,0,5,1,0.643684149,0.439999998,0,0,0,.,.,.
GUATEMALA,90,1948,7,0,0,0,1.226999998,7.850103378,3.763522863,0,0,0,0,5,1,0.643684149,0.439999998,0,0,0,.,.,.
GUATEMALA,90,1949,7,0,0,0,1.299000025,7.878912926,3.763522863,0,0,0,0,5,1,0.643684149,0.439999998,0,0,0,.,.,.
GUATEMALA,90,1950,7,0,0,0,1.521000028,7.909856796,3.763522863,0,0,0,0,5,1,0.643684149,0.439999998,0,0,0,.,.,.
GUATEMALA,90,1951,7,0,0,0,1.531999946,7.973499775,3.763522863,0,0,0,1,2,1,0.643684149,0.439999998,0,0,0,.,.,.
GUATEMALA,90,1952,7,0,0,0,1.516000032,8.004031181,3.763522863,0,0,0,1,2,1,0.643684149,0.439999998,0,0,0,.,.,.
GUATEMALA,90,1953,7,0,0,0,1.496000051,8.033982277,3.763522863,0,0,0,1,2,1,0.643684149,0.439999998,0,0,0,.,.,.
GUATEMALA,90,1954,7,0,0,0,1.50999999,8.062747955,3.763522863,0,0,0,0,2,1,0.643684149,0.439999998,0,0,0,.,.,.
GUATEMALA,90,1955,7,0,0,0,1.513000011,8.091014862,3.763522863,0,0,0,1,-6,0,0.643684149,0.439999998,0,0,0,.,.,.
GUATEMALA,90,1956,7,0,0,0,1.48300004,8.118206978,3.763522863,0,0,0,1,-6,0,0.643684149,0.439999998,0,0,0,.,.,.
GUATEMALA,90,1957,7,0,0,0,1.557000041,8.149312973,3.763522863,0,0,0,1,-6,0,0.643684149,0.439999998,0,0,0,.,.,.
GUATEMALA,90,1958,7,0,0,0,1.597000003,8.179480553,3.763522863,0,0,0,0,-6,0,0.643684149,0.439999998,0,0,0,.,.,.
GUATEMALA,90,1959,7,0,0,0,1.628999949,8.209035873,3.763522863,0,0,0,0,-5,1,0.643684149,0.439999998,0,0,0,.,.,.
GUATEMALA,90,1960,7,0,0,0,1.646999955,8.23747921,3.763522863,0,0,0,0,-5,1,0.643684149,0.439999998,0,0,0,.,.,.
GUATEMALA,90,1961,7,0,0,0,1.659999967,8.265393257,3.763522863,0,0,0,0,-5,1,0.643684149,0.439999998,0,0,0,.,.,.
GUATEMALA,90,1962,7,0,0,0,1.68599999,8.295548439,3.763522863,0,0,0,0,-5,1,0.643684149,0.439999998,0,0,0,.,.,.
GUATEMALA,90,1963,7,0,0,0,1.694000006,8.326032639,3.763522863,0,0,0,0,-5,1,0.643684149,0.439999998,0,0,0,.,.,.
GUATEMALA,90,1964,7,0,0,0,1.738999963,8.356320381,3.763522863,0,0,0,0,-5,1,0.643684149,0.439999998,0,0,0,.,.,.
GUATEMALA,90,1965,7,0,0,0,1.771000028,8.386629105,3.763522863,0,0,0,0,-5,1,0.643684149,0.439999998,0,0,0,.,.,.
GUATEMALA,90,1966,7,0,0,0,1.781000018,8.416931152,3.763522863,0,0,0,0,-5,1,0.643684149,0.439999998,0,0,0,.,.,.
GUATEMALA,90,1967,7,0,0,0,1.799999952,8.446556091,3.763522863,0,0,0,1,3,1,0.643684149,0.439999998,0,0,0,.,.,.
GUATEMALA,90,1968,7,1,1,0,1.835000038,8.47616291,3.763522863,0,0,0,1,3,1,0.643684149,0.439999998,0,0,0,.,.,.
GUATEMALA,90,1969,7,0,0,1,1.906000018,8.505929947,3.763522863,0,0,0,1,3,1,0.643684149,0.439999998,0,0,0,.,.,.
GUATEMALA,90,1970,7,0,0,1,1.945000052,8.535622597,3.763522863,0,0,0,0,3,1,0.643684149,0.439999998,0,0,0,.,.,.
GUATEMALA,90,1971,7,0,0,1,2.028000116,8.565220833,3.763522863,0,0,0,0,1,1,0.643684149,0.439999998,0,0,0,.,.,.
GUATEMALA,90,1972,7,0,0,1,2.069999933,8.592857361,3.763522863,0,0,0,0,1,1,0.643684149,0.439999998,0,0,0,.,.,.
GUATEMALA,90,1973,7,0,0,1,2.125,8.620471954,3.763522863,0,0,0,0,1,1,0.643684149,0.439999998,0,0,0,.,.,.
GUATEMALA,90,1974,7,0,0,1,2.193000078,8.64804554,3.763522863,0,0,0,0,1,1,0.643684149,0.439999998,0,0,0,.,.,.
GUATEMALA,90,1975,7,0,0,1,2.25999999,8.67573452,3.763522863,0,0,0,1,-3,1,0.643684149,0.439999998,0,0,0,.,.,.
GUATEMALA,90,1976,7,0,0,1,2.240999937,8.70334053,3.763522863,0,0,0,1,-3,1,0.643684149,0.439999998,0,0,0,.,.,.
GUATEMALA,90,1977,7,0,0,1,2.394999981,8.731013298,3.763522863,0,0,0,1,-3,1,0.643684149,0.439999998,0,0,0,.,.,.
GUATEMALA,90,1978,7,0,0,1,2.51699996,8.758569717,3.763522863,0,0,0,0,-3,1,0.643684149,0.439999998,0,0,0,.,.,.
GUATEMALA,90,1979,7,0,0,1,2.575999975,8.786150932,3.763522863,0,0,0,0,-5,1,0.643684149,0.439999998,0,0,0,.,.,.
GUATEMALA,90,1980,7,0,0,1,2.578000069,8.813884735,3.763522863,0,0,0,0,-5,1,0.643684149,0.439999998,0,0,0,.,.,.
GUATEMALA,90,1981,7,0,0,1,2.573999882,8.841737747,3.763522863,0,0,0,0,-5,1,0.643684149,0.439999998,0,0,0,.,.,.
GUATEMALA,90,1982,7,0,0,1,2.53399992,8.869679451,3.763522863,0,0,0,0,-5,1,0.643684149,0.439999998,0,0,0,.,.,.
GUATEMALA,90,1983,7,0,0,1,2.348999977,8.89768219,3.763522863,0,0,0,0,-7,0,0.643684149,0.439999998,0,0,0,.,.,.
GUATEMALA,90,1984,7,0,0,1,2.213999987,8.925852776,3.763522863,0,0,0,0,-7,0,0.643684149,0.439999998,0,0,0,.,.,.
GUATEMALA,90,1985,7,0,0,1,2.184999943,8.954156876,3.763522863,0,0,0,0,-6,0,0.643684149,0.439999998,0,0,0,.,.,.
GUATEMALA,90,1986,7,0,0,1,2.089999914,8.982561111,3.763522863,0,0,0,1,-1,1,0.643684149,0.439999998,0,0,0,.,.,.
GUATEMALA,90,1987,7,0,0,1,2.036999941,9.011157036,3.763522863,0,0,0,1,3,1,0.643684149,0.439999998,0,0,0,.,.,.
GUATEMALA,90,1988,7,0,0,1,2.104000092,9.040026665,3.763522863,0,0,0,1,3,1,0.643684149,0.439999998,0,0,0,.,.,.
GUATEMALA,90,1989,7,0,0,1,2.125,9.068892479,3.763522863,0,0,0,1,3,1,0.643684149,0.439999998,0,0,0,.,.,.
GUATEMALA,90,1990,7,0,0,1,2.137000084,9.09773159,3.763522863,0,0,0,0,3,1,0.643684149,0.439999998,0,0,0,.,.,.
GUATEMALA,90,1991,7,0,0,1,2.127000093,9.12663269,3.763522863,0,0,0,0,3,1,0.643684149,0.439999998,0,0,0,.,.,.
GUATEMALA,90,1992,7,0,0,1,2.151000023,9.155567169,3.763522863,0,0,0,0,3,1,0.643684149,0.439999998,0,0,0,.,.,.
GUATEMALA,90,1993,7,0,0,1,2.246999979,9.184201241,3.763522863,0,0,0,0,3,1,0.643684149,0.439999998,0,0,0,.,.,.
GUATEMALA,90,1994,7,0,0,1,2.275000095,9.154842377,3.763522863,0,0,0,0,3,1,0.643684149,0.439999998,0,0,0,.,.,.
GUATEMALA,90,1995,7,0,0,1,2.305000067,9.181481361,3.763522863,0,0,0,0,3,1,0.643684149,0.439999998,0,0,0,.,.,.
GUATEMALA,90,1996,7,0,0,1,2.357000113,9.207937241,3.763522863,0,0,0,0,3,1,0.643684149,0.439999998,0,0,0,.,.,.
GUATEMALA,90,1997,7,0,0,1,2.362999916,9.234368324,3.763522863,0,0,0,1,8,0,0.643684149,0.439999998,0,0,0,.,.,.
GUATEMALA,90,1998,7,0,0,0,2.40199995,9.260913849,3.763522863,0,0,0,1,8,0,0.643684149,0.439999998,0,0,0,.,.,.
GUATEMALA,90,1999,7,0,0,0,2.45600009,9.28731823,3.763522863,0,0,0,1,8,0,0.643684149,0.439999998,0,0,0,.,.,.
HONDURAS,91,1945,7,0,0,0,.,7.139660358,3.985273361,0,0,0,0,-3,1,0.161732554,0.067000002,0,0,0,.,.,.
HONDURAS,91,1946,7,0,0,0,.,7.139660358,3.985273361,0,0,0,0,-3,1,0.161732554,0.067000002,0,0,0,.,.,.
HONDURAS,91,1947,7,0,0,0,0.898000002,7.160068989,3.985273361,0,0,0,0,-3,1,0.161732554,0.067000002,0,0,0,.,.,.
HONDURAS,91,1948,7,0,0,0,0.912999988,7.185387135,3.985273361,0,0,0,0,-3,1,0.161732554,0.067000002,0,0,0,.,.,.
HONDURAS,91,1949,7,0,0,0,0.927999973,7.21007967,3.985273361,0,0,0,0,-3,1,0.161732554,0.067000002,0,0,0,.,.,.
HONDURAS,91,1950,7,0,0,0,0.952000022,7.236339569,3.985273361,0,0,0,0,-3,1,0.161732554,0.067000002,0,0,0,.,.,.
HONDURAS,91,1951,7,0,0,0,0.981000006,7.2406497,3.985273361,0,0,0,0,-3,1,0.161732554,0.067000002,0,0,0,.,.,.
HONDURAS,91,1952,7,0,0,0,0.996999979,7.274479389,3.985273361,0,0,0,0,-3,1,0.161732554,0.067000002,0,0,0,.,.,.
HONDURAS,91,1953,7,0,0,0,1.013000011,7.307202339,3.985273361,0,0,0,0,-3,1,0.161732554,0.067000002,0,0,0,.,.,.
HONDURAS,91,1954,7,0,0,0,1.047000051,7.338888168,3.985273361,0,0,0,0,-3,1,0.161732554,0.067000002,0,0,0,.,.,.
HONDURAS,91,1955,7,0,0,0,0.981000006,7.369600773,3.985273361,0,0,0,0,-3,1,0.161732554,0.067000002,0,0,0,.,.,.
HONDURAS,91,1956,7,0,0,0,0.987999976,7.400009632,3.985273361,0,0,0,0,-3,1,0.161732554,0.067000002,0,0,0,.,.,.
HONDURAS,91,1957,7,0,0,0,1.029999971,7.435438156,3.985273361,0,0,0,0,-1,1,0.161732554,0.067000002,0,0,0,.,.,.
HONDURAS,91,1958,7,0,0,0,1.067999959,7.470223904,3.985273361,0,0,0,0,-1,1,0.161732554,0.067000002,0,0,0,.,.,.
HONDURAS,91,1959,7,0,0,0,1.052999973,7.5032897,3.985273361,0,0,0,0,-1,1,0.161732554,0.067000002,0,0,0,.,.,.
HONDURAS,91,1960,7,0,0,0,1.052000046,7.535296917,3.985273361,0,0,0,0,-1,1,0.161732554,0.067000002,0,0,0,.,.,.
HONDURAS,91,1961,7,0,0,0,1.039000034,7.567345619,3.985273361,0,0,0,0,-1,1,0.161732554,0.067000002,0,0,0,.,.,.
HONDURAS,91,1962,7,0,0,0,1.031000018,7.601402283,3.985273361,0,0,0,0,-1,1,0.161732554,0.067000002,0,0,0,.,.,.
HONDURAS,91,1963,7,0,0,0,1.046000004,7.63578701,3.985273361,0,0,0,0,-1,1,0.161732554,0.067000002,0,0,0,.,.,.
HONDURAS,91,1964,7,0,0,0,1.052000046,7.669495106,3.985273361,0,0,0,0,-1,1,0.161732554,0.067000002,0,0,0,.,.,.
HONDURAS,91,1965,7,0,0,0,1.075999975,7.703910351,3.985273361,0,0,0,0,-1,1,0.161732554,0.067000002,0,0,0,.,.,.
HONDURAS,91,1966,7,0,0,0,1.121000051,7.738052368,3.985273361,0,0,0,0,-1,1,0.161732554,0.067000002,0,0,0,.,.,.
HONDURAS,91,1967,7,0,0,0,1.149999976,7.76472044,3.985273361,0,0,0,0,-1,1,0.161732554,0.067000002,0,0,0,.,.,.
HONDURAS,91,1968,7,0,0,0,1.167999983,7.792348862,3.985273361,0,0,0,0,-1,1,0.161732554,0.067000002,0,0,0,.,.,.
HONDURAS,91,1969,7,0,0,0,1.207000017,7.819636345,3.985273361,0,0,0,0,-1,1,0.161732554,0.067000002,0,0,0,.,.,.
HONDURAS,91,1970,7,0,0,0,1.190000057,7.846199036,3.985273361,0,0,0,0,-1,1,0.161732554,0.067000002,0,0,0,.,.,.
HONDURAS,91,1971,7,0,0,0,1.236999989,7.873597622,3.985273361,0,0,0,0,-1,1,0.161732554,0.067000002,0,0,0,.,.,.
HONDURAS,91,1972,7,0,0,0,1.238999963,7.903226852,3.985273361,0,0,0,0,0,1,0.161732554,0.067000002,0,0,0,.,.,.
HONDURAS,91,1973,7,0,0,0,1.274999976,7.934513569,3.985273361,0,0,0,0,-1,1,0.161732554,0.067000002,0,0,0,.,.,.
HONDURAS,91,1974,7,0,0,0,1.320000052,7.966933727,3.985273361,0,0,0,0,-1,1,0.161732554,0.067000002,0,0,0,.,.,.
HONDURAS,91,1975,7,0,0,0,1.266000032,7.999678612,3.985273361,0,0,0,0,-1,1,0.161732554,0.067000002,0,0,0,.,.,.
HONDURAS,91,1976,7,0,0,0,1.274000049,8.033009529,3.985273361,0,0,0,0,-1,1,0.161732554,0.067000002,0,0,0,.,.,.
HONDURAS,91,1977,7,0,0,0,1.378000021,8.066521645,3.985273361,0,0,0,0,-1,1,0.161732554,0.067000002,0,0,0,.,.,.
HONDURAS,91,1978,7,0,0,0,1.470999956,8.100464821,3.985273361,0,0,0,0,-1,1,0.161732554,0.067000002,0,0,0,.,.,.
HONDURAS,91,1979,7,0,0,0,1.532999992,8.134760857,3.985273361,0,0,0,0,-1,1,0.161732554,0.067000002,0,0,0,.,.,.
HONDURAS,91,1980,7,0,0,0,1.531999946,8.169902802,3.985273361,0,0,0,0,-1,1,0.161732554,0.067000002,0,0,0,.,.,.
HONDURAS,91,1981,7,0,0,0,1.519000053,8.205764771,3.985273361,0,0,0,1,1,1,0.161732554,0.067000002,0,0,0,.,.,.
HONDURAS,91,1982,7,0,0,0,1.503000021,8.242229462,3.985273361,0,0,0,1,4,1,0.161732554,0.067000002,0,0,0,.,.,.
HONDURAS,91,1983,7,0,0,0,1.43900001,8.279190063,3.985273361,0,0,0,1,6,0,0.161732554,0.067000002,0,0,0,.,.,.
HONDURAS,91,1984,7,0,0,0,1.373999953,8.316055298,3.985273361,0,0,0,1,6,0,0.161732554,0.067000002,0,0,0,.,.,.
HONDURAS,91,1985,7,0,0,0,1.381000042,8.351611137,3.985273361,0,0,0,0,6,0,0.161732554,0.067000002,0,0,0,.,.,.
HONDURAS,91,1986,7,0,0,0,1.386999965,8.38548851,3.985273361,0,0,0,0,5,1,0.161732554,0.067000002,1,0,0,.,.,.
HONDURAS,91,1987,7,0,0,0,1.381000042,8.418035507,3.985273361,0,0,0,0,5,1,0.161732554,0.067000002,1,0,0,.,.,.
HONDURAS,91,1988,7,0,0,0,1.399999976,8.449342728,3.985273361,0,0,0,0,5,1,0.161732554,0.067000002,1,0,0,.,.,.
HONDURAS,91,1989,7,0,0,0,1.417000055,8.479491234,3.985273361,0,0,0,0,5,1,0.161732554,0.067000002,1,0,0,.,.,.
HONDURAS,91,1990,7,0,0,0,1.432000041,8.50895977,3.985273361,0,0,0,0,6,0,0.161732554,0.067000002,0,0,0,.,.,.
HONDURAS,91,1991,7,0,0,0,1.376999974,8.537975311,3.985273361,0,0,0,0,6,0,0.161732554,0.067000002,0,0,0,.,.,.
HONDURAS,91,1992,7,0,0,0,1.363999963,8.567696571,3.985273361,0,0,0,0,6,0,0.161732554,0.067000002,0,0,0,.,.,.
HONDURAS,91,1993,7,0,0,0,1.38499999,8.597481728,3.985273361,0,0,0,0,6,0,0.161732554,0.067000002,0,0,0,.,.,.
HONDURAS,91,1994,7,0,0,0,1.427999973,8.581558228,3.985273361,0,0,0,0,6,0,0.161732554,0.067000002,1,0,0,.,.,.
HONDURAS,91,1995,7,0,0,0,1.368999958,8.611160278,3.985273361,0,0,0,0,6,0,0.161732554,0.067000002,1,0,0,.,.,.
HONDURAS,91,1996,7,0,0,0,1.383999944,8.640118599,3.985273361,0,0,0,0,6,0,0.161732554,0.067000002,1,0,0,.,.,.
HONDURAS,91,1997,7,0,0,0,1.394000053,8.668694496,3.985273361,0,0,0,0,6,0,0.161732554,0.067000002,1,0,0,.,.,.
HONDURAS,91,1998,7,0,0,0,1.424000025,8.697123528,3.985273361,0,0,0,0,6,0,0.161732554,0.067000002,.,.,.,.,.,.
HONDURAS,91,1999,7,0,0,0,1.425999999,8.725067139,3.985273361,0,0,0,0,6,0,0.161732554,0.067000002,.,.,.,.,.,.
EL SALVADOR,92,1945,7,0,0,0,.,7.462789059,2.42480278,0,0,0,0,-8,0,0.165918708,0.100000001,1,0,0,.,.,.
EL SALVADOR,92,1946,7,0,0,0,.,7.462789059,2.42480278,0,0,0,0,-8,0,0.165918708,0.100000001,1,0,0,.,.,.
EL SALVADOR,92,1947,7,0,0,0,0.934000015,7.475339413,2.42480278,0,0,0,0,-8,0,0.165918708,0.100000001,1,0,0,.,.,.
EL SALVADOR,92,1948,7,0,0,0,1.013000011,7.488852978,2.42480278,0,0,0,0,-8,0,0.165918708,0.100000001,1,0,0,.,.,.
EL SALVADOR,92,1949,7,0,0,0,1.082000017,7.501634598,2.42480278,0,0,0,1,-7,0,0.165918708,0.100000001,1,0,0,.,.,.
EL SALVADOR,92,1950,7,0,0,0,1.139999986,7.514799595,2.42480278,0,0,0,1,-7,0,0.165918708,0.100000001,1,0,0,.,.,.
EL SALVADOR,92,1951,7,0,0,0,1.20599997,7.571988583,2.42480278,0,0,0,1,-6,0,0.165918708,0.100000001,1,0,0,.,.,.
EL SALVADOR,92,1952,7,0,0,0,1.22300005,7.600402355,2.42480278,0,0,0,1,-6,0,0.165918708,0.100000001,1,0,0,.,.,.
EL SALVADOR,92,1953,7,0,0,0,1.277999997,7.627544403,2.42480278,0,0,0,0,-6,0,0.165918708,0.100000001,1,0,0,.,.,.
EL SALVADOR,92,1954,7,0,0,0,1.340000033,7.654443264,2.42480278,0,0,0,0,-6,0,0.165918708,0.100000001,1,0,0,.,.,.
EL SALVADOR,92,1955,7,0,0,0,1.355999947,7.68063736,2.42480278,0,0,0,0,-6,0,0.165918708,0.100000001,1,0,0,.,.,.
EL SALVADOR,92,1956,7,0,0,0,1.388000011,7.70616293,2.42480278,0,0,0,0,-6,0,0.165918708,0.100000001,1,0,0,.,.,.
EL SALVADOR,92,1957,7,0,0,0,1.425999999,7.737616062,2.42480278,0,0,0,0,-5,1,0.165918708,0.100000001,1,0,0,.,.,.
EL SALVADOR,92,1958,7,0,0,0,1.450999975,7.768110275,2.42480278,0,0,0,0,-5,1,0.165918708,0.100000001,1,0,0,.,.,.
EL SALVADOR,92,1959,7,0,0,0,1.424999952,7.798112392,2.42480278,0,0,0,0,-5,1,0.165918708,0.100000001,1,0,0,.,.,.
EL SALVADOR,92,1960,7,0,0,0,1.41900003,7.826842308,2.42480278,0,0,0,0,-5,1,0.165918708,0.100000001,1,0,0,.,.,.
EL SALVADOR,92,1961,7,0,0,0,1.427000046,7.85476923,2.42480278,0,0,0,0,-3,1,0.165918708,0.100000001,1,0,0,.,.,.
EL SALVADOR,92,1962,7,0,0,0,1.406999946,7.885705471,2.42480278,0,0,0,0,-3,1,0.165918708,0.100000001,1,0,0,.,.,.
EL SALVADOR,92,1963,7,0,0,0,1.577999949,7.916807652,2.42480278,0,0,0,0,-3,1,0.165918708,0.100000001,1,0,0,.,.,.
EL SALVADOR,92,1964,7,0,0,0,1.618999958,7.948031902,2.42480278,0,0,0,0,-3,1,0.165918708,0.100000001,1,0,0,.,.,.
EL SALVADOR,92,1965,7,0,0,0,1.690000057,7.978653908,2.42480278,0,0,0,1,0,1,0.165918708,0.100000001,1,0,0,.,.,.
EL SALVADOR,92,1966,7,0,0,0,1.738999963,8.009695053,2.42480278,0,0,0,1,0,1,0.165918708,0.100000001,1,0,0,.,.,.
EL SALVADOR,92,1967,7,0,0,0,1.807999969,8.044626236,2.42480278,0,0,0,1,0,1,0.165918708,0.100000001,1,0,0,.,.,.
EL SALVADOR,92,1968,7,0,0,0,1.835000038,8.080237389,2.42480278,0,0,0,0,0,1,0.165918708,0.100000001,1,0,0,.,.,.
EL SALVADOR,92,1969,7,0,0,0,1.853999972,8.115221977,2.42480278,0,0,0,0,0,1,0.165918708,0.100000001,1,0,0,.,.,.
EL SALVADOR,92,1970,7,0,0,0,1.850999951,8.150178909,2.42480278,0,0,0,0,0,1,0.165918708,0.100000001,1,0,0,.,.,.
EL SALVADOR,92,1971,7,0,0,0,1.809999943,8.185350418,2.42480278,0,0,0,0,0,1,0.165918708,0.100000001,1,0,0,.,.,.
EL SALVADOR,92,1972,7,0,0,0,1.815000057,8.215006828,2.42480278,0,0,0,0,0,1,0.165918708,0.100000001,1,0,0,.,.,.
EL SALVADOR,92,1973,7,0,0,0,1.881999969,8.242229462,2.42480278,0,0,0,0,-1,1,0.165918708,0.100000001,1,0,0,.,.,.
EL SALVADOR,92,1974,7,0,0,0,1.957000017,8.267191887,2.42480278,0,0,0,0,-1,1,0.165918708,0.100000001,1,0,0,.,.,.
EL SALVADOR,92,1975,7,0,0,0,1.985000014,8.291296005,2.42480278,0,0,0,0,-1,1,0.165918708,0.100000001,1,0,0,.,.,.
EL SALVADOR,92,1976,7,0,0,0,2.035000086,8.315076828,2.42480278,0,0,0,0,-1,1,0.165918708,0.100000001,1,0,0,.,.,.
EL SALVADOR,92,1977,7,0,0,0,2.132999897,8.338305473,2.42480278,0,0,0,0,-1,1,0.165918708,0.100000001,1,0,0,.,.,.
EL SALVADOR,92,1978,7,0,0,0,2.243999958,8.361474991,2.42480278,0,0,0,1,-6,0,0.165918708,0.100000001,1,0,0,.,.,.
EL SALVADOR,92,1979,7,1,0,0,2.329999924,8.383433342,2.42480278,0,0,0,1,-6,0,0.165918708,0.100000001,1,0,0,.,.,.
EL SALVADOR,92,1980,7,0,0,1,2.227999926,8.402231216,2.42480278,0,0,0,1,-4,1,0.165918708,0.100000001,1,0,0,.,.,.
EL SALVADOR,92,1981,7,0,0,1,2.013999939,8.417372704,2.42480278,0,0,0,1,-2,1,0.165918708,0.100000001,1,0,0,.,.,.
EL SALVADOR,92,1982,7,0,0,1,1.863000035,8.429235458,2.42480278,0,0,0,1,0,1,0.165918708,0.100000001,1,0,0,.,.,.
EL SALVADOR,92,1983,7,0,0,1,1.743999958,8.4375,2.42480278,0,0,0,1,2,1,0.165918708,0.100000001,1,0,0,.,.,.
EL SALVADOR,92,1984,7,0,0,1,1.748000026,8.444407463,2.42480278,0,0,0,1,4,1,0.165918708,0.100000001,1,0,0,.,.,.
EL SALVADOR,92,1985,7,0,0,1,1.786999941,8.452548027,2.42480278,0,0,0,1,6,0,0.165918708,0.100000001,1,0,0,.,.,.
EL SALVADOR,92,1986,7,0,0,1,1.83099997,8.463581085,2.42480278,0,0,0,1,6,0,0.165918708,0.100000001,1,0,0,.,.,.
EL SALVADOR,92,1987,7,0,0,1,1.812999964,8.485908508,2.42480278,0,0,0,0,6,0,0.165918708,0.100000001,1,0,0,.,.,.
EL SALVADOR,92,1988,7,0,0,1,1.822000027,8.503905296,2.42480278,0,0,0,0,6,0,0.165918708,0.100000001,1,0,0,.,.,.
EL SALVADOR,92,1989,7,0,0,1,1.842000008,8.51057148,2.42480278,0,0,0,0,6,0,0.165918708,0.100000001,1,0,0,.,.,.
EL SALVADOR,92,1990,7,0,0,1,1.822000027,8.530109406,2.42480278,0,0,0,0,6,0,0.165918708,0.100000001,1,0,0,.,.,.
EL SALVADOR,92,1991,7,0,0,1,1.824000001,8.5510149,2.42480278,0,0,0,0,6,0,0.165918708,0.100000001,1,0,0,.,.,.
EL SALVADOR,92,1992,7,0,0,1,1.853000045,8.571302414,2.42480278,0,0,0,0,7,0,0.165918708,0.100000001,1,0,0,.,.,.
EL SALVADOR,92,1993,7,0,0,1,1.876000047,8.590443611,2.42480278,0,0,0,0,7,0,0.165918708,0.100000001,1,0,0,.,.,.
EL SALVADOR,92,1994,7,0,0,0,1.97300005,8.598091125,2.42480278,0,0,0,0,7,0,0.165918708,0.100000001,1,0,0,.,.,.
EL SALVADOR,92,1995,7,0,0,0,2.046999931,8.619904518,2.42480278,0,0,0,0,7,0,0.165918708,0.100000001,1,0,0,.,.,.
EL SALVADOR,92,1996,7,0,0,0,2.128999949,8.642767906,2.42480278,0,0,0,0,7,0,0.165918708,0.100000001,1,0,0,.,.,.
EL SALVADOR,92,1997,7,0,0,0,2.121000051,8.665267944,2.42480278,0,0,0,0,7,0,0.165918708,0.100000001,1,0,0,.,.,.
EL SALVADOR,92,1998,7,0,0,0,2.164999962,8.687404633,2.42480278,0,0,0,0,7,0,0.165918708,0.100000001,1,0,0,.,.,.
EL SALVADOR,92,1999,7,0,0,0,2.194000006,8.709177971,2.42480278,0,0,0,0,7,0,0.165918708,0.100000001,1,0,0,.,.,.
NICARAGUA,93,1945,7,0,0,0,.,6.827629089,2.332144022,0,0,0,0,-8,0,0.17932868,0.100000001,1,0,0,.,.,.
NICARAGUA,93,1946,7,0,0,0,.,6.827629089,2.332144022,0,0,0,0,-8,0,0.17932868,0.100000001,1,0,0,.,.,.
NICARAGUA,93,1947,7,0,0,0,0.782999992,6.855408669,2.332144022,0,0,0,0,-8,0,0.17932868,0.100000001,1,0,0,.,.,.
NICARAGUA,93,1948,7,0,0,0,0.864000022,6.884486675,2.332144022,0,0,0,0,-8,0,0.17932868,0.100000001,1,0,0,.,.,.
NICARAGUA,93,1949,7,0,0,0,0.936999977,6.908754826,2.332144022,0,0,0,0,-8,0,0.17932868,0.100000001,1,0,0,.,.,.
NICARAGUA,93,1950,7,0,0,0,1.179999948,6.935370445,2.332144022,0,0,0,0,-8,0,0.17932868,0.100000001,1,0,0,.,.,.
NICARAGUA,93,1951,7,0,0,0,1.15199995,7.123672962,2.332144022,0,0,0,0,-8,0,0.17932868,0.100000001,1,0,0,.,.,.
NICARAGUA,93,1952,7,0,0,0,1.235000014,7.153051853,2.332144022,0,0,0,0,-8,0,0.17932868,0.100000001,1,0,0,.,.,.
NICARAGUA,93,1953,7,0,0,0,1.414000034,7.182352066,2.332144022,0,0,0,0,-8,0,0.17932868,0.100000001,1,0,0,.,.,.
NICARAGUA,93,1954,7,0,0,0,1.44599998,7.210818291,2.332144022,0,0,0,0,-8,0,0.17932868,0.100000001,1,0,0,.,.,.
NICARAGUA,93,1955,7,0,0,0,1.593000054,7.23849678,2.332144022,0,0,0,0,-8,0,0.17932868,0.100000001,1,0,0,.,.,.
NICARAGUA,93,1956,7,0,0,0,1.620000005,7.265429497,2.332144022,0,0,0,0,-8,0,0.17932868,0.100000001,1,0,0,.,.,.
NICARAGUA,93,1957,7,0,0,0,1.577999949,7.295056343,2.332144022,0,0,0,0,-8,0,0.17932868,0.100000001,1,0,0,.,.,.
NICARAGUA,93,1958,7,0,0,0,1.651000023,7.32449007,2.332144022,0,0,0,0,-8,0,0.17932868,0.100000001,1,0,0,.,.,.
NICARAGUA,93,1959,7,0,0,0,1.603999972,7.352441311,2.332144022,0,0,0,0,-8,0,0.17932868,0.100000001,1,0,0,.,.,.
NICARAGUA,93,1960,7,0,0,0,1.480999947,7.379631996,2.332144022,0,0,0,0,-8,0,0.17932868,0.100000001,1,0,0,.,.,.
NICARAGUA,93,1961,7,0,0,0,1.605999947,7.363913536,2.332144022,0,0,0,0,-8,0,0.17932868,0.100000001,1,0,0,.,.,.
NICARAGUA,93,1962,7,0,0,0,1.684000015,7.393262863,2.332144022,0,0,0,0,-8,0,0.17932868,0.100000001,1,0,0,.,.,.
NICARAGUA,93,1963,7,0,0,0,1.825999975,7.422971249,2.332144022,0,0,0,0,-8,0,0.17932868,0.100000001,1,0,0,.,.,.
NICARAGUA,93,1964,7,0,0,0,1.927999973,7.452402592,2.332144022,0,0,0,0,-8,0,0.17932868,0.100000001,1,0,0,.,.,.
NICARAGUA,93,1965,7,0,0,0,2.082999945,7.476472378,2.332144022,0,0,0,0,-8,0,0.17932868,0.100000001,1,0,0,.,.,.
NICARAGUA,93,1966,7,0,0,0,2.246000051,7.497761726,2.332144022,0,0,0,0,-8,0,0.17932868,0.100000001,1,0,0,.,.,.
NICARAGUA,93,1967,7,0,0,0,2.272000074,7.521859169,2.332144022,0,0,0,0,-8,0,0.17932868,0.100000001,1,0,0,.,.,.
NICARAGUA,93,1968,7,0,0,0,2.427000046,7.546974182,2.332144022,0,0,0,0,-8,0,0.17932868,0.100000001,1,0,0,.,.,.
NICARAGUA,93,1969,7,0,0,0,2.338999987,7.57301712,2.332144022,0,0,0,0,-8,0,0.17932868,0.100000001,1,0,0,.,.,.
NICARAGUA,93,1970,7,0,0,0,2.342999935,7.599902153,2.332144022,0,0,0,0,-8,0,0.17932868,0.100000001,1,0,0,.,.,.
NICARAGUA,93,1971,7,0,0,0,2.358999968,7.627057552,2.332144022,0,0,0,0,-8,0,0.17932868,0.100000001,1,0,0,.,.,.
NICARAGUA,93,1972,7,0,0,0,2.344000101,7.664815903,2.332144022,0,0,0,0,-8,0,0.17932868,0.100000001,.,0,0,.,.,.
NICARAGUA,93,1973,7,0,0,0,2.278000116,7.698029041,2.332144022,0,0,0,0,-8,0,0.17932868,0.100000001,.,0,0,.,.,.
NICARAGUA,93,1974,7,0,0,0,2.357000113,7.730614185,2.332144022,0,0,0,0,-8,0,0.17932868,0.100000001,1,0,0,.,.,.
NICARAGUA,93,1975,7,0,0,0,2.628999949,7.763021469,2.332144022,0,0,0,0,-8,0,0.17932868,0.100000001,1,0,0,.,.,.
NICARAGUA,93,1976,7,0,0,0,2.530999899,7.793999195,2.332144022,0,0,0,0,-8,0,0.17932868,0.100000001,1,0,0,.,.,.
NICARAGUA,93,1977,7,0,0,0,2.58100009,7.824046135,2.332144022,0,0,0,0,-8,0,0.17932868,0.100000001,1,0,0,.,.,.
NICARAGUA,93,1978,7,1,0,0,2.760999918,7.852828026,2.332144022,0,0,0,0,-8,0,0.17932868,0.100000001,1,0,0,.,.,.
NICARAGUA,93,1979,7,0,0,1,2.459000111,7.881182194,2.332144022,0,0,0,0,-8,0,0.17932868,0.100000001,1,0,0,.,.,.
NICARAGUA,93,1980,7,0,0,1,1.707000017,7.909489632,2.332144022,0,0,0,1,0,1,0.17932868,0.100000001,1,0,0,.,.,.
NICARAGUA,93,1981,7,1,0,0,1.853000045,7.938088894,2.332144022,0,0,0,1,0,1,0.17932868,0.100000001,1,0,0,.,.,.
NICARAGUA,93,1982,7,0,0,1,1.889000058,7.966933727,2.332144022,0,0,0,1,-5,1,0.17932868,0.100000001,1,0,0,.,.,.
NICARAGUA,93,1983,7,0,0,1,1.838999987,7.995980263,2.332144022,0,0,0,1,-5,1,0.17932868,0.100000001,1,0,0,.,.,.
NICARAGUA,93,1984,7,0,0,1,1.91900003,8.024862289,2.332144022,0,0,0,1,-5,1,0.17932868,0.100000001,1,0,0,.,.,.
NICARAGUA,93,1985,7,0,0,1,1.889000058,8.052932739,2.332144022,0,0,0,1,-1,1,0.17932868,0.100000001,1,0,0,.,.,.
NICARAGUA,93,1986,7,0,0,1,1.789999962,8.079927444,2.332144022,0,0,0,1,-1,1,0.17932868,0.100000001,1,0,0,.,.,.
NICARAGUA,93,1987,7,0,0,1,1.728999972,8.105911255,2.332144022,0,0,0,1,-1,1,0.17932868,0.100000001,1,0,0,.,.,.
NICARAGUA,93,1988,7,0,0,1,1.718999982,8.131824493,2.332144022,0,0,0,0,-1,1,0.17932868,0.100000001,1,0,0,.,.,.
NICARAGUA,93,1989,7,0,0,1,1.429999948,8.157370567,2.332144022,0,0,0,0,-1,1,0.17932868,0.100000001,1,0,0,.,.,.
NICARAGUA,93,1990,7,0,0,0,1.324000001,8.183117867,2.332144022,0,0,0,0,-1,1,0.17932868,0.100000001,1,0,0,.,.,.
NICARAGUA,93,1991,7,0,0,0,1.29400003,8.209580421,2.332144022,0,0,0,1,6,0,0.17932868,0.100000001,1,0,0,.,.,.
NICARAGUA,93,1992,7,0,0,0,1.253000021,8.2937994,2.332144022,0,0,0,1,6,0,0.17932868,0.100000001,1,0,0,.,.,.
NICARAGUA,93,1993,7,0,0,0,1.220999956,8.326032639,2.332144022,0,0,0,1,6,0,0.17932868,0.100000001,1,0,0,.,.,.
NICARAGUA,93,1994,7,0,0,0,1.180999994,8.338281631,2.332144022,0,0,0,0,6,0,0.17932868,0.100000001,1,0,0,.,.,.
NICARAGUA,93,1995,7,0,0,0,1.18599999,8.367060661,2.332144022,0,0,0,0,6,0,0.17932868,0.100000001,1,0,0,.,.,.
NICARAGUA,93,1996,7,0,0,0,1.203999996,8.395251274,2.332144022,0,0,0,0,8,0,0.17932868,0.100000001,1,0,0,.,.,.
NICARAGUA,93,1997,7,0,0,0,1.226999998,8.422977448,2.332144022,0,0,0,0,8,0,0.17932868,0.100000001,1,0,0,.,.,.
NICARAGUA,93,1998,7,0,0,0,1.256000042,8.4503479,2.332144022,0,0,0,0,8,0,0.17932868,0.100000001,1,0,0,.,.,.
NICARAGUA,93,1999,7,0,0,0,1.273000002,8.477232933,2.332144022,0,0,0,0,8,0,0.17932868,0.100000001,1,0,0,.,.,.
COSTARICA,94,1945,7,0,0,0,.,6.543911934,3.144152403,0,0,0,0,10,0,0.071090043,0.07,0,0,0,.,.,.
COSTARICA,94,1946,7,0,0,0,.,6.543911934,3.144152403,0,0,0,0,10,0,0.071090043,0.07,0,0,0,.,.,.
COSTARICA,94,1947,7,0,0,0,1.248999953,6.586171627,3.144152403,0,0,0,0,10,0,0.071090043,0.07,0,0,0,.,.,.
COSTARICA,94,1948,7,1,0,0,1.335000038,6.641181946,3.144152403,0,0,0,0,10,0,0.071090043,0.07,0,0,0,.,.,.
COSTARICA,94,1949,7,0,0,1,1.411000013,6.694561958,3.144152403,0,0,0,0,10,0,0.071090043,0.07,0,0,0,.,.,.
COSTARICA,94,1950,7,0,0,0,1.677000046,6.723832607,3.144152403,0,0,0,0,10,0,0.071090043,0.07,0,0,0,.,.,.
COSTARICA,94,1951,7,0,0,0,1.457000017,6.754603863,3.144152403,0,0,0,0,10,0,0.071090043,0.07,0,0,0,.,.,.
COSTARICA,94,1952,7,0,0,0,1.463999987,6.79234457,3.144152403,0,0,0,0,10,0,0.071090043,0.07,0,0,0,.,.,.
COSTARICA,94,1953,7,0,0,0,1.618000031,6.828711987,3.144152403,0,0,0,0,10,0,0.071090043,0.07,0,0,0,.,.,.
COSTARICA,94,1954,7,0,0,0,1.832000017,6.86484766,3.144152403,0,0,0,0,10,0,0.071090043,0.07,0,0,0,.,.,.
COSTARICA,94,1955,7,0,0,0,1.840999961,6.898714542,3.144152403,0,0,0,0,10,0,0.071090043,0.07,0,0,0,.,.,.
COSTARICA,94,1956,7,0,0,0,1.972000003,6.931471825,3.144152403,0,0,0,0,10,0,0.071090043,0.07,0,0,0,.,.,.
COSTARICA,94,1957,7,0,0,0,1.871000051,6.97166872,3.144152403,0,0,0,0,10,0,0.071090043,0.07,0,0,0,.,.,.
COSTARICA,94,1958,7,0,0,0,1.934000015,7.011213779,3.144152403,0,0,0,0,10,0,0.071090043,0.07,0,0,0,.,.,.
COSTARICA,94,1959,7,0,0,0,2.052999973,7.048386574,3.144152403,0,0,0,0,10,0,0.071090043,0.07,0,0,0,.,.,.
COSTARICA,94,1960,7,0,0,0,2.049999952,7.085064411,3.144152403,0,0,0,0,10,0,0.071090043,0.07,0,0,0,.,.,.
COSTARICA,94,1961,7,0,0,0,2.095999956,7.134093761,3.144152403,0,0,0,0,10,0,0.071090043,0.07,0,0,0,.,.,.
COSTARICA,94,1962,7,0,0,0,2.11500001,7.168580055,3.144152403,0,0,0,0,10,0,0.071090043,0.07,0,0,0,.,.,.
COSTARICA,94,1963,7,0,0,0,2.173000097,7.202661037,3.144152403,0,0,0,0,10,0,0.071090043,0.07,0,0,0,.,.,.
COSTARICA,94,1964,7,0,0,0,2.269999981,7.237778187,3.144152403,0,0,0,0,10,0,0.071090043,0.07,0,0,0,.,.,.
COSTARICA,94,1965,7,0,0,0,2.290999889,7.27170372,3.144152403,0,0,0,0,10,0,0.071090043,0.07,0,0,0,.,.,.
COSTARICA,94,1966,7,0,0,0,2.459000111,7.306531429,3.144152403,0,0,0,0,10,0,0.071090043,0.07,0,0,0,.,.,.
COSTARICA,94,1967,7,0,0,0,2.552000046,7.340187073,3.144152403,0,0,0,0,10,0,0.071090043,0.07,0,0,0,.,.,.
COSTARICA,94,1968,7,0,0,0,2.59800005,7.371489525,3.144152403,0,0,0,0,10,0,0.071090043,0.07,0,0,0,.,.,.
COSTARICA,94,1969,7,0,0,0,2.671999931,7.398786068,3.144152403,0,0,0,0,10,0,0.071090043,0.07,0,0,0,.,.,.
COSTARICA,94,1970,7,0,0,0,2.732000113,7.429520607,3.144152403,0,0,0,0,10,0,0.071090043,0.07,0,0,0,.,.,.
COSTARICA,94,1971,7,0,0,0,2.904000044,7.45414114,3.144152403,0,0,0,0,10,0,0.071090043,0.07,0,0,0,.,.,.
COSTARICA,94,1972,7,0,0,0,2.973999977,7.483244419,3.144152403,0,0,0,0,10,0,0.071090043,0.07,0,0,0,.,.,.
COSTARICA,94,1973,7,0,0,0,3.102999926,7.508238792,3.144152403,0,0,0,0,10,0,0.071090043,0.07,0,0,0,.,.,.
COSTARICA,94,1974,7,0,0,0,3.232000113,7.532623768,3.144152403,0,0,0,0,10,0,0.071090043,0.07,0,0,0,.,.,.
COSTARICA,94,1975,7,0,0,0,3.328999996,7.557994843,3.144152403,0,0,0,0,10,0,0.071090043,0.07,0,0,0,.,.,.
COSTARICA,94,1976,7,0,0,0,3.309000015,7.584773064,3.144152403,0,0,0,0,10,0,0.071090043,0.07,0,0,0,.,.,.
COSTARICA,94,1977,7,0,0,0,3.403000116,7.612831116,3.144152403,0,0,0,0,10,0,0.071090043,0.07,0,0,0,.,.,.
COSTARICA,94,1978,7,0,0,0,3.648999929,7.642524242,3.144152403,0,0,0,0,10,0,0.071090043,0.07,0,0,0,.,.,.
COSTARICA,94,1979,7,0,0,0,3.765000105,7.672758102,3.144152403,0,0,0,0,10,0,0.071090043,0.07,0,0,0,.,.,.
COSTARICA,94,1980,7,0,0,0,3.821000099,7.703459263,3.144152403,0,0,0,0,10,0,0.071090043,0.07,0,0,0,.,.,.
COSTARICA,94,1981,7,0,0,0,3.717000008,7.733683586,3.144152403,0,0,0,0,10,0,0.071090043,0.07,0,0,0,.,.,.
COSTARICA,94,1982,7,0,0,0,3.41899991,7.763871193,3.144152403,0,0,0,0,10,0,0.071090043,0.07,0,0,0,.,.,.
COSTARICA,94,1983,7,0,0,0,3.076999903,7.793586731,3.144152403,0,0,0,0,10,0,0.071090043,0.07,0,0,0,.,.,.
COSTARICA,94,1984,7,0,0,0,3.08100009,7.823245525,3.144152403,0,0,0,0,10,0,0.071090043,0.07,0,0,0,.,.,.
COSTARICA,94,1985,7,0,0,0,3.213000059,7.851661205,3.144152403,0,0,0,0,10,0,0.071090043,0.07,0,0,0,.,.,.
COSTARICA,94,1986,7,0,0,0,3.184000015,7.879291534,3.144152403,0,0,0,0,10,0,0.071090043,0.07,0,0,0,.,.,.
COSTARICA,94,1987,7,0,0,0,3.273000002,7.905810356,3.144152403,0,0,0,0,10,0,0.071090043,0.07,0,0,0,.,.,.
COSTARICA,94,1988,7,0,0,0,3.335000038,7.931643963,3.144152403,0,0,0,0,10,0,0.071090043,0.07,0,0,0,.,.,.
COSTARICA,94,1989,7,0,0,0,3.345000029,7.956476688,3.144152403,0,0,0,0,10,0,0.071090043,0.07,0,0,0,.,.,.
COSTARICA,94,1990,7,0,0,0,3.450999975,7.980707645,3.144152403,0,0,0,0,10,0,0.071090043,0.07,0,0,0,.,.,.
COSTARICA,94,1991,7,0,0,0,3.499000072,8.004365921,3.144152403,0,0,0,0,10,0,0.071090043,0.07,0,0,0,.,.,.
COSTARICA,94,1992,7,0,0,0,3.444999933,8.027476311,3.144152403,0,0,0,0,10,0,0.071090043,0.07,0,0,0,.,.,.
COSTARICA,94,1993,7,0,0,0,3.569000006,8.068716049,3.144152403,0,0,0,0,10,0,0.071090043,0.07,0,0,0,.,.,.
COSTARICA,94,1994,7,0,0,0,3.713000059,8.081165314,3.144152403,0,0,0,0,10,0,0.071090043,0.07,0,0,0,.,.,.
COSTARICA,94,1995,7,0,0,0,3.815999985,8.102889061,3.144152403,0,0,0,0,10,0,0.071090043,0.07,0,0,0,.,.,.
COSTARICA,94,1996,7,0,0,0,3.890000105,8.123854637,3.144152403,0,0,0,0,10,0,0.071090043,0.07,0,0,0,.,.,.
COSTARICA,94,1997,7,0,0,0,3.828999996,8.137395859,3.144152403,0,0,0,0,10,0,0.071090043,0.07,0,0,0,.,.,.
COSTARICA,94,1998,7,0,0,0,3.973999977,8.150178909,3.144152403,0,0,0,0,10,0,0.071090043,0.07,0,0,0,.,.,.
COSTARICA,94,1999,7,0,0,0,4.21600008,8.166233063,3.144152403,0,0,0,0,10,0,0.071090043,0.07,0,0,0,.,.,.
PANAMA,95,1945,7,0,0,0,.,6.555356979,2.564949274,0,1,0,0,-3,1,0.260851562,0.129999995,1,0,0,.,.,.
PANAMA,95,1946,7,0,0,0,.,6.555356979,2.564949274,0,1,0,0,-3,1,0.260851562,0.129999995,1,0,0,.,.,.
PANAMA,95,1947,7,0,0,0,1.07099998,6.580639362,2.564949274,0,1,0,0,-3,1,0.260851562,0.129999995,1,0,0,.,.,.
PANAMA,95,1948,7,0,0,0,1.101999998,6.605298042,2.564949274,0,1,0,0,-3,1,0.260851562,0.129999995,1,0,0,.,.,.
PANAMA,95,1949,7,0,0,0,1.131000042,6.642486572,2.564949274,0,1,0,0,-3,1,0.260851562,0.129999995,1,0,0,.,.,.
PANAMA,95,1950,7,0,0,0,1.16900003,6.669497967,2.564949274,0,1,0,0,-1,1,0.260851562,0.129999995,1,0,0,.,.,.
PANAMA,95,1951,7,0,0,0,1.309000015,6.7604146,2.564949274,0,1,0,0,-1,1,0.260851562,0.129999995,1,0,0,.,.,.
PANAMA,95,1952,7,0,0,0,1.236999989,6.788971901,2.564949274,0,1,0,0,-1,1,0.260851562,0.129999995,1,0,0,.,.,.
PANAMA,95,1953,7,0,0,0,1.330000043,6.817830563,2.564949274,0,1,0,0,-1,1,0.260851562,0.129999995,1,0,0,.,.,.
PANAMA,95,1954,7,0,0,0,1.332999945,6.845880032,2.564949274,0,1,0,0,-1,1,0.260851562,0.129999995,1,0,0,.,.,.
PANAMA,95,1955,7,0,0,0,1.350999951,6.87212801,2.564949274,0,1,0,0,-1,1,0.260851562,0.129999995,1,0,0,.,.,.
PANAMA,95,1956,7,0,0,0,1.361999989,6.898714542,2.564949274,0,1,0,1,4,1,0.260851562,0.129999995,1,0,0,.,.,.
PANAMA,95,1957,7,0,0,0,1.404000044,6.929516792,2.564949274,0,1,0,1,4,1,0.260851562,0.129999995,1,0,0,.,.,.
PANAMA,95,1958,7,0,0,0,1.493000031,6.959398746,2.564949274,0,1,0,1,4,1,0.260851562,0.129999995,1,0,0,.,.,.
PANAMA,95,1959,7,0,0,0,1.486999989,6.988413334,2.564949274,0,1,0,0,4,1,0.260851562,0.129999995,1,0,0,.,.,.
PANAMA,95,1960,7,0,0,0,1.513000011,7.016609669,2.564949274,0,1,0,0,4,1,0.260851562,0.129999995,1,0,0,.,.,.
PANAMA,95,1961,7,0,0,0,1.575000048,7.043159962,2.564949274,0,1,0,0,4,1,0.260851562,0.129999995,1,0,0,.,.,.
PANAMA,95,1962,7,0,0,0,1.690000057,7.073269844,2.564949274,0,1,0,0,4,1,0.260851562,0.129999995,1,0,0,.,.,.
PANAMA,95,1963,7,0,0,0,1.779999971,7.102499485,2.564949274,0,1,0,0,4,1,0.260851562,0.129999995,1,0,0,.,.,.
PANAMA,95,1964,7,0,0,0,1.886000037,7.131698608,2.564949274,0,1,0,0,4,1,0.260851562,0.129999995,1,0,0,.,.,.
PANAMA,95,1965,7,0,0,0,1.907999992,7.160845757,2.564949274,0,1,0,0,4,1,0.260851562,0.129999995,1,0,0,.,.,.
PANAMA,95,1966,7,0,0,0,2.013999939,7.190676212,2.564949274,0,0,0,0,4,1,0.260851562,0.129999995,1,0,0,.,.,.
PANAMA,95,1967,7,0,0,0,2.117000103,7.219642162,2.564949274,0,0,0,0,4,1,0.260851562,0.129999995,1,0,0,.,.,.
PANAMA,95,1968,7,0,0,0,2.23300004,7.247792721,2.564949274,0,0,0,0,4,1,0.260851562,0.129999995,1,0,0,.,.,.
PANAMA,95,1969,7,0,0,0,2.313999891,7.276556492,2.564949274,0,0,0,1,-7,0,0.260851562,0.129999995,1,0,0,.,.,.
PANAMA,95,1970,7,0,0,0,2.434000015,7.305188179,2.564949274,0,0,0,1,-7,0,0.260851562,0.129999995,1,0,0,.,.,.
PANAMA,95,1971,7,0,0,0,2.584000111,7.333676338,2.564949274,0,0,0,1,-7,0,0.260851562,0.129999995,1,0,0,.,.,.
PANAMA,95,1972,7,0,0,0,2.772000074,7.361375332,2.564949274,0,0,0,0,-7,0,0.260851562,0.129999995,1,0,0,.,.,.
PANAMA,95,1973,7,0,0,0,2.855000019,7.388946056,2.564949274,0,1,0,0,-7,0,0.260851562,0.129999995,1,0,0,.,.,.
PANAMA,95,1974,7,0,0,0,2.903000116,7.415777206,2.564949274,0,1,0,0,-7,0,0.260851562,0.129999995,1,0,0,.,.,.
PANAMA,95,1975,7,0,0,0,2.91899991,7.441320419,2.564949274,0,1,0,0,-7,0,0.260851562,0.129999995,1,0,0,.,.,.
PANAMA,95,1976,7,0,0,0,2.884000063,7.466227531,2.564949274,0,1,0,0,-7,0,0.260851562,0.129999995,1,0,0,.,.,.
PANAMA,95,1977,7,0,0,0,2.854000092,7.489970684,2.564949274,0,1,0,0,-7,0,0.260851562,0.129999995,1,0,0,.,.,.
PANAMA,95,1978,7,0,0,0,2.792999983,7.512617588,2.564949274,0,0,0,0,-7,0,0.260851562,0.129999995,1,0,0,.,.,.
PANAMA,95,1979,7,0,0,0,3.003999949,7.534762859,2.564949274,0,0,0,0,-6,0,0.260851562,0.129999995,1,0,0,.,.,.
PANAMA,95,1980,7,0,0,0,3.062000036,7.556950569,2.564949274,0,0,0,0,-6,0,0.260851562,0.129999995,1,0,0,.,.,.
PANAMA,95,1981,7,0,0,0,3.39199996,7.578656673,2.564949274,0,0,0,0,-6,0,0.260851562,0.129999995,1,0,0,.,.,.
PANAMA,95,1982,7,0,0,0,3.492000103,7.600402355,2.564949274,0,0,0,0,-6,0,0.260851562,0.129999995,1,0,0,.,.,.
PANAMA,95,1983,7,0,0,0,3.592999935,7.62217474,2.564949274,0,0,0,0,-5,1,0.260851562,0.129999995,1,0,0,.,.,.
PANAMA,95,1984,7,0,0,0,3.480000019,7.643961906,2.564949274,0,0,0,0,-5,1,0.260851562,0.129999995,1,0,0,.,.,.
PANAMA,95,1985,7,0,0,0,3.437000036,7.665753365,2.564949274,0,0,0,0,-6,0,0.260851562,0.129999995,1,0,0,.,.,.
PANAMA,95,1986,7,0,0,0,3.499000072,7.687080383,2.564949274,0,0,0,0,-6,0,0.260851562,0.129999995,1,0,0,.,.,.
PANAMA,95,1987,7,0,0,0,3.532000065,7.70841074,2.564949274,0,0,0,0,-6,0,0.260851562,0.129999995,1,0,0,.,.,.
PANAMA,95,1988,7,0,0,0,3.538000107,7.729295731,2.564949274,0,0,0,0,-8,0,0.260851562,0.129999995,1,0,0,.,.,.
PANAMA,95,1989,7,0,0,0,2.811000109,7.750184059,2.564949274,0,0,0,0,-8,0,0.260851562,0.129999995,1,0,0,.,.,.
PANAMA,95,1990,7,0,0,0,2.785000086,7.770645142,2.564949274,0,0,0,1,8,0,0.260851562,0.129999995,1,0,0,.,.,.
PANAMA,95,1991,7,0,0,0,2.888000011,7.790696144,2.564949274,0,0,0,1,8,0,0.260851562,0.129999995,1,0,0,.,.,.
PANAMA,95,1992,7,0,0,0,3.102999926,7.810352802,2.564949274,0,0,0,1,8,0,0.260851562,0.129999995,1,0,0,.,.,.
PANAMA,95,1993,7,0,0,0,3.332000017,7.830028057,2.564949274,0,0,0,0,8,0,0.260851562,0.129999995,1,0,0,.,.,.
PANAMA,95,1994,7,0,0,0,3.448999882,7.8395257,2.564949274,0,0,0,0,8,0,0.260851562,0.129999995,1,0,0,.,.,.
PANAMA,95,1995,7,0,0,0,3.483999968,7.857573509,2.564949274,0,0,0,0,9,0,0.260851562,0.129999995,1,0,0,.,.,.
PANAMA,95,1996,7,0,0,0,3.48300004,7.875119209,2.564949274,0,0,0,0,9,0,0.260851562,0.129999995,1,0,0,.,.,.
PANAMA,95,1997,7,0,0,0,3.523999929,7.891330719,2.564949274,0,0,0,0,9,0,0.260851562,0.129999995,1,0,0,.,.,.
PANAMA,95,1998,7,0,0,0,3.621000051,7.908019543,2.564949274,0,0,0,0,9,0,0.260851562,0.129999995,1,0,0,.,.,.
PANAMA,95,1999,7,0,0,0,3.717000008,7.92551899,2.564949274,0,0,0,0,9,0,0.260851562,0.129999995,1,0,0,.,.,.
COLOMBIA,100,1945,7,0,0,0,1.338999987,9.225327492,3.640214205,1,0,0,0,5,1,0.060152709,0.25,1,0,0,.,.,.
COLOMBIA,100,1946,7,0,0,0,1.338999987,9.225327492,3.640214205,1,0,0,0,5,1,0.060152709,0.25,1,0,0,.,.,.
COLOMBIA,100,1947,7,0,0,0,1.381000042,9.247443199,3.640214205,1,0,0,0,5,1,0.060152709,0.25,1,0,0,.,.,.
COLOMBIA,100,1948,7,1,0,0,1.414000034,9.269457817,3.640214205,1,0,0,0,5,1,0.060152709,0.25,1,0,0,.,.,.
COLOMBIA,100,1949,7,0,0,1,1.445000052,9.291459084,3.640214205,1,0,0,1,-5,1,0.060152709,0.25,1,0,0,.,.,.
COLOMBIA,100,1950,7,0,0,1,1.48300004,9.313528061,3.640214205,1,0,0,1,-5,1,0.060152709,0.25,1,0,0,.,.,.
COLOMBIA,100,1951,7,0,0,1,1.503000021,9.358415604,3.640214205,1,0,0,1,-5,1,0.060152709,0.25,1,0,0,.,.,.
COLOMBIA,100,1952,7,0,0,1,1.480000019,9.388988495,3.640214205,1,0,0,0,-5,1,0.060152709,0.25,1,0,0,.,.,.
COLOMBIA,100,1953,7,0,0,1,1.526000023,9.41857338,3.640214205,1,0,0,0,-5,1,0.060152709,0.25,1,0,0,.,.,.
COLOMBIA,100,1954,7,0,0,1,1.601999998,9.44715023,3.640214205,1,0,0,0,-5,1,0.060152709,0.25,1,0,0,.,.,.
COLOMBIA,100,1955,7,0,0,1,1.705000043,9.47516346,3.640214205,1,0,0,0,-5,1,0.060152709,0.25,1,0,0,.,.,.
COLOMBIA,100,1956,7,0,0,1,1.728000045,9.502188683,3.640214205,1,0,0,0,-5,1,0.060152709,0.25,1,0,0,.,.,.
COLOMBIA,100,1957,7,0,0,1,1.708999991,9.533800125,3.640214205,1,0,0,0,-5,1,0.060152709,0.25,1,0,0,.,.,.
COLOMBIA,100,1958,7,0,0,1,1.654999971,9.564372063,3.640214205,1,0,0,1,7,0,0.060152709,0.25,1,0,0,.,.,.
COLOMBIA,100,1959,7,0,0,1,1.611999989,9.594104767,3.640214205,1,0,0,1,7,0,0.060152709,0.25,1,0,0,.,.,.
COLOMBIA,100,1960,7,0,0,1,1.654999971,9.622913361,3.640214205,1,0,0,1,7,0,0.060152709,0.25,1,0,0,.,.,.
COLOMBIA,100,1961,7,0,0,1,1.684000015,9.664849281,3.640214205,1,0,0,0,7,0,0.060152709,0.25,1,0,0,.,.,.
COLOMBIA,100,1962,7,0,0,1,1.733999968,9.697385788,3.640214205,1,0,0,0,7,0,0.060152709,0.25,1,0,0,.,.,.
COLOMBIA,100,1963,7,1,0,1,1.768000007,9.730026245,3.640214205,1,0,0,0,7,0,0.060152709,0.25,1,0,0,.,.,.
COLOMBIA,100,1964,7,0,0,1,1.728000045,9.790766716,3.640214205,1,0,0,0,7,0,0.060152709,0.25,1,0,0,.,.,.
COLOMBIA,100,1965,7,0,0,1,1.860999942,9.792891502,3.640214205,1,0,0,0,7,0,0.060152709,0.25,1,0,0,.,.,.
COLOMBIA,100,1966,7,0,0,1,1.815999985,9.824931145,3.640214205,1,0,0,0,7,0,0.060152709,0.25,1,0,0,.,.,.
COLOMBIA,100,1967,7,0,0,1,1.914999962,9.853351593,3.640214205,1,0,0,0,7,0,0.060152709,0.25,1,0,0,.,.,.
COLOMBIA,100,1968,7,0,0,1,1.879999995,9.884202957,3.640214205,1,0,0,0,7,0,0.060152709,0.25,1,0,0,.,.,.
COLOMBIA,100,1969,7,0,0,1,1.957000017,9.912397385,3.640214205,1,0,0,0,7,0,0.060152709,0.25,1,0,0,.,.,.
COLOMBIA,100,1970,7,0,0,1,2.042999983,9.935325623,3.640214205,1,0,0,0,7,0,0.060152709,0.25,1,0,0,.,.,.
COLOMBIA,100,1971,7,0,0,1,2.140000105,9.969275475,3.640214205,1,0,0,0,7,0,0.060152709,0.25,1,0,0,.,.,.
COLOMBIA,100,1972,7,0,0,1,2.233999968,9.992917061,3.640214205,1,0,0,0,7,0,0.060152709,0.25,1,0,0,.,.,.
COLOMBIA,100,1973,7,0,0,1,2.336999893,10.01458168,3.640214205,1,0,0,0,7,0,0.060152709,0.25,1,0,0,.,.,.
COLOMBIA,100,1974,7,0,0,1,2.440000057,10.03504181,3.640214205,1,0,0,0,7,0,0.060152709,0.25,1,0,0,.,.,.
COLOMBIA,100,1975,7,0,0,1,2.510999918,10.05543613,3.640214205,1,0,0,0,8,0,0.060152709,0.25,1,0,0,.,.,.
COLOMBIA,100,1976,7,0,0,1,2.503999949,10.07643223,3.640214205,1,0,0,0,8,0,0.060152709,0.25,1,0,0,.,.,.
COLOMBIA,100,1977,7,0,0,1,2.592000008,10.09786129,3.640214205,1,0,0,0,8,0,0.060152709,0.25,1,0,0,.,.,.
COLOMBIA,100,1978,7,0,0,1,2.648000002,10.11972713,3.640214205,1,0,0,0,8,0,0.060152709,0.25,1,0,0,.,.,.
COLOMBIA,100,1979,7,0,0,1,2.796999931,10.14183521,3.640214205,1,0,0,0,8,0,0.060152709,0.25,1,0,0,.,.,.
COLOMBIA,100,1980,7,0,0,1,2.878000021,10.16392708,3.640214205,1,0,0,0,8,0,0.060152709,0.25,1,0,0,.,.,.
COLOMBIA,100,1981,7,0,0,1,2.946000099,10.18584251,3.640214205,1,0,0,0,8,0,0.060152709,0.25,1,0,0,.,.,.
COLOMBIA,100,1982,7,0,0,1,2.967000008,10.20762062,3.640214205,1,0,0,0,8,0,0.060152709,0.25,1,0,0,.,.,.
COLOMBIA,100,1983,7,0,0,1,2.943000078,10.22929573,3.640214205,1,0,0,0,8,0,0.060152709,0.25,1,0,0,.,.,.
COLOMBIA,100,1984,7,0,0,1,2.915999889,10.25065231,3.640214205,1,0,0,0,8,0,0.060152709,0.25,1,0,0,.,.,.
COLOMBIA,100,1985,7,0,0,1,2.948999882,10.27145863,3.640214205,1,0,0,0,8,0,0.060152709,0.25,1,0,0,.,.,.
COLOMBIA,100,1986,7,0,0,1,2.967999935,10.29150105,3.640214205,1,0,0,0,8,0,0.060152709,0.25,1,0,0,.,.,.
COLOMBIA,100,1987,7,0,0,1,3.046000004,10.31088448,3.640214205,1,0,0,0,8,0,0.060152709,0.25,1,0,0,.,.,.
COLOMBIA,100,1988,7,0,0,1,3.167000055,10.32963753,3.640214205,1,0,0,0,8,0,0.060152709,0.25,1,0,0,.,.,.
COLOMBIA,100,1989,7,0,0,1,3.230999947,10.34782028,3.640214205,1,0,0,0,8,0,0.060152709,0.25,1,0,0,.,.,.
COLOMBIA,100,1990,7,0,0,1,3.286000013,10.36552238,3.640214205,1,1,0,0,8,0,0.060152709,0.25,1,0,0,.,.,.
COLOMBIA,100,1991,7,0,0,1,3.299999952,10.38282204,3.640214205,1,0,0,0,8,0,0.060152709,0.25,1,0,0,.,.,.
COLOMBIA,100,1992,7,0,0,1,3.296999931,10.39943314,3.640214205,1,0,0,0,9,0,0.060152709,0.25,1,0,0,.,.,.
COLOMBIA,100,1993,7,0,0,1,3.380000114,10.4162817,3.640214205,1,0,0,0,9,0,0.060152709,0.25,1,0,0,.,.,.
COLOMBIA,100,1994,7,0,0,1,3.493000031,10.52056885,3.640214205,1,0,0,0,9,0,0.060152709,0.25,1,0,0,.,.,.
COLOMBIA,100,1995,7,0,0,1,3.625999928,10.53996754,3.640214205,1,0,0,0,9,0,0.060152709,0.25,1,0,0,.,.,.
COLOMBIA,100,1996,7,0,0,1,3.74000001,10.55950356,3.640214205,1,1,0,0,7,0,0.060152709,0.25,1,0,0,.,.,.
COLOMBIA,100,1997,7,0,0,1,3.746999979,10.57859802,3.640214205,1,0,0,0,7,0,0.060152709,0.25,1,0,0,.,.,.
COLOMBIA,100,1998,7,0,0,1,3.802000046,10.59768391,3.640214205,1,0,0,0,7,0,0.060152709,0.25,1,0,0,.,.,.
COLOMBIA,100,1999,7,0,0,1,3.749000072,10.61653519,3.640214205,1,0,0,0,7,0,0.060152709,0.25,1,0,0,.,.,.
VENEZUELA,101,1945,7,0,0,0,6.619999886,8.35866642,3.104586601,0,1,0,0,-3,1,0.107347012,0.209999993,1,0,0,.,.,.
VENEZUELA,101,1946,7,0,0,0,6.619999886,8.35866642,3.104586601,0,1,0,0,-3,1,0.107347012,0.209999993,1,0,0,.,.,.
VENEZUELA,101,1947,7,0,0,0,5.221000195,8.387311935,3.104586601,0,1,0,0,-3,1,0.107347012,0.209999993,1,0,0,.,.,.
VENEZUELA,101,1948,7,0,0,0,5.333000183,8.422442436,3.104586601,0,1,0,0,-3,1,0.107347012,0.209999993,1,0,0,.,.,.
VENEZUELA,101,1949,7,0,0,0,5.678999901,8.452334404,3.104586601,0,1,0,0,-3,1,0.107347012,0.209999993,1,0,0,.,.,.
VENEZUELA,101,1950,7,0,0,0,5.653999805,8.482187271,3.104586601,0,1,0,0,-3,1,0.107347012,0.209999993,1,0,0,.,.,.
VENEZUELA,101,1951,7,0,0,0,4.798999786,8.511376381,3.104586601,0,1,0,0,-3,1,0.107347012,0.209999993,1,0,0,.,.,.
VENEZUELA,101,1952,7,0,0,0,5.102000237,8.552174568,3.104586601,0,1,0,0,-3,1,0.107347012,0.209999993,1,0,0,.,.,.
VENEZUELA,101,1953,7,0,0,0,5.360000134,8.59137249,3.104586601,0,1,0,0,-3,1,0.107347012,0.209999993,1,0,0,.,.,.
VENEZUELA,101,1954,7,0,0,0,5.394999981,8.628913879,3.104586601,0,1,0,0,-3,1,0.107347012,0.209999993,1,0,0,.,.,.
VENEZUELA,101,1955,7,0,0,0,5.669000149,8.665440559,3.104586601,0,1,0,0,-3,1,0.107347012,0.209999993,1,0,0,.,.,.
VENEZUELA,101,1956,7,0,0,0,6.002999783,8.70051384,3.104586601,0,1,0,0,-3,1,0.107347012,0.209999993,1,0,0,.,.,.
VENEZUELA,101,1957,7,0,0,0,6.445000172,8.742733955,3.104586601,0,1,0,0,-3,1,0.107347012,0.209999993,1,0,0,.,.,.
VENEZUELA,101,1958,7,0,0,0,7.020999908,8.783395767,3.104586601,0,1,0,0,-3,1,0.107347012,0.209999993,1,0,0,.,.,.
VENEZUELA,101,1959,7,0,0,0,6.587999821,8.822321892,3.104586601,0,1,0,1,6,0,0.107347012,0.209999993,1,0,0,.,.,.
VENEZUELA,101,1960,7,0,0,0,6.758999825,8.859931946,3.104586601,0,1,0,1,6,0,0.107347012,0.209999993,1,0,0,.,.,.
VENEZUELA,101,1961,7,0,0,0,6.337999821,8.896040916,3.104586601,0,1,0,1,6,0,0.107347012,0.209999993,1,0,0,.,.,.
VENEZUELA,101,1962,7,0,0,0,6.387000084,8.934850693,3.104586601,0,1,0,0,6,0,0.107347012,0.209999993,1,0,0,.,.,.
VENEZUELA,101,1963,7,0,0,0,6.749000072,8.97385788,3.104586601,0,1,0,0,6,0,0.107347012,0.209999993,1,0,0,.,.,.
VENEZUELA,101,1964,7,0,0,0,6.941999912,9.012620926,3.104586601,0,1,0,0,6,0,0.107347012,0.209999993,1,0,0,.,.,.
VENEZUELA,101,1965,7,0,0,0,7.403999805,9.051579475,3.104586601,0,1,0,0,6,0,0.107347012,0.209999993,1,0,0,.,.,.
VENEZUELA,101,1966,7,0,0,0,7.512000084,9.090317726,3.104586601,0,1,0,0,6,0,0.107347012,0.209999993,1,0,0,.,.,.
VENEZUELA,101,1967,7,0,0,0,7.322000027,9.126089096,3.104586601,0,1,0,0,6,0,0.107347012,0.209999993,1,0,0,.,.,.
VENEZUELA,101,1968,7,0,0,0,7.389999866,9.161885262,3.104586601,0,1,0,0,6,0,0.107347012,0.209999993,1,0,0,.,.,.
VENEZUELA,101,1969,7,0,0,0,7.526000023,9.197457314,3.104586601,0,1,0,0,7,0,0.107347012,0.209999993,1,0,0,.,.,.
VENEZUELA,101,1970,7,0,0,0,7.606999874,9.233275414,3.104586601,0,1,0,0,9,0,0.107347012,0.209999993,1,0,0,.,.,.
VENEZUELA,101,1971,7,0,0,0,7.752999783,9.268986702,3.104586601,0,1,0,0,9,0,0.107347012,0.209999993,1,0,0,.,.,.
VENEZUELA,101,1972,7,0,0,0,7.589000225,9.303648949,3.104586601,0,1,0,0,9,0,0.107347012,0.209999993,1,0,0,.,.,.
VENEZUELA,101,1973,7,0,0,0,7.493999958,9.338294029,3.104586601,0,1,0,0,9,0,0.107347012,0.209999993,1,0,0,.,.,.
VENEZUELA,101,1974,7,0,0,0,7.376999855,9.373394012,3.104586601,0,1,0,0,9,0,0.107347012,0.209999993,1,0,0,.,.,.
VENEZUELA,101,1975,7,0,0,0,7.414999962,9.409355164,3.104586601,0,1,0,0,9,0,0.107347012,0.209999993,1,0,0,.,.,.
VENEZUELA,101,1976,7,0,0,0,7.401000023,9.446597099,3.104586601,0,1,0,0,9,0,0.107347012,0.209999993,1,0,0,.,.,.
VENEZUELA,101,1977,7,0,0,0,7.802999973,9.482121468,3.104586601,0,1,0,0,9,0,0.107347012,0.209999993,1,0,0,.,.,.
VENEZUELA,101,1978,7,0,0,0,8.168999672,9.515985489,3.104586601,0,1,0,0,9,0,0.107347012,0.209999993,1,0,0,.,.,.
VENEZUELA,101,1979,7,0,0,0,8.256999969,9.54809761,3.104586601,0,1,0,0,9,0,0.107347012,0.209999993,1,0,0,.,.,.
VENEZUELA,101,1980,7,0,0,0,8.092000008,9.578449249,3.104586601,0,1,0,0,9,0,0.107347012,0.209999993,1,0,0,.,.,.
VENEZUELA,101,1981,7,0,0,0,7.401000023,9.607168198,3.104586601,0,1,0,0,9,0,0.107347012,0.209999993,1,0,0,.,.,.
VENEZUELA,101,1982,7,0,0,0,7.209000111,9.635607719,3.104586601,0,1,0,0,9,0,0.107347012,0.209999993,1,0,0,.,.,.
VENEZUELA,101,1983,7,0,0,0,6.856999874,9.664215088,3.104586601,0,1,0,0,9,0,0.107347012,0.209999993,1,0,0,.,.,.
VENEZUELA,101,1984,7,0,0,0,6.53000021,9.691778183,3.104586601,0,1,0,0,9,0,0.107347012,0.209999993,1,0,0,.,.,.
VENEZUELA,101,1985,7,0,0,0,6.374000072,9.718963623,3.104586601,0,1,0,0,9,0,0.107347012,0.209999993,1,0,0,.,.,.
VENEZUELA,101,1986,7,0,0,0,6.224999905,9.745488167,3.104586601,0,1,0,0,9,0,0.107347012,0.209999993,1,0,0,.,.,.
VENEZUELA,101,1987,7,0,0,0,6.381999969,9.771440506,3.104586601,0,1,0,0,9,0,0.107347012,0.209999993,1,0,0,.,.,.
VENEZUELA,101,1988,7,0,0,0,6.482999802,9.796681404,3.104586601,0,1,0,0,9,0,0.107347012,0.209999993,1,0,0,.,.,.
VENEZUELA,101,1989,7,0,0,0,6.776000023,9.821300507,3.104586601,0,1,0,0,9,0,0.107347012,0.209999993,1,0,0,.,.,.
VENEZUELA,101,1990,7,0,0,0,5.907000065,9.845434189,3.104586601,0,1,0,0,9,0,0.107347012,0.209999993,1,0,0,.,.,.
VENEZUELA,101,1991,7,0,0,0,6.054999828,9.86915493,3.104586601,0,1,0,0,9,0,0.107347012,0.209999993,1,0,0,.,.,.
VENEZUELA,101,1992,7,0,0,0,6.620999813,9.892780304,3.104586601,0,1,0,0,9,0,0.107347012,0.209999993,1,0,0,.,.,.
VENEZUELA,101,1993,7,0,0,0,7.081999779,9.91586113,3.104586601,0,1,0,0,8,0,0.107347012,0.209999993,1,0,0,.,.,.
VENEZUELA,101,1994,7,0,0,0,6.940999985,9.947982788,3.104586601,0,1,0,0,8,0,0.107347012,0.209999993,1,0,0,.,.,.
VENEZUELA,101,1995,7,0,0,0,6.630000114,9.970070839,3.104586601,0,1,0,0,8,0,0.107347012,0.209999993,1,0,0,.,.,.
VENEZUELA,101,1996,7,0,0,0,6.744999886,9.991681099,3.104586601,0,1,0,0,8,0,0.107347012,0.209999993,1,0,0,.,.,.
VENEZUELA,101,1997,7,0,0,0,6.59100008,10.0128355,3.104586601,0,1,0,0,8,0,0.107347012,0.209999993,1,0,0,.,.,.
VENEZUELA,101,1998,7,0,0,0,6.868000031,10.03350639,3.104586601,0,1,0,0,8,0,0.107347012,0.209999993,1,0,0,.,.,.
VENEZUELA,101,1999,7,0,0,0,6.72300005,10.05371666,3.104586601,0,1,0,0,8,0,0.107347012,0.209999993,0,0,0,.,.,.
GUYANA,110,1966,7,0,0,0,1.715999961,6.431331158,1.1939224,0,0,1,0,2,1,0.583841205,0.356000006,1,1,1,.,.,.
GUYANA,110,1967,7,0,0,0,1.715999961,6.431331158,1.1939224,0,0,1,0,2,1,0.583841205,0.356000006,1,1,1,.,.,.
GUYANA,110,1968,7,0,0,0,1.77699995,6.450470448,1.1939224,0,0,0,0,2,1,0.583841205,0.356000006,1,1,1,.,.,.
GUYANA,110,1969,7,0,0,0,1.741999984,6.469250202,1.1939224,0,0,0,0,1,1,0.583841205,0.356000006,1,1,1,.,.,.
GUYANA,110,1970,7,0,0,0,1.781000018,6.489204884,1.1939224,0,0,0,0,1,1,0.583841205,0.356000006,1,1,1,.,.,.
GUYANA,110,1971,7,0,0,0,1.815999985,6.507277489,1.1939224,0,0,0,0,1,1,0.583841205,0.356000006,1,1,1,.,.,.
GUYANA,110,1972,7,0,0,0,1.728999972,6.522092819,1.1939224,0,0,0,0,1,1,0.583841205,0.356000006,1,1,1,.,.,.
GUYANA,110,1973,7,0,0,0,1.728000045,6.539586067,1.1939224,0,0,0,0,1,1,0.583841205,0.356000006,1,1,1,.,.,.
GUYANA,110,1974,7,0,0,0,1.998000026,6.559615135,1.1939224,0,0,0,0,1,1,0.583841205,0.356000006,1,1,1,.,.,.
GUYANA,110,1975,7,0,0,0,1.934999943,6.577861309,1.1939224,0,0,0,0,1,1,0.583841205,0.356000006,1,1,1,.,.,.
GUYANA,110,1976,7,0,0,0,2.426000118,6.593044758,1.1939224,0,0,0,0,1,1,0.583841205,0.356000006,1,1,1,.,.,.
GUYANA,110,1977,7,0,0,0,2.65199995,6.605298042,1.1939224,0,0,0,0,1,1,0.583841205,0.356000006,1,1,1,.,.,.
GUYANA,110,1978,7,0,0,0,2.249000072,6.613384247,1.1939224,0,0,0,0,1,1,0.583841205,0.356000006,1,1,1,.,.,.
GUYANA,110,1979,7,0,0,0,1.873000026,6.620073318,1.1939224,0,0,0,0,0,1,0.583841205,0.356000006,1,1,1,.,.,.
GUYANA,110,1980,7,0,0,0,1.886999965,6.625392437,1.1939224,0,0,0,0,0,1,0.583841205,0.356000006,1,1,1,.,.,.
GUYANA,110,1981,7,0,0,0,1.927000046,6.633318424,1.1939224,0,0,0,1,-7,0,0.583841205,0.356000006,1,1,1,.,.,.
GUYANA,110,1982,7,0,0,0,1.973999977,6.641181946,1.1939224,0,0,0,1,-7,0,0.583841205,0.356000006,1,1,1,.,.,.
GUYANA,110,1983,7,0,0,0,1.529000044,6.650279045,1.1939224,0,0,0,1,-7,0,0.583841205,0.356000006,1,1,1,.,.,.
GUYANA,110,1984,7,0,0,0,1.406999946,6.659294128,1.1939224,0,0,0,0,-7,0,0.583841205,0.356000006,1,1,1,.,.,.
GUYANA,110,1985,7,0,0,0,1.190000057,6.666956902,1.1939224,0,0,0,0,-7,0,0.583841205,0.356000006,1,1,1,.,.,.
GUYANA,110,1986,7,0,0,0,1.264999986,6.672032833,1.1939224,0,0,0,0,-7,0,0.583841205,0.356000006,1,1,1,.,.,.
GUYANA,110,1987,7,0,0,0,1.401000023,6.674561501,1.1939224,0,0,0,0,-7,0,0.583841205,0.356000006,1,1,1,.,.,.
GUYANA,110,1988,7,0,0,0,1.330000043,6.675823212,1.1939224,0,0,0,0,-7,0,0.583841205,0.356000006,1,1,1,.,.,.
GUYANA,110,1989,7,0,0,0,1.480000019,6.678342342,1.1939224,0,0,0,0,-7,0,0.583841205,0.356000006,1,1,1,.,.,.
GUYANA,110,1990,7,0,0,0,1.116999984,6.679599285,1.1939224,0,0,0,0,-7,0,0.583841205,0.356000006,1,1,1,.,.,.
GUYANA,110,1991,7,0,0,0,1.093999982,6.682108402,1.1939224,0,0,0,0,-7,0,0.583841205,0.356000006,1,1,1,.,.,.
GUYANA,110,1992,7,0,0,0,1.148000002,6.684611797,1.1939224,0,0,0,0,-7,0,0.583841205,0.356000006,0,0,0,.,.,.
GUYANA,110,1993,7,0,0,0,1.226999998,6.697034359,1.1939224,0,0,0,1,6,0,0.583841205,0.356000006,0,0,0,.,.,.
GUYANA,110,1994,7,0,0,0,1.317000031,6.702033997,1.1939224,0,0,0,1,6,0,0.583841205,0.356000006,0,0,0,.,.,.
GUYANA,110,1995,7,0,0,0,1.417000055,6.711630821,1.1939224,0,0,0,1,6,0,0.583841205,0.356000006,0,0,0,.,.,.
GUYANA,110,1996,7,0,0,0,1.475999951,6.721425533,1.1939224,0,0,0,0,6,0,0.583841205,0.356000006,0,0,0,.,.,.
GUYANA,110,1997,7,0,0,0,1.580000043,6.731650352,1.1939224,0,0,0,0,6,0,0.583841205,0.356000006,.,.,.,.,.,.
GUYANA,110,1998,7,0,0,0,1.664999962,6.742527008,1.1939224,0,0,0,0,6,0,0.583841205,0.356000006,.,.,.,.,.,.
GUYANA,110,1999,7,0,0,0,1.625,6.753694534,1.1939224,0,0,0,0,6,0,0.583841205,0.356000006,0,0,0,.,.,.
ECUADOR,130,1945,7,0,0,0,.,7.939158916,3.663561583,0,0,0,0,-1,1,0.533853292,0.400000006,1,1,1,.,.,.
ECUADOR,130,1946,7,0,0,0,.,7.939158916,3.663561583,0,0,0,0,-1,1,0.533853292,0.400000006,1,1,1,.,.,.
ECUADOR,130,1947,7,0,0,0,0.970000029,7.956126213,3.663561583,0,0,0,0,-1,1,0.533853292,0.400000006,1,1,1,.,.,.
ECUADOR,130,1948,7,0,0,0,0.994000018,7.9848032,3.663561583,0,0,0,0,-1,1,0.533853292,0.400000006,1,1,1,.,.,.
ECUADOR,130,1949,7,0,0,0,1.014000058,8.020599365,3.663561583,0,0,0,1,2,1,0.533853292,0.400000006,1,1,1,.,.,.
ECUADOR,130,1950,7,0,0,0,1.182000041,8.050384521,3.663561583,0,0,0,1,2,1,0.533853292,0.400000006,1,1,1,.,.,.
ECUADOR,130,1951,7,0,0,0,1.194000006,8.135347366,3.663561583,0,0,0,1,2,1,0.533853292,0.400000006,1,1,1,.,.,.
ECUADOR,130,1952,7,0,0,0,1.213999987,8.165363312,3.663561583,0,0,0,0,2,1,0.533853292,0.400000006,1,1,1,.,.,.
ECUADOR,130,1953,7,0,0,0,1.251000047,8.194505692,3.663561583,0,0,0,0,2,1,0.533853292,0.400000006,1,1,1,.,.,.
ECUADOR,130,1954,7,0,0,0,1.31099999,8.223090172,3.663561583,0,0,0,0,2,1,0.533853292,0.400000006,1,1,1,.,.,.
ECUADOR,130,1955,7,0,0,0,1.399999976,8.250619888,3.663561583,0,0,0,0,2,1,0.533853292,0.400000006,1,1,1,.,.,.
ECUADOR,130,1956,7,0,0,0,1.394000053,8.277412415,3.663561583,0,0,0,0,2,1,0.533853292,0.400000006,1,1,1,.,.,.
ECUADOR,130,1957,7,0,0,0,1.388000011,8.308938026,3.663561583,0,0,0,0,2,1,0.533853292,0.400000006,1,1,1,.,.,.
ECUADOR,130,1958,7,0,0,0,1.398000002,8.339262009,3.663561583,0,0,0,0,2,1,0.533853292,0.400000006,1,1,1,.,.,.
ECUADOR,130,1959,7,0,0,0,1.381000042,8.368925095,3.663561583,0,0,0,0,2,1,0.533853292,0.400000006,1,1,1,.,.,.
ECUADOR,130,1960,7,0,0,0,1.406000018,8.397733688,3.663561583,0,0,0,0,2,1,0.533853292,0.400000006,1,1,1,.,.,.
ECUADOR,130,1961,7,0,0,0,1.460999966,8.425735474,3.663561583,0,0,0,0,2,1,0.533853292,0.400000006,1,1,1,.,.,.
ECUADOR,130,1962,7,0,0,0,1.465000033,8.455530167,3.663561583,0,0,0,1,-1,1,0.533853292,0.400000006,1,1,1,.,.,.
ECUADOR,130,1963,7,0,0,0,1.453999996,8.485496521,3.663561583,0,0,0,1,-1,1,0.533853292,0.400000006,1,1,1,.,.,.
ECUADOR,130,1964,7,0,0,0,1.445000052,8.515191078,3.663561583,0,0,0,1,-1,1,0.533853292,0.400000006,1,1,1,.,.,.
ECUADOR,130,1965,7,0,0,0,1.549000025,8.545197487,3.663561583,0,0,0,0,-1,1,0.533853292,0.400000006,1,1,1,.,.,.
ECUADOR,130,1966,7,0,0,0,1.590999961,8.575084686,3.663561583,0,0,0,0,-1,1,0.533853292,0.400000006,1,1,1,.,.,.
ECUADOR,130,1967,7,0,0,0,1.715999961,8.60153389,3.663561583,0,0,0,0,-1,1,0.533853292,0.400000006,1,1,1,.,.,.
ECUADOR,130,1968,7,0,0,0,1.82099998,8.62819767,3.663561583,0,0,0,0,-1,1,0.533853292,0.400000006,1,1,1,.,.,.
ECUADOR,130,1969,7,0,0,0,1.843999982,8.654866219,3.663561583,0,0,0,1,5,1,0.533853292,0.400000006,1,1,1,.,.,.
ECUADOR,130,1970,7,0,0,0,1.917999983,8.681350708,3.663561583,0,0,0,1,5,1,0.533853292,0.400000006,1,1,1,.,.,.
ECUADOR,130,1971,7,0,0,0,1.789000034,8.707979202,3.663561583,0,0,0,1,0,1,0.533853292,0.400000006,1,1,1,.,.,.
ECUADOR,130,1972,7,0,0,0,1.870000005,8.738895416,3.663561583,0,0,0,1,0,1,0.533853292,0.400000006,1,1,1,.,.,.
ECUADOR,130,1973,7,0,0,0,1.960999966,8.76919651,3.663561583,0,1,0,1,-5,1,0.533853292,0.400000006,1,1,1,.,.,.
ECUADOR,130,1974,7,0,0,0,2.240999937,8.799360275,3.663561583,0,1,0,1,-5,1,0.533853292,0.400000006,1,1,1,.,.,.
ECUADOR,130,1975,7,0,0,0,2.497999907,8.829079628,3.663561583,0,1,0,1,-5,1,0.533853292,0.400000006,1,1,1,.,.,.
ECUADOR,130,1976,7,0,0,0,2.665999889,8.858653069,3.663561583,0,1,0,0,-5,1,0.533853292,0.400000006,1,1,1,.,.,.
ECUADOR,130,1977,7,0,0,0,2.785000086,8.887928963,3.663561583,0,1,0,0,-5,1,0.533853292,0.400000006,1,1,1,.,.,.
ECUADOR,130,1978,7,0,0,0,2.986000061,8.917042732,3.663561583,0,1,0,0,-5,1,0.533853292,0.400000006,1,1,1,.,.,.
ECUADOR,130,1979,7,0,0,0,3.076999903,8.945723534,3.663561583,0,1,0,0,-5,1,0.533853292,0.400000006,1,1,1,.,.,.
ECUADOR,130,1980,7,0,0,0,3.128000021,8.974238396,3.663561583,0,1,0,1,9,0,0.533853292,0.400000006,1,1,1,.,.,.
ECUADOR,130,1981,7,0,0,0,3.237999916,9.002454758,3.663561583,0,1,0,1,9,0,0.533853292,0.400000006,1,1,1,.,.,.
ECUADOR,130,1982,7,0,0,0,3.204999924,9.030376434,3.663561583,0,1,0,1,9,0,0.533853292,0.400000006,1,1,1,.,.,.
ECUADOR,130,1983,7,0,0,0,3.193000078,9.058120728,3.663561583,0,1,0,0,9,0,0.533853292,0.400000006,1,1,1,.,.,.
ECUADOR,130,1984,7,0,0,0,2.91899991,9.085456848,3.663561583,0,1,0,0,9,0,0.533853292,0.400000006,1,1,1,.,.,.
ECUADOR,130,1985,7,0,0,0,2.897000074,9.112397194,3.663561583,0,1,0,0,8,0,0.533853292,0.400000006,1,1,1,.,.,.
ECUADOR,130,1986,7,0,0,0,2.913000107,9.138736725,3.663561583,0,1,0,0,8,0,0.533853292,0.400000006,1,1,1,.,.,.
ECUADOR,130,1987,7,0,0,0,2.88499999,9.164610863,3.663561583,0,1,0,0,8,0,0.533853292,0.400000006,1,1,1,.,.,.
ECUADOR,130,1988,7,0,0,0,2.769000053,9.189933777,3.663561583,0,1,0,0,8,0,0.533853292,0.400000006,1,1,1,.,.,.
ECUADOR,130,1989,7,0,0,0,2.829999924,9.214929581,3.663561583,0,1,0,0,9,0,0.533853292,0.400000006,1,1,1,.,.,.
ECUADOR,130,1990,7,0,0,0,2.788000107,9.239413261,3.663561583,0,1,0,0,9,0,0.533853292,0.400000006,1,1,1,.,.,.
ECUADOR,130,1991,7,0,0,0,2.755000114,9.263596535,3.663561583,0,1,0,0,9,0,0.533853292,0.400000006,1,1,1,.,.,.
ECUADOR,130,1992,7,0,0,0,2.835000038,9.285633087,3.663561583,0,1,0,0,9,0,0.533853292,0.400000006,1,1,1,.,.,.
ECUADOR,130,1993,7,0,0,0,2.829999924,9.307739258,3.663561583,0,1,0,0,9,0,0.533853292,0.400000006,1,1,1,.,.,.
ECUADOR,130,1994,7,0,0,0,2.825000048,9.303310394,3.663561583,0,1,0,0,9,0,0.533853292,0.400000006,1,1,1,.,.,.
ECUADOR,130,1995,7,0,0,0,2.882999897,9.325094223,3.663561583,0,1,0,0,9,0,0.533853292,0.400000006,1,1,1,.,.,.
ECUADOR,130,1996,7,0,0,0,2.888000011,9.346617699,3.663561583,0,1,0,0,9,0,0.533853292,0.400000006,.,.,.,.,.,.
ECUADOR,130,1997,7,0,0,0,2.88499999,9.367173195,3.663561583,0,0,0,0,9,0,0.533853292,0.400000006,1,1,1,.,.,.
ECUADOR,130,1998,7,0,0,0,2.923000097,9.387397766,3.663561583,0,0,0,0,8,0,0.533853292,0.400000006,.,.,.,.,.,.
ECUADOR,130,1999,7,0,0,0,2.877000093,9.406586647,3.663561583,0,0,0,0,9,0,0.533853292,0.400000006,.,.,.,.,.,.
PERU,135,1945,7,0,0,0,0.561999977,8.952475548,3.8836236,0,0,0,0,2,1,0.589686513,0.370000005,1,1,1,.,.,.
PERU,135,1946,7,0,0,0,0.561999977,8.952475548,3.8836236,0,0,0,0,2,1,0.589686513,0.370000005,1,1,1,.,.,.
PERU,135,1947,7,0,0,0,0.662999988,8.971702576,3.8836236,0,0,0,0,2,1,0.589686513,0.370000005,1,1,1,.,.,.
PERU,135,1948,7,0,0,0,0.787,8.991189003,3.8836236,0,0,0,0,2,1,0.589686513,0.370000005,1,1,1,.,.,.
PERU,135,1949,7,0,0,0,0.870999992,9.010790825,3.8836236,0,0,0,0,2,1,0.589686513,0.370000005,1,1,1,.,.,.
PERU,135,1950,7,0,0,0,1.343000054,9.030495644,3.8836236,0,0,0,0,2,1,0.589686513,0.370000005,1,1,1,.,.,.
PERU,135,1951,7,0,0,0,1.503999949,9.013473511,3.8836236,0,0,0,0,4,1,0.589686513,0.370000005,1,1,1,.,.,.
PERU,135,1952,7,0,0,0,1.633000016,9.037414551,3.8836236,0,0,0,0,4,1,0.589686513,0.370000005,1,1,1,.,.,.
PERU,135,1953,7,0,0,0,1.636000037,9.060912132,3.8836236,0,0,0,0,4,1,0.589686513,0.370000005,1,1,1,.,.,.
PERU,135,1954,7,0,0,0,1.639000058,9.083983421,3.8836236,0,0,0,0,4,1,0.589686513,0.370000005,1,1,1,.,.,.
PERU,135,1955,7,0,0,0,1.746999979,9.106423378,3.8836236,0,0,0,0,4,1,0.589686513,0.370000005,1,1,1,.,.,.
PERU,135,1956,7,0,0,0,1.83099997,9.128479004,3.8836236,0,0,0,0,4,1,0.589686513,0.370000005,1,1,1,.,.,.
PERU,135,1957,7,0,0,0,1.866999984,9.155356407,3.8836236,0,0,0,0,4,1,0.589686513,0.370000005,1,1,1,.,.,.
PERU,135,1958,7,0,0,0,1.853000045,9.181426048,3.8836236,0,0,0,0,4,1,0.589686513,0.370000005,1,1,1,.,.,.
PERU,135,1959,7,0,0,0,1.832000017,9.206833839,3.8836236,0,0,0,0,4,1,0.589686513,0.370000005,1,1,1,.,.,.
PERU,135,1960,7,0,0,0,1.809999943,9.231612206,3.8836236,0,0,0,0,4,1,0.589686513,0.370000005,1,1,1,.,.,.
PERU,135,1961,7,0,0,0,2.019000053,9.203919411,3.8836236,0,0,0,0,4,1,0.589686513,0.370000005,1,1,1,.,.,.
PERU,135,1962,7,0,0,0,2.134000063,9.233861923,3.8836236,0,0,0,0,4,1,0.589686513,0.370000005,1,1,1,.,.,.
PERU,135,1963,7,0,0,0,2.276000023,9.26388073,3.8836236,0,0,0,0,4,1,0.589686513,0.370000005,1,1,1,.,.,.
PERU,135,1964,7,0,0,0,2.334000111,9.293946266,3.8836236,0,0,0,0,5,1,0.589686513,0.370000005,1,1,1,.,.,.
PERU,135,1965,7,0,0,0,2.426000118,9.323936462,3.8836236,0,0,0,0,5,1,0.589686513,0.370000005,1,1,1,.,.,.
PERU,135,1966,7,0,0,0,2.500999928,9.354007721,3.8836236,0,0,0,0,5,1,0.589686513,0.370000005,1,1,1,.,.,.
PERU,135,1967,7,0,0,0,2.640000105,9.380758286,3.8836236,0,0,0,0,5,1,0.589686513,0.370000005,1,1,1,.,.,.
PERU,135,1968,7,0,0,0,2.677999973,9.40738678,3.8836236,0,0,0,0,5,1,0.589686513,0.370000005,1,1,1,.,.,.
PERU,135,1969,7,0,0,0,2.559000015,9.434043884,3.8836236,0,0,0,1,-7,0,0.589686513,0.370000005,1,1,1,.,.,.
PERU,135,1970,7,0,0,0,2.605000019,9.460787773,3.8836236,0,0,0,1,-7,0,0.589686513,0.370000005,1,1,1,.,.,.
PERU,135,1971,7,0,0,0,2.736000061,9.487442017,3.8836236,0,0,0,1,-7,0,0.589686513,0.370000005,1,1,1,.,.,.
PERU,135,1972,7,0,0,0,2.796000004,9.515469551,3.8836236,0,0,0,0,-7,0,0.589686513,0.370000005,1,1,1,.,.,.
PERU,135,1973,7,0,0,0,2.78399992,9.543377876,3.8836236,0,0,0,0,-7,0,0.589686513,0.370000005,1,1,1,.,.,.
PERU,135,1974,7,0,0,0,2.927999973,9.571295738,3.8836236,0,0,0,0,-7,0,0.589686513,0.370000005,1,1,1,.,.,.
PERU,135,1975,7,0,0,0,3.138000011,9.59899807,3.8836236,0,0,0,0,-7,0,0.589686513,0.370000005,1,1,1,.,.,.
PERU,135,1976,7,0,0,0,3.164000034,9.62648201,3.8836236,0,0,0,0,-7,0,0.589686513,0.370000005,1,1,1,.,.,.
PERU,135,1977,7,0,0,0,3.105000019,9.653743744,3.8836236,0,0,0,0,-7,0,0.589686513,0.370000005,1,1,1,.,.,.
PERU,135,1978,7,0,0,0,3.04399991,9.680781364,3.8836236,0,0,0,0,-7,0,0.589686513,0.370000005,1,1,1,.,.,.
PERU,135,1979,7,0,0,0,2.796000004,9.707350731,3.8836236,0,0,0,1,-2,1,0.589686513,0.370000005,1,1,1,.,.,.
PERU,135,1980,7,0,0,0,2.798000097,9.733232498,3.8836236,0,0,0,1,3,1,0.589686513,0.370000005,1,1,1,.,.,.
PERU,135,1981,7,1,0,0,2.875,9.758172989,3.8836236,0,0,0,1,7,0,0.589686513,0.370000005,1,1,1,.,.,.
PERU,135,1982,7,0,0,1,3.062000036,9.782279968,3.8836236,0,0,0,1,7,0,0.589686513,0.370000005,1,1,1,.,.,.
PERU,135,1983,7,0,0,1,2.976999998,9.8055439,3.8836236,0,0,0,1,7,0,0.589686513,0.370000005,1,1,1,.,.,.
PERU,135,1984,7,0,0,1,2.562999964,9.828170776,3.8836236,0,0,0,0,7,0,0.589686513,0.370000005,1,1,1,.,.,.
PERU,135,1985,7,0,0,1,2.571000099,9.850297928,3.8836236,0,0,0,0,7,0,0.589686513,0.370000005,1,1,1,.,.,.
PERU,135,1986,7,0,0,1,2.565000057,9.872151375,3.8836236,0,0,0,0,7,0,0.589686513,0.370000005,1,1,1,.,.,.
PERU,135,1987,7,0,0,1,2.838000059,9.893639565,3.8836236,0,0,0,0,7,0,0.589686513,0.370000005,1,1,1,.,.,.
PERU,135,1988,7,0,0,1,3.036000013,9.914823532,3.8836236,0,0,0,0,7,0,0.589686513,0.370000005,1,1,1,.,.,.
PERU,135,1989,7,0,0,1,2.723999977,9.935664177,3.8836236,0,0,0,0,7,0,0.589686513,0.370000005,1,1,1,.,.,.
PERU,135,1990,7,0,0,1,2.246000051,9.95617485,3.8836236,0,0,0,0,7,0,0.589686513,0.370000005,1,1,1,.,.,.
PERU,135,1991,7,0,0,1,2.187999964,9.976366043,3.8836236,0,0,0,0,8,0,0.589686513,0.370000005,1,1,1,.,.,.
PERU,135,1992,7,0,0,1,2.170000076,9.996294975,3.8836236,0,0,0,0,8,0,0.589686513,0.370000005,1,1,1,.,.,.
PERU,135,1993,7,0,0,1,2.092000008,10.01547623,3.8836236,0,0,0,1,-3,1,0.589686513,0.370000005,1,1,1,.,.,.
PERU,135,1994,7,0,0,1,2.154000044,10.03285503,3.8836236,0,0,0,1,1,1,0.589686513,0.370000005,1,1,1,.,.,.
PERU,135,1995,7,0,0,1,2.388999939,10.04974937,3.8836236,0,0,0,1,1,1,0.589686513,0.370000005,1,1,1,.,.,.
PERU,135,1996,7,0,0,1,2.552000046,10.06611633,3.8836236,0,0,0,1,1,1,0.589686513,0.370000005,1,1,1,.,.,.
PERU,135,1997,7,0,0,0,2.569999933,10.08359814,3.8836236,0,0,0,0,1,1,0.589686513,0.370000005,1,1,1,.,.,.
PERU,135,1998,7,0,0,0,2.696000099,10.10114956,3.8836236,0,0,0,0,1,1,0.589686513,0.370000005,1,1,1,.,.,.
PERU,135,1999,7,0,0,0,2.638000011,10.1197691,3.8836236,0,0,0,0,1,1,0.589686513,0.370000005,1,1,1,.,.,.
BRAZIL,140,1945,7,0,0,0,0.884000003,10.7410593,1.4109869,0,0,0,0,0,1,0.070580244,0.379999995,0,0,0,.,.,.
BRAZIL,140,1946,7,0,0,0,0.884000003,10.7410593,1.4109869,0,0,0,1,0,1,0.070580244,0.379999995,0,0,0,.,.,.
BRAZIL,140,1947,7,0,0,0,0.996999979,10.76454067,1.4109869,0,0,0,1,7,0,0.070580244,0.379999995,0,0,0,.,.,.
BRAZIL,140,1948,7,0,0,0,1.072999954,10.78804016,1.4109869,0,0,0,1,5,1,0.070580244,0.379999995,0,0,0,.,.,.
BRAZIL,140,1949,7,0,0,0,1.116000056,10.81154442,1.4109869,0,0,0,1,5,1,0.070580244,0.379999995,0,0,0,.,.,.
BRAZIL,140,1950,7,0,0,0,1.177999973,10.83504105,1.4109869,0,0,0,0,5,1,0.070580244,0.379999995,0,0,0,.,.,.
BRAZIL,140,1951,7,0,0,0,1.264999986,10.87502384,1.4109869,0,0,0,0,5,1,0.070580244,0.379999995,0,0,0,.,.,.
BRAZIL,140,1952,7,0,0,0,1.274999976,10.90821075,1.4109869,0,0,0,0,5,1,0.070580244,0.379999995,0,0,0,.,.,.
BRAZIL,140,1953,7,0,0,0,1.368000031,10.94015312,1.4109869,0,0,0,0,5,1,0.070580244,0.379999995,0,0,0,.,.,.
BRAZIL,140,1954,7,0,0,0,1.355000019,10.97112465,1.4109869,0,0,0,0,5,1,0.070580244,0.379999995,0,0,0,.,.,.
BRAZIL,140,1955,7,0,0,0,1.465000033,11.00129986,1.4109869,0,0,0,0,5,1,0.070580244,0.379999995,0,0,0,.,.,.
BRAZIL,140,1956,7,0,0,0,1.51699996,11.03044415,1.4109869,0,0,0,0,5,1,0.070580244,0.379999995,0,0,0,.,.,.
BRAZIL,140,1957,7,0,0,0,1.501000047,11.06164169,1.4109869,0,0,0,0,5,1,0.070580244,0.379999995,0,0,0,.,.,.
BRAZIL,140,1958,7,0,0,0,1.605999947,11.09187984,1.4109869,0,0,0,0,5,1,0.070580244,0.379999995,0,0,0,.,.,.
BRAZIL,140,1959,7,0,0,0,1.672999978,11.12137794,1.4109869,0,0,0,0,6,0,0.070580244,0.379999995,0,0,0,.,.,.
BRAZIL,140,1960,7,0,0,0,1.733999968,11.14988708,1.4109869,0,0,0,0,6,0,0.070580244,0.379999995,0,0,0,.,.,.
BRAZIL,140,1961,7,0,0,0,1.784000039,11.19263744,1.4109869,0,0,0,0,6,0,0.070580244,0.379999995,0,0,0,.,.,.
BRAZIL,140,1962,7,0,0,0,1.873000026,11.22255993,1.4109869,0,0,0,0,5,1,0.070580244,0.379999995,0,0,0,.,.,.
BRAZIL,140,1963,7,0,0,0,1.924000025,11.25235271,1.4109869,0,0,0,0,5,1,0.070580244,0.379999995,0,0,0,.,.,.
BRAZIL,140,1964,7,0,0,0,1.893000007,11.28225327,1.4109869,0,0,0,0,3,1,0.070580244,0.379999995,0,0,0,.,.,.
BRAZIL,140,1965,7,0,0,0,1.89199996,11.31221581,1.4109869,0,0,0,1,-3,1,0.070580244,0.379999995,0,0,0,.,.,.
BRAZIL,140,1966,7,0,0,0,1.871000051,11.34199524,1.4109869,0,0,0,1,-9,0,0.070580244,0.379999995,0,0,0,.,.,.
BRAZIL,140,1967,7,0,0,0,1.902999997,11.36770344,1.4109869,0,0,0,1,-9,0,0.070580244,0.379999995,0,0,0,.,.,.
BRAZIL,140,1968,7,0,0,0,1.968999982,11.39340973,1.4109869,0,0,0,1,-9,0,0.070580244,0.379999995,0,0,0,.,.,.
BRAZIL,140,1969,7,0,0,0,2.154000044,11.41910934,1.4109869,0,0,0,0,-9,0,0.070580244,0.379999995,0,0,0,.,.,.
BRAZIL,140,1970,7,0,0,0,2.236000061,11.44477463,1.4109869,0,0,0,0,-9,0,0.070580244,0.379999995,0,0,0,.,.,.
BRAZIL,140,1971,7,0,0,0,2.434000015,11.47050858,1.4109869,0,0,0,0,-9,0,0.070580244,0.379999995,0,0,0,.,.,.
BRAZIL,140,1972,7,0,0,0,2.65899992,11.49491405,1.4109869,0,0,0,0,-9,0,0.070580244,0.379999995,0,0,0,.,.,.
BRAZIL,140,1973,7,0,0,0,2.907000065,11.51902676,1.4109869,0,0,0,0,-9,0,0.070580244,0.379999995,0,0,0,.,.,.
BRAZIL,140,1974,7,0,0,0,3.227999926,11.54292107,1.4109869,0,0,0,0,-9,0,0.070580244,0.379999995,0,0,0,.,.,.
BRAZIL,140,1975,7,0,0,0,3.457999945,11.5666275,1.4109869,0,0,0,1,-4,1,0.070580244,0.379999995,0,0,0,.,.,.
BRAZIL,140,1976,7,0,0,0,3.505000114,11.5901823,1.4109869,0,0,0,1,-4,1,0.070580244,0.379999995,0,0,0,.,.,.
BRAZIL,140,1977,7,0,0,0,3.780999899,11.61358452,1.4109869,0,0,0,1,-4,1,0.070580244,0.379999995,0,0,0,.,.,.
BRAZIL,140,1978,7,0,0,0,3.859999895,11.63679695,1.4109869,0,0,0,0,-4,1,0.070580244,0.379999995,0,0,0,.,.,.
BRAZIL,140,1979,7,0,0,0,3.885999918,11.65987873,1.4109869,0,0,0,0,-4,1,0.070580244,0.379999995,0,0,0,.,.,.
BRAZIL,140,1980,7,0,0,0,4.078000069,11.68290424,1.4109869,0,0,0,0,-4,1,0.070580244,0.379999995,0,0,0,.,.,.
BRAZIL,140,1981,7,0,0,0,4.302999973,11.70590687,1.4109869,0,0,0,0,-4,1,0.070580244,0.379999995,0,0,0,.,.,.
BRAZIL,140,1982,7,0,0,0,3.996999979,11.72882652,1.4109869,0,0,0,0,-4,1,0.070580244,0.379999995,0,0,0,.,.,.
BRAZIL,140,1983,7,0,0,0,3.967999935,11.75164318,1.4109869,0,0,0,0,-3,1,0.070580244,0.379999995,0,0,0,.,.,.
BRAZIL,140,1984,7,0,0,0,3.753000021,11.77415848,1.4109869,0,0,0,0,-3,1,0.070580244,0.379999995,0,0,0,.,.,.
BRAZIL,140,1985,7,0,0,0,3.832999945,11.79607201,1.4109869,0,0,0,0,-3,1,0.070580244,0.379999995,0,0,0,.,.,.
BRAZIL,140,1986,7,0,0,0,4.017000198,11.81719875,1.4109869,0,0,0,1,7,0,0.070580244,0.379999995,0,0,0,.,.,.
BRAZIL,140,1987,7,0,0,0,4.294000149,11.83759212,1.4109869,0,0,0,1,7,0,0.070580244,0.379999995,0,0,0,.,.,.
BRAZIL,140,1988,7,0,0,0,4.316999912,11.85725975,1.4109869,0,0,0,1,7,0,0.070580244,0.379999995,0,0,0,.,.,.
BRAZIL,140,1989,7,0,0,0,4.208000183,11.87619972,1.4109869,0,0,0,0,8,0,0.070580244,0.379999995,0,0,0,.,.,.
BRAZIL,140,1990,7,0,0,0,4.270999908,11.89443207,1.4109869,0,0,0,0,8,0,0.070580244,0.379999995,0,0,0,.,.,.
BRAZIL,140,1991,7,0,0,0,4.041999817,11.91198349,1.4109869,0,0,0,0,8,0,0.070580244,0.379999995,0,0,0,.,.,.
BRAZIL,140,1992,7,0,0,0,4.006999969,11.92786598,1.4109869,0,0,0,0,8,0,0.070580244,0.379999995,0,0,0,.,.,.
BRAZIL,140,1993,7,0,0,0,3.881999969,11.94470787,1.4109869,0,0,0,0,8,0,0.070580244,0.379999995,0,0,0,.,.,.
BRAZIL,140,1994,7,0,0,0,4.012000084,11.95095348,1.4109869,0,0,0,0,8,0,0.070580244,0.379999995,0,0,0,.,.,.
BRAZIL,140,1995,7,0,0,0,4.18900013,11.96519852,1.4109869,0,0,0,0,8,0,0.070580244,0.379999995,0,0,0,.,.,.
BRAZIL,140,1996,7,0,0,0,4.306000233,11.9788332,1.4109869,0,0,0,0,8,0,0.070580244,0.379999995,0,0,0,.,.,.
BRAZIL,140,1997,7,0,0,0,4.367000103,11.992342,1.4109869,0,0,0,0,8,0,0.070580244,0.379999995,0,0,0,.,.,.
BRAZIL,140,1998,7,0,0,0,4.447000027,12.00572491,1.4109869,0,0,0,0,8,0,0.070580244,0.379999995,0,0,0,.,.,.
BRAZIL,140,1999,7,0,0,0,4.385000229,12.01898193,1.4109869,0,0,0,0,8,0,0.070580244,0.379999995,0,0,0,.,.,.
BOLIVIA,145,1945,7,0,0,0,.,7.957877159,3.608211517,0,0,0,0,-5,1,0.678132951,0.289999992,1,1,1,.,.,.
BOLIVIA,145,1946,7,0,0,0,.,7.957877159,3.608211517,0,0,0,0,-5,1,0.678132951,0.289999992,1,1,1,.,.,.
BOLIVIA,145,1947,7,0,0,0,1.036000013,7.967973232,3.608211517,0,0,0,0,-5,1,0.678132951,0.289999992,1,1,1,.,.,.
BOLIVIA,145,1948,7,0,0,0,1.057999969,7.978311062,3.608211517,0,0,0,0,-5,1,0.678132951,0.289999992,1,1,1,.,.,.
BOLIVIA,145,1949,7,0,0,0,1.078999996,7.988543034,3.608211517,0,0,0,0,-5,1,0.678132951,0.289999992,1,1,1,.,.,.
BOLIVIA,145,1950,7,0,0,0,1.131000042,7.998671532,3.608211517,0,0,0,0,-5,1,0.678132951,0.289999992,1,1,1,.,.,.
BOLIVIA,145,1951,7,0,0,0,1.274000049,7.925157547,3.608211517,0,0,0,0,-5,1,0.678132951,0.289999992,1,1,1,.,.,.
BOLIVIA,145,1952,7,1,0,0,1.396000028,7.946971416,3.608211517,0,0,0,0,-5,1,0.678132951,0.289999992,1,1,1,.,.,.
BOLIVIA,145,1953,7,0,0,1,1.383000016,7.9686656,3.608211517,0,0,0,1,-4,1,0.678132951,0.289999992,1,1,1,.,.,.
BOLIVIA,145,1954,7,0,0,0,1.184000015,7.989560604,3.608211517,0,0,0,1,-4,1,0.678132951,0.289999992,1,1,1,.,.,.
BOLIVIA,145,1955,7,0,0,0,1.180999994,8.010027885,3.608211517,0,0,0,1,-4,1,0.678132951,0.289999992,1,1,1,.,.,.
BOLIVIA,145,1956,7,0,0,0,1.258000016,8.030083656,3.608211517,0,0,0,1,-4,1,0.678132951,0.289999992,1,1,1,.,.,.
BOLIVIA,145,1957,7,0,0,0,1.161000013,8.052932739,3.608211517,0,0,0,1,-3,1,0.678132951,0.289999992,1,1,1,.,.,.
BOLIVIA,145,1958,7,0,0,0,1.139000058,8.075582504,3.608211517,0,0,0,1,-3,1,0.678132951,0.289999992,1,1,1,.,.,.
BOLIVIA,145,1959,7,0,0,0,1.136999965,8.097426414,3.608211517,0,0,0,0,-3,1,0.678132951,0.289999992,1,1,1,.,.,.
BOLIVIA,145,1960,7,0,0,0,1.105000019,8.118803024,3.608211517,0,0,0,0,-3,1,0.678132951,0.289999992,1,1,1,.,.,.
BOLIVIA,145,1961,7,0,0,0,1.148000002,8.139732361,3.608211517,0,0,0,0,-3,1,0.678132951,0.289999992,1,1,1,.,.,.
BOLIVIA,145,1962,7,0,0,0,1.149999976,8.162516594,3.608211517,0,0,0,0,-3,1,0.678132951,0.289999992,1,1,1,.,.,.
BOLIVIA,145,1963,7,0,0,0,1.218999982,8.185350418,3.608211517,0,0,0,0,-3,1,0.678132951,0.289999992,1,1,1,.,.,.
BOLIVIA,145,1964,7,0,0,0,1.264000058,8.207946777,3.608211517,0,0,0,0,-3,1,0.678132951,0.289999992,1,1,1,.,.,.
BOLIVIA,145,1965,7,0,0,0,1.27699995,8.230843544,3.608211517,0,0,0,0,-4,1,0.678132951,0.289999992,1,1,1,.,.,.
BOLIVIA,145,1966,7,0,0,0,1.345999956,8.253487587,3.608211517,0,0,0,0,-4,1,0.678132951,0.289999992,1,1,1,.,.,.
BOLIVIA,145,1967,7,0,0,0,1.396000028,8.277157784,3.608211517,0,0,0,0,-4,1,0.678132951,0.289999992,1,1,1,.,.,.
BOLIVIA,145,1968,7,0,0,0,1.42900002,8.301025391,3.608211517,0,0,0,0,-4,1,0.678132951,0.289999992,1,1,1,.,.,.
BOLIVIA,145,1969,7,0,0,0,1.544999957,8.324579239,3.608211517,0,0,0,0,-4,1,0.678132951,0.289999992,1,1,1,.,.,.
BOLIVIA,145,1970,7,0,0,0,1.554999948,8.348537445,3.608211517,0,0,0,0,-4,1,0.678132951,0.289999992,1,1,1,.,.,.
BOLIVIA,145,1971,7,0,0,0,1.661000013,8.372167587,3.608211517,0,0,0,0,-5,1,0.678132951,0.289999992,1,1,1,.,.,.
BOLIVIA,145,1972,7,0,0,0,1.699000001,8.396380424,3.608211517,0,0,0,0,-7,0,0.678132951,0.289999992,1,1,1,.,.,.
BOLIVIA,145,1973,7,0,0,0,1.692999959,8.420681953,3.608211517,0,0,0,0,-7,0,0.678132951,0.289999992,1,1,1,.,.,.
BOLIVIA,145,1974,7,0,0,0,1.802999973,8.445267677,3.608211517,0,0,0,0,-7,0,0.678132951,0.289999992,1,1,1,.,.,.
BOLIVIA,145,1975,7,0,0,0,1.838000059,8.470311165,3.608211517,0,0,0,0,-7,0,0.678132951,0.289999992,1,1,1,.,.,.
BOLIVIA,145,1976,7,0,0,0,1.835000038,8.495765686,3.608211517,0,0,0,0,-7,0,0.678132951,0.289999992,1,1,1,.,.,.
BOLIVIA,145,1977,7,0,0,0,1.950000048,8.521583557,3.608211517,0,0,0,0,-7,0,0.678132951,0.289999992,1,1,1,.,.,.
BOLIVIA,145,1978,7,0,0,0,1.976999998,8.547916412,3.608211517,0,0,0,0,-7,0,0.678132951,0.289999992,1,1,1,.,.,.
BOLIVIA,145,1979,7,0,0,0,2.015000105,8.574518204,3.608211517,0,0,0,1,-4,1,0.678132951,0.289999992,1,1,1,.,.,.
BOLIVIA,145,1980,7,0,0,0,2.04399991,8.600982666,3.608211517,0,0,0,1,-4,1,0.678132951,0.289999992,1,1,1,.,.,.
BOLIVIA,145,1981,7,0,0,0,1.988999963,8.627122879,3.608211517,0,1,0,1,-7,0,0.678132951,0.289999992,1,1,1,.,.,.
BOLIVIA,145,1982,7,0,0,0,2.012000084,8.653121948,3.608211517,0,1,0,1,-7,0,0.678132951,0.289999992,1,1,1,.,.,.
BOLIVIA,145,1983,7,0,0,0,1.863999963,8.678972244,3.608211517,0,1,0,1,8,0,0.678132951,0.289999992,1,1,1,.,.,.
BOLIVIA,145,1984,7,0,0,0,1.815999985,8.704502106,3.608211517,0,1,0,1,8,0,0.678132951,0.289999992,1,1,1,.,.,.
BOLIVIA,145,1985,7,0,0,0,1.779999971,8.72988224,3.608211517,0,1,0,1,8,0,0.678132951,0.289999992,1,1,1,.,.,.
BOLIVIA,145,1986,7,0,0,0,1.753999949,8.75494957,3.608211517,0,1,0,0,9,0,0.678132951,0.289999992,1,1,1,.,.,.
BOLIVIA,145,1987,7,0,0,0,1.674000025,8.779865265,3.608211517,0,1,0,0,9,0,0.678132951,0.289999992,1,1,1,.,.,.
BOLIVIA,145,1988,7,0,0,0,1.667000055,8.804625511,3.608211517,0,1,0,0,9,0,0.678132951,0.289999992,1,1,1,.,.,.
BOLIVIA,145,1989,7,0,0,0,1.669999957,8.829226494,3.608211517,0,0,0,0,9,0,0.678132951,0.289999992,1,1,1,.,.,.
BOLIVIA,145,1990,7,0,0,0,1.664999962,8.853665352,3.608211517,0,0,0,0,9,0,0.678132951,0.289999992,1,1,1,.,.,.
BOLIVIA,145,1991,7,0,0,0,1.657999992,8.877940178,3.608211517,0,0,0,0,9,0,0.678132951,0.289999992,1,1,1,.,.,.
BOLIVIA,145,1992,7,0,0,0,1.69599998,8.902047157,3.608211517,0,0,0,0,9,0,0.678132951,0.289999992,1,1,1,.,.,.
BOLIVIA,145,1993,7,0,0,0,1.720999956,8.925852776,3.608211517,0,0,0,0,9,0,0.678132951,0.289999992,1,1,1,.,.,.
BOLIVIA,145,1994,7,0,0,0,1.751999974,8.862908363,3.608211517,0,0,0,0,9,0,0.678132951,0.289999992,1,1,1,.,.,.
BOLIVIA,145,1995,7,0,0,0,1.789999962,8.886961937,3.608211517,0,0,0,0,9,0,0.678132951,0.289999992,1,1,1,.,.,.
BOLIVIA,145,1996,7,0,0,0,1.828999996,8.911125183,3.608211517,0,0,0,0,9,0,0.678132951,0.289999992,1,1,1,.,.,.
BOLIVIA,145,1997,7,0,0,0,1.86500001,8.934323311,3.608211517,0,0,0,0,9,0,0.678132951,0.289999992,1,1,1,.,.,.
BOLIVIA,145,1998,7,0,0,0,1.911999941,8.957639694,3.608211517,0,0,0,0,9,0,0.678132951,0.289999992,1,1,1,.,.,.
BOLIVIA,145,1999,7,0,0,0,1.970999956,8.980770111,3.608211517,0,0,0,0,9,0,0.678132951,0.289999992,1,1,1,.,.,.
PARAGUAY,150,1945,7,0,0,0,.,7.12849617,0.741937339,0,0,0,0,-9,0,0.144922376,0.050000001,0,0,0,.,.,.
PARAGUAY,150,1946,7,0,0,0,.,7.12849617,0.741937339,0,0,0,0,-9,0,0.144922376,0.050000001,0,0,0,.,.,.
PARAGUAY,150,1947,7,1,0,0,1.031000018,7.150701523,0.741937339,0,0,0,0,-9,0,0.144922376,0.050000001,0,0,0,.,.,.
PARAGUAY,150,1948,7,0,0,1,1.049999952,7.173958302,0.741937339,0,0,0,1,-5,1,0.144922376,0.050000001,0,0,0,.,.,.
PARAGUAY,150,1949,7,0,0,0,1.069000006,7.196686745,0.741937339,0,0,0,1,-5,1,0.144922376,0.050000001,0,0,0,.,.,.
PARAGUAY,150,1950,7,0,0,0,1.093000054,7.219642162,0.741937339,0,0,0,1,-5,1,0.144922376,0.050000001,0,0,0,.,.,.
PARAGUAY,150,1951,7,0,0,0,1.253000021,7.249925613,0.741937339,0,0,0,0,-5,1,0.144922376,0.050000001,0,0,0,.,.,.
PARAGUAY,150,1952,7,0,0,0,1.200000048,7.277938366,0.741937339,0,0,0,0,-5,1,0.144922376,0.050000001,0,0,0,.,.,.
PARAGUAY,150,1953,7,0,0,0,1.17900002,7.305188179,0.741937339,0,0,0,0,-5,1,0.144922376,0.050000001,0,0,0,.,.,.
PARAGUAY,150,1954,7,0,0,0,1.136999965,7.331715107,0.741937339,0,0,0,0,-5,1,0.144922376,0.050000001,0,0,0,.,.,.
PARAGUAY,150,1955,7,0,0,0,1.164999962,7.358193874,0.741937339,0,0,0,1,-9,0,0.144922376,0.050000001,0,0,0,.,.,.
PARAGUAY,150,1956,7,0,0,0,1.248999953,7.383368015,0.741937339,0,0,0,1,-9,0,0.144922376,0.050000001,0,0,0,.,.,.
PARAGUAY,150,1957,7,0,0,0,1.192000031,7.409741879,0.741937339,0,0,0,1,-9,0,0.144922376,0.050000001,0,0,0,.,.,.
PARAGUAY,150,1958,7,0,0,0,1.20599997,7.436028004,0.741937339,0,0,0,0,-9,0,0.144922376,0.050000001,0,0,0,.,.,.
PARAGUAY,150,1959,7,0,0,0,1.251999974,7.461065292,0.741937339,0,0,0,0,-9,0,0.144922376,0.050000001,0,0,0,.,.,.
PARAGUAY,150,1960,7,0,0,0,1.210999966,7.485491753,0.741937339,0,0,0,0,-9,0,0.144922376,0.050000001,0,0,0,.,.,.
PARAGUAY,150,1961,7,0,0,0,1.177000046,7.509335041,0.741937339,0,0,0,0,-9,0,0.144922376,0.050000001,0,0,0,.,.,.
PARAGUAY,150,1962,7,0,0,0,1.207999945,7.535296917,0.741937339,0,0,0,0,-9,0,0.144922376,0.050000001,0,0,0,.,.,.
PARAGUAY,150,1963,7,0,0,0,1.235999942,7.560601234,0.741937339,0,0,0,0,-9,0,0.144922376,0.050000001,0,0,0,.,.,.
PARAGUAY,150,1964,7,0,0,0,1.245000005,7.585788727,0.741937339,0,0,0,0,-9,0,0.144922376,0.050000001,0,0,0,.,.,.
PARAGUAY,150,1965,7,0,0,0,1.271999955,7.610852718,0.741937339,0,0,0,0,-9,0,0.144922376,0.050000001,0,0,0,.,.,.
PARAGUAY,150,1966,7,0,0,0,1.27699995,7.636752129,0.741937339,0,0,0,0,-9,0,0.144922376,0.050000001,0,0,0,.,.,.
PARAGUAY,150,1967,7,0,0,0,1.274999976,7.661997795,0.741937339,0,0,0,0,-9,0,0.144922376,0.050000001,0,0,0,.,.,.
PARAGUAY,150,1968,7,0,0,0,1.319000006,7.687080383,0.741937339,0,0,0,0,-8,0,0.144922376,0.050000001,0,0,0,.,.,.
PARAGUAY,150,1969,7,0,0,0,1.350999951,7.711996555,0.741937339,0,0,0,0,-8,0,0.144922376,0.050000001,0,0,0,.,.,.
PARAGUAY,150,1970,7,0,0,0,1.381000042,7.735870361,0.741937339,0,0,0,0,-8,0,0.144922376,0.050000001,0,0,0,.,.,.
PARAGUAY,150,1971,7,0,0,0,1.394000053,7.76259613,0.741937339,0,0,0,0,-8,0,0.144922376,0.050000001,0,0,0,.,.,.
PARAGUAY,150,1972,7,0,0,0,1.447999954,7.788211346,0.741937339,0,0,0,0,-8,0,0.144922376,0.050000001,0,0,0,.,.,.
PARAGUAY,150,1973,7,0,0,0,1.470999956,7.81359148,0.741937339,0,0,0,0,-8,0,0.144922376,0.050000001,0,0,0,.,.,.
PARAGUAY,150,1974,7,0,0,0,1.521999955,7.839131832,0.741937339,0,0,0,0,-8,0,0.144922376,0.050000001,0,0,0,.,.,.
PARAGUAY,150,1975,7,0,0,0,1.61500001,7.865955353,0.741937339,0,0,0,0,-8,0,0.144922376,0.050000001,0,0,0,.,.,.
PARAGUAY,150,1976,7,0,0,0,1.646999955,7.894318104,0.741937339,0,0,0,0,-8,0,0.144922376,0.050000001,0,0,0,.,.,.
PARAGUAY,150,1977,7,0,0,0,1.741999984,7.924434185,0.741937339,0,0,0,0,-8,0,0.144922376,0.050000001,0,0,0,.,.,.
PARAGUAY,150,1978,7,0,0,0,1.934999943,7.956126213,0.741937339,0,0,0,0,-8,0,0.144922376,0.050000001,0,0,0,.,.,.
PARAGUAY,150,1979,7,0,0,0,2.056999922,7.988543034,0.741937339,0,0,0,0,-8,0,0.144922376,0.050000001,0,0,0,.,.,.
PARAGUAY,150,1980,7,0,0,0,2.028000116,8.021584511,0.741937339,0,0,0,0,-8,0,0.144922376,0.050000001,0,0,0,.,.,.
PARAGUAY,150,1981,7,0,0,0,2.53399992,8.054204941,0.741937339,0,0,0,0,-8,0,0.144922376,0.050000001,0,0,0,.,.,.
PARAGUAY,150,1982,7,0,0,0,2.619999886,8.086717606,0.741937339,0,0,0,0,-8,0,0.144922376,0.050000001,0,0,0,.,.,.
PARAGUAY,150,1983,7,0,0,0,2.414000034,8.119398117,0.741937339,0,0,0,0,-8,0,0.144922376,0.050000001,0,0,0,.,.,.
PARAGUAY,150,1984,7,0,0,0,2.075000048,8.151333809,0.741937339,0,0,0,0,-8,0,0.144922376,0.050000001,0,0,0,.,.,.
PARAGUAY,150,1985,7,0,0,0,2.144000053,8.183117867,0.741937339,0,0,0,0,-8,0,0.144922376,0.050000001,0,0,0,.,.,.
PARAGUAY,150,1986,7,0,0,0,2.072000027,8.214194298,0.741937339,0,0,0,0,-8,0,0.144922376,0.050000001,0,0,0,.,.,.
PARAGUAY,150,1987,7,0,0,0,1.998000026,8.244596481,0.741937339,0,0,0,0,-8,0,0.144922376,0.050000001,0,0,0,.,.,.
PARAGUAY,150,1988,7,0,0,0,2.052999973,8.274611473,0.741937339,0,0,0,0,-8,0,0.144922376,0.050000001,0,0,0,.,.,.
PARAGUAY,150,1989,7,0,0,0,2.012000084,8.303999901,0.741937339,0,0,0,0,-8,0,0.144922376,0.050000001,0,0,0,.,.,.
PARAGUAY,150,1990,7,0,0,0,2.015000105,8.332789421,0.741937339,0,0,0,1,2,1,0.144922376,0.050000001,0,0,0,.,.,.
PARAGUAY,150,1991,7,0,0,0,2.128000021,8.361006737,0.741937339,0,0,0,1,2,1,0.144922376,0.050000001,0,0,0,.,.,.
PARAGUAY,150,1992,7,0,0,0,2.145999908,8.388677597,0.741937339,0,0,0,1,2,1,0.144922376,0.050000001,0,0,0,.,.,.
PARAGUAY,150,1993,7,0,0,0,2.177999973,8.416046143,0.741937339,0,0,0,1,7,0,0.144922376,0.050000001,0,0,0,.,.,.
PARAGUAY,150,1994,7,0,0,0,2.207999945,8.432188988,0.741937339,0,0,0,1,7,0,0.144922376,0.050000001,0,0,0,.,.,.
PARAGUAY,150,1995,7,0,0,0,2.217999935,8.457844734,0.741937339,0,0,0,1,7,0,0.144922376,0.050000001,0,0,0,.,.,.
PARAGUAY,150,1996,7,0,0,0,2.26699996,8.482187271,0.741937339,0,0,0,0,7,0,0.144922376,0.050000001,0,0,0,.,.,.
PARAGUAY,150,1997,7,0,0,0,2.236999989,8.508152008,0.741937339,0,0,0,0,7,0,0.144922376,0.050000001,0,0,0,.,.,.
PARAGUAY,150,1998,7,0,0,0,2.236000061,8.534049988,0.741937339,0,0,0,0,7,0,0.144922376,0.050000001,0,0,0,.,.,.
PARAGUAY,150,1999,7,0,0,0,2.170000076,8.557993889,0.741937339,0,0,0,0,6,0,0.144922376,0.050000001,0,0,0,.,.,.
CHILE,155,1945,7,0,0,0,.,8.619930267,4.070734501,0,0,0,0,2,1,0.140437067,0.25,1,0,0,.,.,.
CHILE,155,1946,7,0,0,0,.,8.619930267,4.070734501,0,0,0,0,2,1,0.140437067,0.25,1,0,0,.,.,.
CHILE,155,1947,7,0,0,0,2.242000103,8.638171196,4.070734501,0,0,0,0,2,1,0.140437067,0.25,1,0,0,.,.,.
CHILE,155,1948,7,0,0,0,2.519999981,8.656607628,4.070734501,0,0,0,0,2,1,0.140437067,0.25,1,0,0,.,.,.
CHILE,155,1949,7,0,0,0,2.63499999,8.670944214,4.070734501,0,0,0,0,2,1,0.140437067,0.25,1,0,0,.,.,.
CHILE,155,1950,7,0,0,0,2.414999962,8.69030571,4.070734501,0,0,0,0,2,1,0.140437067,0.25,1,0,0,.,.,.
CHILE,155,1951,7,0,0,0,2.430999994,8.7289114,4.070734501,0,0,0,0,2,1,0.140437067,0.25,1,0,0,.,.,.
CHILE,155,1952,7,0,0,0,2.494999886,8.750207901,4.070734501,0,0,0,0,2,1,0.140437067,0.25,1,0,0,.,.,.
CHILE,155,1953,7,0,0,0,2.582000017,8.770904541,4.070734501,0,0,0,0,2,1,0.140437067,0.25,1,0,0,.,.,.
CHILE,155,1954,7,0,0,0,2.749000072,8.791334152,4.070734501,0,0,0,0,2,1,0.140437067,0.25,1,0,0,.,.,.
CHILE,155,1955,7,0,0,0,2.617000103,8.81120491,4.070734501,0,0,0,0,2,1,0.140437067,0.25,1,0,0,.,.,.
CHILE,155,1956,7,0,0,0,2.619999886,8.83068943,4.070734501,0,0,0,1,5,1,0.140437067,0.25,1,0,0,.,.,.
CHILE,155,1957,7,0,0,0,2.573999882,8.855378151,4.070734501,0,0,0,1,5,1,0.140437067,0.25,1,0,0,.,.,.
CHILE,155,1958,7,0,0,0,2.752000093,8.879472733,4.070734501,0,0,0,1,5,1,0.140437067,0.25,1,0,0,.,.,.
CHILE,155,1959,7,0,0,0,2.796000004,8.902863503,4.070734501,0,0,0,0,5,1,0.140437067,0.25,1,0,0,.,.,.
CHILE,155,1960,7,0,0,0,2.684000015,8.925852776,4.070734501,0,0,0,0,5,1,0.140437067,0.25,1,0,0,.,.,.
CHILE,155,1961,7,0,0,0,2.88499999,8.948326111,4.070734501,0,0,0,0,5,1,0.140437067,0.25,1,0,0,.,.,.
CHILE,155,1962,7,0,0,0,3.012000084,8.972463608,4.070734501,0,0,0,0,5,1,0.140437067,0.25,1,0,0,.,.,.
CHILE,155,1963,7,0,0,0,3.068000078,8.996032715,4.070734501,0,0,0,0,5,1,0.140437067,0.25,1,0,0,.,.,.
CHILE,155,1964,7,0,0,0,3.14199996,9.018938065,4.070734501,0,0,0,0,5,1,0.140437067,0.25,1,0,0,.,.,.
CHILE,155,1965,7,0,0,0,3.177000046,9.041448593,4.070734501,0,0,0,0,6,0,0.140437067,0.25,1,0,0,.,.,.
CHILE,155,1966,7,0,0,0,3.263999939,9.063347816,4.070734501,0,0,0,0,6,0,0.140437067,0.25,1,0,0,.,.,.
CHILE,155,1967,7,0,0,0,3.430999994,9.083415985,4.070734501,0,0,0,0,6,0,0.140437067,0.25,1,0,0,.,.,.
CHILE,155,1968,7,0,0,0,3.434999943,9.102866173,4.070734501,0,0,0,0,6,0,0.140437067,0.25,1,0,0,.,.,.
CHILE,155,1969,7,0,0,0,3.493000031,9.122164726,4.070734501,0,0,0,0,6,0,0.140437067,0.25,1,0,0,.,.,.
CHILE,155,1970,7,0,0,0,3.562999964,9.140990257,4.070734501,0,0,0,0,6,0,0.140437067,0.25,1,0,0,.,.,.
CHILE,155,1971,7,0,0,0,3.605000019,9.159467697,4.070734501,0,0,0,0,6,0,0.140437067,0.25,1,0,0,.,.,.
CHILE,155,1972,7,0,0,0,3.881000042,9.177817345,4.070734501,0,0,0,0,6,0,0.140437067,0.25,1,0,0,.,.,.
CHILE,155,1973,7,0,0,0,3.851999998,9.195530891,4.070734501,0,0,0,0,6,0,0.140437067,0.25,1,0,0,.,.,.
CHILE,155,1974,7,0,0,0,3.61500001,9.212637901,4.070734501,0,0,0,1,-7,0,0.140437067,0.25,1,0,0,.,.,.
CHILE,155,1975,7,0,0,0,3.561000109,9.229063988,4.070734501,0,0,0,1,-7,0,0.140437067,0.25,1,0,0,.,.,.
CHILE,155,1976,7,0,0,0,2.986000061,9.24474144,4.070734501,0,0,0,1,-7,0,0.140437067,0.25,1,0,0,.,.,.
CHILE,155,1977,7,0,0,0,2.941999912,9.259892464,4.070734501,0,0,0,0,-7,0,0.140437067,0.25,1,0,0,.,.,.
CHILE,155,1978,7,0,0,0,3.203000069,9.274347305,4.070734501,0,0,0,0,-7,0,0.140437067,0.25,1,0,0,.,.,.
CHILE,155,1979,7,0,0,0,3.41899991,9.288689613,4.070734501,0,0,0,0,-7,0,0.140437067,0.25,1,0,0,.,.,.
CHILE,155,1980,7,0,0,0,3.698999882,9.303375244,4.070734501,0,0,0,0,-7,0,0.140437067,0.25,1,0,0,.,.,.
CHILE,155,1981,7,0,0,0,3.89199996,9.318746567,4.070734501,0,0,0,0,-7,0,0.140437067,0.25,1,0,0,.,.,.
CHILE,155,1982,7,0,0,0,4.119999886,9.334768295,4.070734501,0,0,0,0,-7,0,0.140437067,0.25,1,0,0,.,.,.
CHILE,155,1983,7,0,0,0,3.460000038,9.351492882,4.070734501,0,0,0,0,-7,0,0.140437067,0.25,1,0,0,.,.,.
CHILE,155,1984,7,0,0,0,3.200000048,9.36853981,4.070734501,0,0,0,0,-6,0,0.140437067,0.25,1,0,0,.,.,.
CHILE,155,1985,7,0,0,0,3.372999907,9.385721207,4.070734501,0,0,0,0,-6,0,0.140437067,0.25,1,0,0,.,.,.
CHILE,155,1986,7,0,0,0,3.467000008,9.402777672,4.070734501,0,0,0,0,-6,0,0.140437067,0.25,1,0,0,.,.,.
CHILE,155,1987,7,0,0,0,3.572000027,9.419709206,4.070734501,0,0,0,0,-6,0,0.140437067,0.25,1,0,0,.,.,.
CHILE,155,1988,7,0,0,0,3.782000065,9.436519623,4.070734501,0,0,0,0,-6,0,0.140437067,0.25,1,0,0,.,.,.
CHILE,155,1989,7,0,0,0,3.989000082,9.453129768,4.070734501,0,0,0,1,-1,1,0.140437067,0.25,1,0,0,.,.,.
CHILE,155,1990,7,0,0,0,4.361000061,9.46969986,4.070734501,0,0,0,1,8,0,0.140437067,0.25,1,0,0,.,.,.
CHILE,155,1991,7,0,0,0,4.337999821,9.485924721,4.070734501,0,0,0,1,8,0,0.140437067,0.25,1,0,0,.,.,.
CHILE,155,1992,7,0,0,0,4.471000195,9.501964569,4.070734501,0,0,0,1,8,0,0.140437067,0.25,1,0,0,.,.,.
CHILE,155,1993,7,0,0,0,4.889999866,9.517751694,4.070734501,0,0,0,0,8,0,0.140437067,0.25,1,0,0,.,.,.
CHILE,155,1994,7,0,0,0,5.145999908,9.530334473,4.070734501,0,0,0,0,8,0,0.140437067,0.25,1,0,0,.,.,.
CHILE,155,1995,7,0,0,0,5.353000164,9.546412468,4.070734501,0,0,0,0,8,0,0.140437067,0.25,1,0,0,.,.,.
CHILE,155,1996,7,0,0,0,5.830999851,9.561729431,4.070734501,0,0,0,0,8,0,0.140437067,0.25,1,0,0,.,.,.
CHILE,155,1997,7,0,0,0,6.172999859,9.576288223,4.070734501,0,0,0,0,8,0,0.140437067,0.25,1,0,0,.,.,.
CHILE,155,1998,7,0,0,0,6.537000179,9.59028244,4.070734501,0,0,0,0,8,0,0.140437067,0.25,1,0,0,.,.,.
CHILE,155,1999,7,0,0,0,6.666999817,9.603867531,4.070734501,0,0,0,0,8,0,0.140437067,0.25,1,0,0,.,.,.
ARGENTINA,160,1945,7,0,0,0,2.243000031,9.641472816,3.380994558,0,0,0,0,-8,0,0.307319164,0.150000006,0,0,0,.,.,.
ARGENTINA,160,1946,7,0,0,0,2.243000031,9.641472816,3.380994558,0,0,0,0,-8,0,0.307319164,0.150000006,0,0,0,.,.,.
ARGENTINA,160,1947,7,0,0,0,3.072000027,9.658481598,3.380994558,0,0,0,1,-8,0,0.307319164,0.150000006,0,0,0,.,.,.
ARGENTINA,160,1948,7,0,0,0,3.288000107,9.676712036,3.380994558,0,0,0,1,-9,0,0.307319164,0.150000006,0,0,0,.,.,.
ARGENTINA,160,1949,7,0,0,0,3.74000001,9.697937965,3.380994558,0,0,0,1,-9,0,0.307319164,0.150000006,0,0,0,.,.,.
ARGENTINA,160,1950,7,0,0,0,3.41899991,9.72142601,3.380994558,0,0,0,1,-9,0,0.307319164,0.150000006,0,0,0,.,.,.
ARGENTINA,160,1951,7,0,0,0,4.032000065,9.749752998,3.380994558,0,0,0,0,-9,0,0.307319164,0.150000006,0,0,0,.,.,.
ARGENTINA,160,1952,7,0,0,0,4.160999775,9.770356178,3.380994558,0,0,0,0,-9,0,0.307319164,0.150000006,0,0,0,.,.,.
ARGENTINA,160,1953,7,0,0,0,3.818000078,9.790431023,3.380994558,0,0,0,0,-9,0,0.307319164,0.150000006,0,0,0,.,.,.
ARGENTINA,160,1954,7,0,0,0,3.835999966,9.810110092,3.380994558,0,0,0,0,-9,0,0.307319164,0.150000006,0,0,0,.,.,.
ARGENTINA,160,1955,7,1,0,0,3.971999884,9.829518318,3.380994558,0,0,0,0,-9,0,0.307319164,0.150000006,0,0,0,.,.,.
ARGENTINA,160,1956,7,0,0,1,4.249000072,9.848397255,3.380994558,0,0,0,1,-6,0,0.307319164,0.150000006,0,0,0,.,.,.
ARGENTINA,160,1957,7,0,0,0,4.184000015,9.86609745,3.380994558,0,0,0,1,-3,1,0.307319164,0.150000006,0,0,0,.,.,.
ARGENTINA,160,1958,7,0,0,0,4.342999935,9.883386612,3.380994558,0,0,0,1,-1,1,0.307319164,0.150000006,0,0,0,.,.,.
ARGENTINA,160,1959,7,0,0,0,4.578000069,9.900483131,3.380994558,0,0,0,1,-1,1,0.307319164,0.150000006,0,0,0,.,.,.
ARGENTINA,160,1960,7,0,0,0,4.197000027,9.917143822,3.380994558,0,0,0,0,-1,1,0.307319164,0.150000006,0,0,0,.,.,.
ARGENTINA,160,1961,7,0,0,0,4.461999893,9.933919907,3.380994558,0,0,0,0,-1,1,0.307319164,0.150000006,0,0,0,.,.,.
ARGENTINA,160,1962,7,0,0,0,4.77699995,9.949368477,3.380994558,0,0,0,0,-1,1,0.307319164,0.150000006,0,0,0,.,.,.
ARGENTINA,160,1963,7,0,0,0,4.527999878,9.964911461,3.380994558,0,0,0,0,-1,1,0.307319164,0.150000006,0,0,0,.,.,.
ARGENTINA,160,1964,7,0,0,0,4.293000221,9.980587006,3.380994558,0,0,0,0,-1,1,0.307319164,0.150000006,0,0,0,.,.,.
ARGENTINA,160,1965,7,0,0,0,4.704999924,9.99611187,3.380994558,0,0,0,0,-1,1,0.307319164,0.150000006,0,0,0,.,.,.
ARGENTINA,160,1966,7,0,0,0,5.018000126,10.01157951,3.380994558,0,0,0,0,-1,1,0.307319164,0.150000006,0,0,0,.,.,.
ARGENTINA,160,1967,7,0,0,0,4.955999851,10.02610302,3.380994558,0,0,0,1,-9,0,0.307319164,0.150000006,0,0,0,.,.,.
ARGENTINA,160,1968,7,0,0,0,5.018000126,10.04063702,3.380994558,0,0,0,1,-9,0,0.307319164,0.150000006,0,0,0,.,.,.
ARGENTINA,160,1969,7,0,0,0,5.169000149,10.05526352,3.380994558,0,0,0,1,-9,0,0.307319164,0.150000006,0,0,0,.,.,.
ARGENTINA,160,1970,7,0,0,0,5.500999928,10.06976414,3.380994558,0,0,0,0,-9,0,0.307319164,0.150000006,0,0,0,.,.,.
ARGENTINA,160,1971,7,0,0,0,5.637000084,10.0842247,3.380994558,0,0,0,0,-9,0,0.307319164,0.150000006,0,0,0,.,.,.
ARGENTINA,160,1972,7,0,0,0,5.816999912,10.10020542,3.380994558,0,0,0,0,-9,0,0.307319164,0.150000006,0,0,0,.,.,.
ARGENTINA,160,1973,7,1,0,0,5.809999943,10.11686325,3.380994558,0,0,0,0,-9,0,0.307319164,0.150000006,0,0,0,.,.,.
ARGENTINA,160,1974,7,0,0,1,5.926000118,10.13392448,3.380994558,0,0,0,1,6,0,0.307319164,0.150000006,0,0,0,.,.,.
ARGENTINA,160,1975,7,0,0,1,6.168000221,10.15101147,3.380994558,0,0,0,1,6,0,0.307319164,0.150000006,0,0,0,.,.,.
ARGENTINA,160,1976,7,0,0,1,6.052000046,10.16784954,3.380994558,0,0,0,1,6,0,0.307319164,0.150000006,0,0,0,.,.,.
ARGENTINA,160,1977,7,0,0,1,5.852000237,10.18448448,3.380994558,0,0,0,1,-9,0,0.307319164,0.150000006,0,0,0,.,.,.
ARGENTINA,160,1978,7,0,0,1,6.131999969,10.20092201,3.380994558,0,0,0,1,-9,0,0.307319164,0.150000006,0,0,0,.,.,.
ARGENTINA,160,1979,7,0,0,0,5.848999977,10.21709347,3.380994558,0,0,0,1,-9,0,0.307319164,0.150000006,0,0,0,.,.,.
ARGENTINA,160,1980,7,0,0,0,6.306000233,10.23293495,3.380994558,0,0,0,0,-9,0,0.307319164,0.150000006,0,0,0,.,.,.
ARGENTINA,160,1981,7,0,0,0,6.506000042,10.24838829,3.380994558,0,0,0,0,-9,0,0.307319164,0.150000006,0,0,0,.,.,.
ARGENTINA,160,1982,7,0,0,0,6.06799984,10.26346684,3.380994558,0,0,0,0,-8,0,0.307319164,0.150000006,0,0,0,.,.,.
ARGENTINA,160,1983,7,0,0,0,5.486999989,10.27811527,3.380994558,0,0,0,0,-8,0,0.307319164,0.150000006,0,0,0,.,.,.
ARGENTINA,160,1984,7,0,0,0,5.607999802,10.29238319,3.380994558,0,0,0,1,8,0,0.307319164,0.150000006,0,0,0,.,.,.
ARGENTINA,160,1985,7,0,0,0,5.723999977,10.30631542,3.380994558,0,0,0,1,8,0,0.307319164,0.150000006,0,0,0,.,.,.
ARGENTINA,160,1986,7,0,0,0,5.323999882,10.31992531,3.380994558,0,0,0,1,8,0,0.307319164,0.150000006,0,0,0,.,.,.
ARGENTINA,160,1987,7,0,0,0,5.624000072,10.33322239,3.380994558,0,0,0,0,8,0,0.307319164,0.150000006,0,0,0,.,.,.
ARGENTINA,160,1988,7,0,0,0,5.71999979,10.3462162,3.380994558,0,0,0,0,8,0,0.307319164,0.150000006,.,.,.,.,.,.
ARGENTINA,160,1989,7,0,0,0,5.348999977,10.35888481,3.380994558,0,0,0,0,8,0,0.307319164,0.150000006,.,.,.,.,.,.
ARGENTINA,160,1990,7,0,0,0,4.906000137,10.37133217,3.380994558,0,0,0,0,7,0,0.307319164,0.150000006,.,.,.,.,.,.
ARGENTINA,160,1991,7,0,0,0,4.705999851,10.38350296,3.380994558,0,0,0,0,7,0,0.307319164,0.150000006,.,.,.,.,.,.
ARGENTINA,160,1992,7,0,0,0,5.232999802,10.39552784,3.380994558,0,0,0,0,7,0,0.307319164,0.150000006,.,.,.,.,.,.
ARGENTINA,160,1993,7,0,0,0,5.78000021,10.40728855,3.380994558,0,0,0,0,7,0,0.307319164,0.150000006,.,.,.,.,.,.
ARGENTINA,160,1994,7,0,0,0,6.040999889,10.4296484,3.380994558,0,0,0,0,7,0,0.307319164,0.150000006,.,.,.,.,.,.
ARGENTINA,160,1995,7,0,0,0,6.308000088,10.44302559,3.380994558,0,0,0,0,7,0,0.307319164,0.150000006,.,.,.,.,.,.
ARGENTINA,160,1996,7,0,0,0,6.046999931,10.45645237,3.380994558,0,0,0,0,7,0,0.307319164,0.150000006,.,.,.,.,.,.
ARGENTINA,160,1997,7,0,0,0,6.298999786,10.46936893,3.380994558,0,0,0,0,7,0,0.307319164,0.150000006,.,.,.,.,.,.
ARGENTINA,160,1998,7,0,0,0,6.723999977,10.48225689,3.380994558,0,0,0,0,7,0,0.307319164,0.150000006,.,.,.,.,.,.
ARGENTINA,160,1999,7,0,0,0,6.896999836,10.494874,3.380994558,0,0,0,0,7,0,0.307319164,0.150000006,0,0,0,.,.,.
URUGUAY,165,1945,7,0,0,0,.,7.676010132,0,0,0,0,0,0,1,0.198162496,0.079999998,0,0,0,.,.,.
URUGUAY,165,1946,7,0,0,0,.,7.676010132,0,0,0,0,0,0,1,0.198162496,0.079999998,0,0,0,.,.,.
URUGUAY,165,1947,7,0,0,0,3.451999903,7.687538624,0,0,0,0,0,0,1,0.198162496,0.079999998,0,0,0,.,.,.
URUGUAY,165,1948,7,0,0,0,3.47300005,7.698935986,0,0,0,0,0,0,1,0.198162496,0.079999998,0,0,0,.,.,.
URUGUAY,165,1949,7,0,0,0,3.290999889,7.710653305,0,0,0,0,0,0,1,0.198162496,0.079999998,0,0,0,.,.,.
URUGUAY,165,1950,7,0,0,0,3.437000036,7.725329876,0,0,0,0,0,0,1,0.198162496,0.079999998,0,0,0,.,.,.
URUGUAY,165,1951,7,0,0,0,3.450999975,7.693481445,0,0,0,0,0,0,1,0.198162496,0.079999998,0,0,0,.,.,.
URUGUAY,165,1952,7,0,0,0,4.046000004,7.707961559,0,0,0,0,0,0,1,0.198162496,0.079999998,0,0,0,.,.,.
URUGUAY,165,1953,7,0,0,0,3.756999969,7.722234726,0,0,0,0,1,8,0,0.198162496,0.079999998,0,0,0,.,.,.
URUGUAY,165,1954,7,0,0,0,3.921000004,7.736307144,0,0,0,0,1,8,0,0.198162496,0.079999998,0,0,0,.,.,.
URUGUAY,165,1955,7,0,0,0,4.268000126,7.749753475,0,0,0,0,1,8,0,0.198162496,0.079999998,0,0,0,.,.,.
URUGUAY,165,1956,7,0,0,0,4.284999847,7.763446331,0,0,0,0,0,8,0,0.198162496,0.079999998,0,0,0,.,.,.
URUGUAY,165,1957,7,0,0,0,4.184999943,7.778630257,0,0,0,0,0,8,0,0.198162496,0.079999998,0,0,0,.,.,.
URUGUAY,165,1958,7,0,0,0,4.367000103,7.793174267,0,0,0,0,0,8,0,0.198162496,0.079999998,0,0,0,.,.,.
URUGUAY,165,1959,7,0,0,0,3.953000069,7.807916641,0,0,0,0,0,8,0,0.198162496,0.079999998,0,0,0,.,.,.
URUGUAY,165,1960,7,0,0,0,3.828000069,7.822043896,0,0,0,0,0,8,0,0.198162496,0.079999998,0,0,0,.,.,.
URUGUAY,165,1961,7,0,0,0,3.967999935,7.839131832,0,0,0,0,0,8,0,0.198162496,0.079999998,0,0,0,.,.,.
URUGUAY,165,1962,7,0,0,0,3.914999962,7.85088253,0,0,0,0,0,8,0,0.198162496,0.079999998,0,0,0,.,.,.
URUGUAY,165,1963,7,0,0,0,3.904000044,7.862882137,0,0,0,0,0,8,0,0.198162496,0.079999998,0,0,0,.,.,.
URUGUAY,165,1964,7,0,0,0,3.799000025,7.87473917,0,0,0,0,0,8,0,0.198162496,0.079999998,0,0,0,.,.,.
URUGUAY,165,1965,7,0,0,0,3.885999918,7.886457443,0,0,0,0,0,8,0,0.198162496,0.079999998,0,0,0,.,.,.
URUGUAY,165,1966,7,0,0,0,3.697999954,7.898411274,0,0,0,0,0,8,0,0.198162496,0.079999998,0,0,0,.,.,.
URUGUAY,165,1967,7,0,0,0,3.871999979,7.906915665,0,0,0,0,0,8,0,0.198162496,0.079999998,0,0,0,.,.,.
URUGUAY,165,1968,7,0,0,0,3.704999924,7.914982796,0,0,0,0,0,8,0,0.198162496,0.079999998,0,0,0,.,.,.
URUGUAY,165,1969,7,0,0,0,3.671999931,7.923348427,0,0,0,0,0,8,0,0.198162496,0.079999998,0,0,0,.,.,.
URUGUAY,165,1970,7,0,0,0,3.904000044,7.932003021,0,0,0,0,0,8,0,0.198162496,0.079999998,0,0,0,.,.,.
URUGUAY,165,1971,7,0,0,0,4.120999813,7.940227985,0,0,0,0,0,8,0,0.198162496,0.079999998,0,0,0,.,.,.
URUGUAY,165,1972,7,0,0,0,4.104000092,7.943782806,0,0,0,0,1,3,1,0.198162496,0.079999998,0,0,0,.,.,.
URUGUAY,165,1973,7,0,0,0,4.026000023,7.94449234,0,0,0,0,1,-3,1,0.198162496,0.079999998,0,0,0,.,.,.
URUGUAY,165,1974,7,0,0,0,4.09800005,7.94484663,0,0,0,0,1,-8,0,0.198162496,0.079999998,0,0,0,.,.,.
URUGUAY,165,1975,7,0,0,0,4.142000198,7.94520092,0,0,0,0,1,-8,0,0.198162496,0.079999998,0,0,0,.,.,.
URUGUAY,165,1976,7,0,0,0,4.309999943,7.947678566,0,0,0,0,1,-8,0,0.198162496,0.079999998,0,0,0,.,.,.
URUGUAY,165,1977,7,0,0,0,4.357999802,7.953318119,0,0,0,0,0,-8,0,0.198162496,0.079999998,0,0,0,.,.,.
URUGUAY,165,1978,7,0,0,0,4.355000019,7.959275723,0,0,0,0,0,-8,0,0.198162496,0.079999998,0,0,0,.,.,.
URUGUAY,165,1979,7,0,0,0,4.541999817,7.965198517,0,0,0,0,0,-7,0,0.198162496,0.079999998,0,0,0,.,.,.
URUGUAY,165,1980,7,0,0,0,4.815999985,7.971085548,0,0,0,0,0,-7,0,0.198162496,0.079999998,0,0,0,.,.,.
URUGUAY,165,1981,7,0,0,0,5.09100008,7.977282047,0,0,0,0,0,-7,0,0.198162496,0.079999998,0,0,0,.,.,.
URUGUAY,165,1982,7,0,0,0,5.162000179,7.983439922,0,0,0,0,0,-7,0,0.198162496,0.079999998,0,0,0,.,.,.
URUGUAY,165,1983,7,0,0,0,4.65500021,7.989899158,0,0,0,0,0,-7,0,0.198162496,0.079999998,0,0,0,.,.,.
URUGUAY,165,1984,7,0,0,0,4.056000233,7.996317387,0,0,0,0,0,-7,0,0.198162496,0.079999998,0,0,0,.,.,.
URUGUAY,165,1985,7,0,0,0,3.951999903,8.00269413,0,0,0,0,0,-7,0,0.198162496,0.079999998,0,0,0,.,.,.
URUGUAY,165,1986,7,0,0,0,3.969000101,8.009030342,0,0,0,0,1,9,0,0.198162496,0.079999998,0,0,0,.,.,.
URUGUAY,165,1987,7,0,0,0,4.315999985,8.014666557,0,0,0,0,1,9,0,0.198162496,0.079999998,0,0,0,.,.,.
URUGUAY,165,1988,7,0,0,0,4.767000198,8.020270348,0,0,0,0,1,9,0,0.198162496,0.079999998,0,0,0,.,.,.
URUGUAY,165,1989,7,0,0,0,4.686999798,8.026169777,0,0,0,0,0,9,0,0.198162496,0.079999998,0,0,0,.,.,.
URUGUAY,165,1990,7,0,0,0,4.676000118,8.031710625,0,0,0,0,0,10,0,0.198162496,0.079999998,0,0,0,.,.,.
URUGUAY,165,1991,7,0,0,0,4.602000237,8.037220001,0,0,0,0,0,10,0,0.198162496,0.079999998,0,0,0,.,.,.
URUGUAY,165,1992,7,0,0,0,4.765999794,8.043021202,0,0,0,0,0,10,0,0.198162496,0.079999998,0,0,0,.,.,.
URUGUAY,165,1993,7,0,0,0,5.184999943,8.048788071,0,0,0,0,0,10,0,0.198162496,0.079999998,0,0,0,.,.,.
URUGUAY,165,1994,7,0,0,0,5.28399992,8.061820984,0,0,0,0,0,10,0,0.198162496,0.079999998,0,0,0,.,.,.
URUGUAY,165,1995,7,0,0,0,5.626999855,8.069220543,0,0,0,0,0,10,0,0.198162496,0.079999998,0,0,0,.,.,.
URUGUAY,165,1996,7,0,0,0,5.506000042,8.076515198,0,0,0,0,0,10,0,0.198162496,0.079999998,0,0,0,.,.,.
URUGUAY,165,1997,7,0,0,0,5.769999981,8.083844185,0,0,0,0,0,10,0,0.198162496,0.079999998,0,0,0,.,.,.
URUGUAY,165,1998,7,0,0,0,6.007999897,8.091340065,0,0,0,0,0,10,0,0.198162496,0.079999998,0,0,0,.,.,.
URUGUAY,165,1999,7,0,0,0,6.238999844,8.098794937,0,0,0,0,0,10,0,0.198162496,0.079999998,0,0,0,.,.,.
UK,200,1945,0,0,0,0,4.671000004,10.80181789,0.587786674,1,0,0,0,10,0,0.325454533,0.094999999,0,0,0,1.39E-06,1.39E-06,-1
UK,200,1946,0,0,0,0,4.671000004,10.80181789,0.587786674,1,0,0,0,10,0,0.325454533,0.094999999,0,0,0,1.39E-06,1.39E-06,-1
UK,200,1947,0,0,0,0,4.775000095,10.80673313,0.587786674,1,0,0,0,10,0,0.325454533,0.094999999,0,0,0,1.39E-06,1.39E-06,-1
UK,200,1948,0,0,0,0,4.929999828,10.8133173,0.587786674,1,0,0,0,10,0,0.325454533,0.094999999,0,0,0,1.39E-06,1.39E-06,-1
UK,200,1949,0,0,0,0,5.076000214,10.8213768,0.587786674,1,0,0,0,10,0,0.325454533,0.094999999,0,0,0,1.39E-06,1.39E-06,-1
UK,200,1950,0,0,0,0,5.177000046,10.82937241,0.587786674,1,0,0,0,10,0,0.325454533,0.094999999,0,0,0,1.39E-06,1.39E-06,-1
UK,200,1951,0,0,0,0,5.394999981,10.83198357,0.587786674,1,0,0,0,10,0,0.325454533,0.094999999,0,0,0,1.39E-06,1.39E-06,-1
UK,200,1952,0,0,0,0,5.581999779,10.83427238,0.587786674,1,0,0,0,10,0,0.325454533,0.094999999,0,0,0,1.39E-06,1.39E-06,-1
UK,200,1953,0,0,0,0,5.52699995,10.83657646,0.587786674,1,0,0,0,10,0,0.325454533,0.094999999,0,0,0,1.39E-06,1.39E-06,-1
UK,200,1954,0,0,0,0,5.781000137,10.83887482,0.587786674,1,0,0,0,10,0,0.325454533,0.094999999,0,0,0,1.39E-06,1.39E-06,-1
UK,200,1955,0,0,0,0,5.984000206,10.84114838,0.587786674,1,0,0,0,10,0,0.325454533,0.094999999,0,0,0,1.39E-06,1.39E-06,-1
UK,200,1956,0,0,0,0,6.198999882,10.84343624,0.587786674,1,0,0,0,10,0,0.325454533,0.094999999,0,0,0,1.39E-06,1.39E-06,-1
UK,200,1957,0,0,0,0,6.250999928,10.84873486,0.587786674,1,0,0,0,10,0,0.325454533,0.094999999,0,0,0,1.39E-06,1.39E-06,-1
UK,200,1958,0,0,0,0,6.34499979,10.85400581,0.587786674,1,0,0,0,10,0,0.325454533,0.094999999,0,0,0,1.39E-06,1.39E-06,-1
UK,200,1959,0,0,0,0,6.337999821,10.85924911,0.587786674,1,0,0,0,10,0,0.325454533,0.094999999,0,0,0,1.39E-06,1.39E-06,-1
UK,200,1960,0,0,0,0,6.572999954,10.86446476,0.587786674,1,0,0,0,10,0,0.325454533,0.094999999,0,0,0,1.39E-06,1.39E-06,-1
UK,200,1961,0,0,0,0,6.822999954,10.8696537,0.587786674,1,0,0,0,10,0,0.325454533,0.094999999,0,0,0,1.39E-06,1.39E-06,-1
UK,200,1962,0,0,0,0,6.971000195,10.87712193,0.587786674,1,0,0,0,10,0,0.325454533,0.094999999,0,0,0,1.39E-06,1.39E-06,-1
UK,200,1963,0,0,0,0,6.978000164,10.88579082,0.587786674,1,0,0,0,10,0,0.325454533,0.094999999,1,1,0,1.39E-06,1.39E-06,-1
UK,200,1964,0,0,0,0,7.222000122,10.89098167,0.587786674,1,0,0,0,10,0,0.325454533,0.094999999,0,0,0,1.39E-06,1.39E-06,-1
UK,200,1965,0,0,0,0,7.572999954,10.89736843,0.587786674,1,0,0,0,10,0,0.325454533,0.094999999,0,0,0,1.39E-06,1.39E-06,-1
UK,200,1966,0,0,0,0,7.678999901,10.90371513,0.587786674,1,0,0,0,10,0,0.325454533,0.094999999,0,0,0,1.39E-06,1.39E-06,-1
UK,200,1967,0,0,0,0,7.789000034,10.90870476,0.587786674,1,0,0,0,10,0,0.325454533,0.094999999,0,0,0,1.39E-06,1.39E-06,-1
UK,200,1968,0,0,0,0,7.97300005,10.91386986,0.587786674,1,0,0,0,10,0,0.325454533,0.094999999,0,0,0,1.39E-06,1.39E-06,-1
UK,200,1969,0,1,2,0,8.25,10.91792107,0.587786674,1,0,0,0,10,0,0.325454533,0.094999999,0,0,0,1.39E-06,1.39E-06,-1
UK,200,1970,0,0,0,1,8.31400013,10.92182922,0.587786674,1,0,0,0,10,0,0.325454533,0.094999999,0,0,0,1.39E-06,1.39E-06,-1
UK,200,1971,0,0,0,1,8.536999702,10.92651367,0.587786674,1,0,0,0,10,0,0.325454533,0.094999999,0,0,0,1.39E-06,1.39E-06,-1
UK,200,1972,0,0,0,1,8.654999733,10.93182087,0.587786674,1,0,0,0,10,0,0.325454533,0.094999999,0,0,0,1.39E-06,1.39E-06,-1
UK,200,1973,0,0,0,1,8.970000267,10.93483734,0.587786674,1,0,0,0,10,0,0.325454533,0.094999999,0,0,0,1.39E-06,1.39E-06,-1
UK,200,1974,0,0,0,1,9.604999542,10.93708134,0.587786674,1,0,0,0,10,0,0.325454533,0.094999999,0,0,0,1.39E-06,1.39E-06,-1
UK,200,1975,0,0,0,1,9.411000252,10.93731213,0.587786674,1,0,0,0,10,0,0.325454533,0.094999999,0,0,0,1.39E-06,1.39E-06,-1
UK,200,1976,0,0,0,1,9.312000275,10.93713474,0.587786674,1,0,0,0,10,0,0.325454533,0.094999999,0,0,0,1.39E-06,1.39E-06,-1
UK,200,1977,0,0,0,1,9.548999786,10.93695641,0.587786674,1,0,0,0,10,0,0.325454533,0.094999999,0,0,0,1.39E-06,1.39E-06,-1
UK,200,1978,0,0,0,1,9.769000053,10.93649387,0.587786674,1,0,0,0,10,0,0.325454533,0.094999999,0,0,0,1.39E-06,1.39E-06,-1
UK,200,1979,0,0,0,1,10.13300037,10.93628025,0.587786674,1,0,0,0,10,0,0.325454533,0.094999999,0,0,0,1.39E-06,1.39E-06,-1
UK,200,1980,0,0,0,1,10.43799973,10.93741894,0.587786674,1,0,0,0,10,0,0.325454533,0.094999999,0,0,0,1.39E-06,1.39E-06,-1
UK,200,1981,0,0,0,1,10.16699982,10.93898296,0.587786674,1,0,0,0,10,0,0.325454533,0.094999999,0,0,0,1.39E-06,1.39E-06,-1
UK,200,1982,0,0,0,1,10.0170002,10.93937302,0.587786674,1,0,0,0,10,0,0.325454533,0.094999999,0,0,0,1.39E-06,1.39E-06,-1
UK,200,1983,0,0,0,1,10.21700001,10.93855667,0.587786674,1,0,0,0,10,0,0.325454533,0.094999999,0,0,0,1.39E-06,1.39E-06,-1
UK,200,1984,0,0,0,1,10.625,10.93928432,0.587786674,1,0,0,0,10,0,0.325454533,0.094999999,0,0,0,1.39E-06,1.39E-06,-1
UK,200,1985,0,0,0,1,10.8920002,10.94128799,0.587786674,1,0,0,0,10,0,0.325454533,0.094999999,0,0,0,1.39E-06,1.39E-06,-1
UK,200,1986,0,0,0,1,11.23700047,10.94408226,0.587786674,1,0,0,0,10,0,0.325454533,0.094999999,0,0,0,1.39E-06,1.39E-06,-1
UK,200,1987,0,0,0,1,11.72599983,10.94664001,0.587786674,1,0,0,0,10,0,0.325454533,0.094999999,0,0,0,1.39E-06,1.39E-06,-1
UK,200,1988,0,0,0,1,12.28299999,10.94957733,0.587786674,1,0,0,0,10,0,0.325454533,0.094999999,0,0,0,1.39E-06,1.39E-06,-1
UK,200,1989,0,0,0,1,12.96899986,10.95194626,0.587786674,1,0,0,0,10,0,0.325454533,0.094999999,0,0,0,1.39E-06,1.39E-06,-1
UK,200,1990,0,0,0,1,13.24100018,10.95493793,0.587786674,1,0,0,0,10,0,0.325454533,0.094999999,0,0,0,1.39E-06,1.39E-06,-1
UK,200,1991,0,0,0,1,13.21700001,10.9579916,0.587786674,1,0,0,0,10,0,0.325454533,0.094999999,0,0,0,1.39E-06,1.39E-06,-1
UK,200,1992,0,0,0,1,12.81799984,10.96065235,0.587786674,1,0,0,0,10,0,0.325454533,0.094999999,0,0,0,1.39E-06,1.39E-06,-1
UK,200,1993,0,0,0,1,12.72399998,10.96557426,0.587786674,1,0,0,0,10,0,0.325454533,0.094999999,0,0,0,1.39E-06,1.39E-06,-1
UK,200,1994,0,0,0,1,12.97900009,10.97148609,0.587786674,1,0,0,0,10,0,0.325454533,0.094999999,0,0,0,1.39E-06,1.39E-06,-1
UK,200,1995,0,0,0,1,13.5010004,10.97498512,0.587786674,1,0,0,0,10,0,0.325454533,0.094999999,0,0,0,1.39E-06,1.39E-06,-1
UK,200,1996,0,0,0,1,13.82699966,10.97859192,0.587786674,1,0,0,0,10,0,0.325454533,0.094999999,0,0,0,1.39E-06,1.39E-06,-1
UK,200,1997,0,0,0,1,14.13300037,10.98193073,0.587786674,1,0,0,0,10,0,0.325454533,0.094999999,0,0,0,1.39E-06,1.39E-06,-1
UK,200,1998,0,0,0,1,14.57800007,10.98544502,0.587786674,1,0,0,0,10,0,0.325454533,0.094999999,0,0,0,1.39E-06,1.39E-06,-1
UK,200,1999,0,0,0,1,14.90100002,10.98622417,0.587786674,1,0,0,0,10,0,0.325454533,0.094999999,0,0,0,1.39E-06,1.39E-06,-1
IRELAND,205,1945,0,0,0,0,2.000999928,7.99023819,0,0,0,0,0,8,0,0.045430303,0.029999999,0,0,0,1.06E-06,1.06E-06,0
IRELAND,205,1946,0,0,0,0,2.000999928,7.99023819,0,0,0,0,0,8,0,0.045430303,0.029999999,0,0,0,1.06E-06,1.06E-06,0
IRELAND,205,1947,0,0,0,0,2.148000002,7.991930485,0,0,0,0,0,8,0,0.045430303,0.029999999,0,0,0,1.06E-06,1.06E-06,0
IRELAND,205,1948,0,0,0,0,2.269999981,7.997663021,0,0,0,0,0,8,0,0.045430303,0.029999999,0,0,0,1.06E-06,1.06E-06,0
IRELAND,205,1949,0,0,0,0,2.352999926,8.001355171,0,0,0,0,0,8,0,0.045430303,0.029999999,0,0,0,1.06E-06,1.06E-06,0
IRELAND,205,1950,0,0,0,0,2.61500001,8.000014305,0,0,0,0,0,8,0,0.045430303,0.029999999,0,0,0,1.06E-06,1.06E-06,0
IRELAND,205,1951,0,0,0,0,2.730000019,7.995980263,0,0,0,0,0,8,0,0.045430303,0.029999999,0,0,0,1.06E-06,1.06E-06,0
IRELAND,205,1952,0,0,0,0,2.819999933,7.99260664,0,0,0,0,0,8,0,0.045430303,0.029999999,0,0,0,1.06E-06,1.06E-06,0
IRELAND,205,1953,0,0,0,0,2.809000015,7.989560604,0,0,0,0,0,10,0,0.045430303,0.029999999,0,0,0,1.06E-06,1.06E-06,0
IRELAND,205,1954,0,0,0,0,2.91899991,7.986165047,0,0,0,0,0,10,0,0.045430303,0.029999999,0,0,0,1.06E-06,1.06E-06,0
IRELAND,205,1955,0,0,0,0,2.947999954,7.983098984,0,0,0,0,0,10,0,0.045430303,0.029999999,0,0,0,1.06E-06,1.06E-06,0
IRELAND,205,1956,0,0,0,0,3.084000111,7.979681492,0,0,0,0,0,10,0,0.045430303,0.029999999,0,0,0,1.06E-06,1.06E-06,0
IRELAND,205,1957,0,0,0,0,3.006000042,7.973844528,0,0,0,0,0,10,0,0.045430303,0.029999999,0,0,0,1.06E-06,1.06E-06,0
IRELAND,205,1958,0,0,0,0,2.967999935,7.967626572,0,0,0,0,0,10,0,0.045430303,0.029999999,0,0,0,1.06E-06,1.06E-06,0
IRELAND,205,1959,0,0,0,0,2.953999996,7.961719036,0,0,0,0,0,10,0,0.045430303,0.029999999,0,0,0,1.06E-06,1.06E-06,0
IRELAND,205,1960,0,0,0,0,3.148999929,7.955425262,0,0,0,0,0,10,0,0.045430303,0.029999999,0,0,0,1.06E-06,1.06E-06,0
IRELAND,205,1961,0,0,0,0,3.311000109,7.948738575,0,0,0,0,0,10,0,0.045430303,0.029999999,0,0,0,1.06E-06,1.06E-06,0
IRELAND,205,1962,0,0,0,0,3.479000092,7.943782806,0,0,0,0,0,10,0,0.045430303,0.029999999,0,0,0,1.06E-06,1.06E-06,0
IRELAND,205,1963,0,0,0,0,3.61500001,7.948031902,0,0,0,0,0,10,0,0.045430303,0.029999999,0,0,0,1.06E-06,1.06E-06,0
IRELAND,205,1964,0,0,0,0,3.769000053,7.95507431,0,0,0,0,0,10,0,0.045430303,0.029999999,0,0,0,1.06E-06,1.06E-06,0
IRELAND,205,1965,0,0,0,0,3.927000046,7.959974766,0,0,0,0,0,10,0,0.045430303,0.029999999,0,0,0,1.06E-06,1.06E-06,0
IRELAND,205,1966,0,0,0,0,4,7.964155674,0,0,0,0,0,10,0,0.045430303,0.029999999,0,0,0,1.06E-06,1.06E-06,0
IRELAND,205,1967,0,0,0,0,4.005000114,7.966933727,0,0,0,0,0,10,0,0.045430303,0.029999999,0,0,0,1.06E-06,1.06E-06,0
IRELAND,205,1968,0,0,0,0,4.162000179,7.972465992,0,0,0,0,0,10,0,0.045430303,0.029999999,0,0,0,1.06E-06,1.06E-06,0
IRELAND,205,1969,0,0,0,0,4.510000229,7.976938725,0,0,0,0,0,10,0,0.045430303,0.029999999,0,0,0,1.06E-06,1.06E-06,0
IRELAND,205,1970,0,0,0,0,4.811999798,7.98139143,0,0,0,0,0,10,0,0.045430303,0.029999999,0,0,0,1.06E-06,1.06E-06,0
IRELAND,205,1971,0,0,0,0,5.014999866,7.989560604,0,0,0,0,0,10,0,0.045430303,0.029999999,0,0,0,1.06E-06,1.06E-06,0
IRELAND,205,1972,0,0,0,0,5.130000114,7.999007225,0,0,0,0,0,10,0,0.045430303,0.029999999,0,0,0,1.06E-06,1.06E-06,0
IRELAND,205,1973,0,0,0,0,5.390999794,8.014335632,0,0,0,0,0,10,0,0.045430303,0.029999999,0,0,0,1.06E-06,1.06E-06,0
IRELAND,205,1974,0,0,0,0,5.59499979,8.030409813,0,0,0,0,0,10,0,0.045430303,0.029999999,0,0,0,1.06E-06,1.06E-06,0
IRELAND,205,1975,0,0,0,0,5.710999966,8.046869278,0,0,0,0,0,10,0,0.045430303,0.029999999,0,0,0,1.06E-06,1.06E-06,0
IRELAND,205,1976,0,0,0,0,5.806000233,8.063693047,0,0,0,0,0,10,0,0.045430303,0.029999999,0,0,0,1.06E-06,1.06E-06,0
IRELAND,205,1977,0,0,0,0,5.835999966,8.079618454,0,0,0,0,0,10,0,0.045430303,0.029999999,0,0,0,1.06E-06,1.06E-06,0
IRELAND,205,1978,0,0,0,0,6.257999897,8.093156815,0,0,0,0,0,10,0,0.045430303,0.029999999,0,0,0,1.06E-06,1.06E-06,0
IRELAND,205,1979,0,0,0,0,6.640999794,8.105911255,0,0,0,0,0,10,0,0.045430303,0.029999999,0,0,0,1.06E-06,1.06E-06,0
IRELAND,205,1980,0,0,0,0,6.801000118,8.122074127,0,0,0,0,0,10,0,0.045430303,0.029999999,0,0,0,1.06E-06,1.06E-06,0
IRELAND,205,1981,0,0,0,0,6.822999954,8.131824493,0,0,0,0,0,10,0,0.045430303,0.029999999,0,0,0,1.06E-06,1.06E-06,0
IRELAND,205,1982,0,0,0,0,6.985000134,8.144098282,0,0,0,0,0,10,0,0.045430303,0.029999999,0,0,0,1.06E-06,1.06E-06,0
IRELAND,205,1983,0,0,0,0,7.032999992,8.154788017,0,0,0,0,0,10,0,0.045430303,0.029999999,0,0,0,1.06E-06,1.06E-06,0
IRELAND,205,1984,0,0,0,0,6.907000065,8.161660194,0,0,0,0,0,10,0,0.045430303,0.029999999,0,0,0,1.06E-06,1.06E-06,0
IRELAND,205,1985,0,0,0,0,7.122000217,8.168769836,0,0,0,0,0,10,0,0.045430303,0.029999999,0,0,0,1.06E-06,1.06E-06,0
IRELAND,205,1986,0,0,0,0,7.275000095,8.171881676,0,0,0,0,0,10,0,0.045430303,0.029999999,0,0,0,1.06E-06,1.06E-06,0
IRELAND,205,1987,0,0,0,0,7.237999916,8.172164917,0,0,0,0,0,10,0,0.045430303,0.029999999,0,0,0,1.06E-06,1.06E-06,0
IRELAND,205,1988,0,0,0,0,7.540999889,8.172729492,0,0,0,0,0,10,0,0.045430303,0.029999999,0,0,0,1.06E-06,1.06E-06,0
IRELAND,205,1989,0,0,0,0,7.899000168,8.171317101,0,0,0,0,0,10,0,0.045430303,0.029999999,0,0,0,1.06E-06,1.06E-06,0
IRELAND,205,1990,0,0,0,0,8.524000168,8.164794922,0,0,0,0,0,10,0,0.045430303,0.029999999,0,0,0,1.06E-06,1.06E-06,0
IRELAND,205,1991,0,0,0,0,9.274000168,8.161375046,0,0,0,0,0,10,0,0.045430303,0.029999999,0,0,0,1.06E-06,1.06E-06,0
IRELAND,205,1992,0,0,0,0,9.395000458,8.166784286,0,0,0,0,0,10,0,0.045430303,0.029999999,0,0,0,1.06E-06,1.06E-06,0
IRELAND,205,1993,0,0,0,0,9.637000084,8.173857689,0,0,0,0,0,10,0,0.045430303,0.029999999,0,0,0,1.06E-06,1.06E-06,0
IRELAND,205,1994,0,0,0,0,9.857000351,8.178442001,0,0,0,0,0,10,0,0.045430303,0.029999999,0,0,0,1.06E-06,1.06E-06,0
IRELAND,205,1995,0,0,0,0,10.40299988,8.180517197,0,0,0,0,0,10,0,0.045430303,0.029999999,0,0,0,1.06E-06,1.06E-06,0
IRELAND,205,1996,0,0,0,0,11.31599998,8.18924427,0,0,0,0,0,10,0,0.045430303,0.029999999,0,0,0,1.06E-06,1.06E-06,0
IRELAND,205,1997,0,0,0,0,12.08600044,8.197538376,0,0,0,0,0,10,0,0.045430303,0.029999999,0,0,0,1.06E-06,1.06E-06,0
IRELAND,205,1998,0,0,0,0,13.24499989,8.20549202,0,0,0,0,0,10,0,0.045430303,0.029999999,0,0,0,1.06E-06,1.06E-06,0
IRELAND,205,1999,0,0,0,0,14.2159996,8.21066761,0,0,0,0,0,10,0,0.045430303,0.029999999,0,0,0,1.06E-06,1.06E-06,0
NETHERLANDS,210,1945,0,0,0,0,3.845000029,9.123365402,0,1,0,0,0,10,0,0.101963282,0.039999999,0,0,0,3.28E-06,3.28E-06,0
NETHERLANDS,210,1946,0,0,0,0,3.845000029,9.123365402,0,1,0,0,0,10,0,0.101963282,0.039999999,0,0,0,3.28E-06,3.28E-06,0
NETHERLANDS,210,1947,0,0,0,0,3.845999956,9.15090847,0,1,0,0,0,10,0,0.101963282,0.039999999,0,0,0,3.28E-06,3.28E-06,0
NETHERLANDS,210,1948,0,0,0,0,4.269999981,9.172534943,0,1,0,0,0,10,0,0.101963282,0.039999999,0,0,0,3.28E-06,3.28E-06,0
NETHERLANDS,210,1949,0,0,0,0,4.34800005,9.190137863,0,1,0,0,0,10,0,0.101963282,0.039999999,0,0,0,3.28E-06,3.28E-06,0
NETHERLANDS,210,1950,0,0,0,0,4.239999771,9.20593071,0,1,0,0,0,10,0,0.101963282,0.039999999,0,0,0,3.28E-06,3.28E-06,0
NETHERLANDS,210,1951,0,0,0,0,4.532000065,9.221675873,0,1,0,0,0,10,0,0.101963282,0.039999999,0,0,0,3.28E-06,3.28E-06,0
NETHERLANDS,210,1952,0,0,0,0,4.451000214,9.234154701,0,1,0,0,0,10,0,0.101963282,0.039999999,0,0,0,3.28E-06,3.28E-06,0
NETHERLANDS,210,1953,0,0,0,0,4.322999954,9.246576309,0,1,0,0,0,10,0,0.101963282,0.039999999,0,0,0,3.28E-06,3.28E-06,0
NETHERLANDS,210,1954,0,0,0,0,4.657000065,9.258749962,0,1,0,0,0,10,0,0.101963282,0.039999999,0,0,0,3.28E-06,3.28E-06,0
NETHERLANDS,210,1955,0,0,0,0,5.018000126,9.270871162,0,1,0,0,0,10,0,0.101963282,0.039999999,0,0,0,3.28E-06,3.28E-06,0
NETHERLANDS,210,1956,0,0,0,0,5.298999786,9.282753944,0,1,0,0,0,10,0,0.101963282,0.039999999,0,0,0,3.28E-06,3.28E-06,0
NETHERLANDS,210,1957,0,0,0,0,5.565000057,9.296242714,0,1,0,0,0,10,0,0.101963282,0.039999999,0,0,0,3.28E-06,3.28E-06,0
NETHERLANDS,210,1958,0,0,0,0,5.624000072,9.309552193,0,1,0,0,0,10,0,0.101963282,0.039999999,0,0,0,3.28E-06,3.28E-06,0
NETHERLANDS,210,1959,0,0,0,0,5.361999989,9.322686195,0,1,0,0,0,10,0,0.101963282,0.039999999,0,0,0,3.28E-06,3.28E-06,0
NETHERLANDS,210,1960,0,0,0,0,5.585000038,9.335650444,0,1,0,0,0,10,0,0.101963282,0.039999999,0,0,0,3.28E-06,3.28E-06,0
NETHERLANDS,210,1961,0,0,0,0,6.077000141,9.348971367,0,1,0,0,0,10,0,0.101963282,0.039999999,0,0,0,3.28E-06,3.28E-06,0
NETHERLANDS,210,1962,0,0,0,0,6.224999905,9.362116814,0,1,0,0,0,10,0,0.101963282,0.039999999,0,0,0,3.28E-06,3.28E-06,0
NETHERLANDS,210,1963,0,0,0,0,6.40199995,9.376362801,0,1,0,0,0,10,0,0.101963282,0.039999999,0,0,0,3.28E-06,3.28E-06,0
NETHERLANDS,210,1964,0,0,0,0,6.577000141,9.389824867,0,1,0,0,0,10,0,0.101963282,0.039999999,0,0,0,3.28E-06,3.28E-06,0
NETHERLANDS,210,1965,0,0,0,0,7.117000103,9.403271675,0,1,0,0,0,10,0,0.101963282,0.039999999,0,0,0,3.28E-06,3.28E-06,0
NETHERLANDS,210,1966,0,0,0,0,7.395999908,9.416866302,0,1,0,0,0,10,0,0.101963282,0.039999999,0,0,0,3.28E-06,3.28E-06,0
NETHERLANDS,210,1967,0,0,0,0,7.527999878,9.42995739,0,1,0,0,0,10,0,0.101963282,0.039999999,0,0,0,3.28E-06,3.28E-06,0
NETHERLANDS,210,1968,0,0,0,0,7.853000164,9.441293716,0,1,0,0,0,10,0,0.101963282,0.039999999,0,0,0,3.28E-06,3.28E-06,0
NETHERLANDS,210,1969,0,0,0,0,8.300999641,9.451716423,0,1,0,0,0,10,0,0.101963282,0.039999999,0,0,0,3.28E-06,3.28E-06,0
NETHERLANDS,210,1970,0,0,0,0,8.748999596,9.463353157,0,1,0,0,0,10,0,0.101963282,0.039999999,0,0,0,3.28E-06,3.28E-06,0
NETHERLANDS,210,1971,0,0,0,0,9.199000359,9.475700378,0,1,0,0,0,10,0,0.101963282,0.039999999,0,0,0,3.28E-06,3.28E-06,0
NETHERLANDS,210,1972,0,0,0,0,9.465999603,9.487593651,0,1,0,0,0,10,0,0.101963282,0.039999999,0,0,0,3.28E-06,3.28E-06,0
NETHERLANDS,210,1973,0,0,0,0,9.682999611,9.49769783,0,1,0,0,0,10,0,0.101963282,0.039999999,0,0,0,3.28E-06,3.28E-06,0
NETHERLANDS,210,1974,0,0,0,0,10.06400013,9.505916595,0,1,0,0,0,10,0,0.101963282,0.039999999,0,0,0,3.28E-06,3.28E-06,0
NETHERLANDS,210,1975,0,0,0,0,10.375,9.513772964,0,1,0,0,0,10,0,0.101963282,0.039999999,0,0,0,3.28E-06,3.28E-06,0
NETHERLANDS,210,1976,0,0,0,0,10.25500011,9.522665977,0,1,0,0,0,10,0,0.101963282,0.039999999,0,0,0,3.28E-06,3.28E-06,0
NETHERLANDS,210,1977,0,0,0,0,10.69999981,9.530537605,0,1,0,0,0,10,0,0.101963282,0.039999999,0,0,0,3.28E-06,3.28E-06,0
NETHERLANDS,210,1978,0,0,0,0,10.90200043,9.536473274,0,1,0,0,0,10,0,0.101963282,0.039999999,0,0,0,3.28E-06,3.28E-06,0
NETHERLANDS,210,1979,0,0,0,0,11.1079998,9.542660713,0,1,0,0,0,10,0,0.101963282,0.039999999,0,0,0,3.28E-06,3.28E-06,0
NETHERLANDS,210,1980,0,0,0,0,11.28600025,9.549523354,0,1,0,0,0,10,0,0.101963282,0.039999999,0,0,0,3.28E-06,3.28E-06,0
NETHERLANDS,210,1981,0,0,0,0,11.2840004,9.557470322,0,1,0,0,0,10,0,0.101963282,0.039999999,0,0,0,3.28E-06,3.28E-06,0
NETHERLANDS,210,1982,0,0,0,0,11.07900047,9.564301491,0,1,0,0,0,10,0,0.101963282,0.039999999,0,0,0,3.28E-06,3.28E-06,0
NETHERLANDS,210,1983,0,0,0,0,10.86900043,9.56892395,0,1,0,0,0,10,0,0.101963282,0.039999999,0,0,0,3.28E-06,3.28E-06,0
NETHERLANDS,210,1984,0,0,0,0,10.9829998,9.572689056,0,1,0,0,0,10,0,0.101963282,0.039999999,0,0,0,3.28E-06,3.28E-06,0
NETHERLANDS,210,1985,0,0,0,0,11.28800011,9.576648712,0,1,0,0,0,10,0,0.101963282,0.039999999,0,0,0,3.28E-06,3.28E-06,0
NETHERLANDS,210,1986,0,0,0,0,11.53899956,9.581352234,0,1,0,0,0,10,0,0.101963282,0.039999999,0,0,0,3.28E-06,3.28E-06,0
NETHERLANDS,210,1987,0,0,0,0,11.79699993,9.586856842,0,1,0,0,0,10,0,0.101963282,0.039999999,0,0,0,3.28E-06,3.28E-06,0
NETHERLANDS,210,1988,0,0,0,0,11.8579998,9.593218803,0,1,0,0,0,10,0,0.101963282,0.039999999,0,0,0,3.28E-06,3.28E-06,0
NETHERLANDS,210,1989,0,0,0,0,12.08699989,9.599676132,0,1,0,0,0,10,0,0.101963282,0.039999999,0,0,0,3.28E-06,3.28E-06,0
NETHERLANDS,210,1990,0,0,0,0,12.5909996,9.605688095,0,1,0,0,0,10,0,0.101963282,0.039999999,0,0,0,3.28E-06,3.28E-06,0
NETHERLANDS,210,1991,0,0,0,0,13.02900028,9.612600327,0,1,0,0,0,10,0,0.101963282,0.039999999,0,0,0,3.28E-06,3.28E-06,0
NETHERLANDS,210,1992,0,0,0,0,13.1960001,9.620129585,0,1,0,0,0,10,0,0.101963282,0.039999999,0,0,0,3.28E-06,3.28E-06,0
NETHERLANDS,210,1993,0,0,0,0,13.28100014,9.627602577,0,1,0,0,0,10,0,0.101963282,0.039999999,0,0,0,3.28E-06,3.28E-06,0
NETHERLANDS,210,1994,0,0,0,0,13.29399967,9.634241104,0,1,0,0,0,10,0,0.101963282,0.039999999,0,0,0,3.28E-06,3.28E-06,0
NETHERLANDS,210,1995,0,0,0,0,13.63099957,9.640896797,0,1,0,0,0,10,0,0.101963282,0.039999999,0,0,0,3.28E-06,3.28E-06,0
NETHERLANDS,210,1996,0,0,0,0,13.86800003,9.646011353,0,1,0,0,0,10,0,0.101963282,0.039999999,0,0,0,3.28E-06,3.28E-06,0
NETHERLANDS,210,1997,0,0,0,0,14.23700047,9.649691582,0,1,0,0,0,10,0,0.101963282,0.039999999,0,0,0,3.28E-06,3.28E-06,0
NETHERLANDS,210,1998,0,0,0,0,14.69099998,9.655474663,0,1,0,0,0,10,0,0.101963282,0.039999999,0,0,0,3.28E-06,3.28E-06,0
NETHERLANDS,210,1999,0,0,0,0,15.14099979,9.661288261,0,1,0,0,0,10,0,0.101963282,0.039999999,0,0,0,3.28E-06,3.28E-06,0
BELGIUM,211,1945,0,0,0,0,3.641000032,9.03133297,0,0,0,0,0,10,0,0.551184177,0.310000002,0,0,0,1.70E-07,1.70E-07,-1
BELGIUM,211,1946,0,0,0,0,3.641000032,9.03133297,0,0,0,0,0,10,0,0.551184177,0.310000002,0,0,0,1.70E-07,1.70E-07,-1
BELGIUM,211,1947,0,0,0,0,3.701999903,9.032051086,0,0,0,0,0,10,0,0.551184177,0.310000002,0,0,0,1.70E-07,1.70E-07,-1
BELGIUM,211,1948,0,0,0,0,4.027999878,9.041921616,0,0,0,0,0,10,0,0.551184177,0.310000002,0,0,0,1.70E-07,1.70E-07,-1
BELGIUM,211,1949,0,0,0,0,4.149000168,9.054505348,0,0,0,0,0,10,0,0.551184177,0.310000002,0,0,0,1.70E-07,1.70E-07,-1
BELGIUM,211,1950,0,0,0,0,4.132999897,9.061143875,0,0,0,0,0,10,0,0.551184177,0.310000002,1,1,0,1.70E-07,1.70E-07,-1
BELGIUM,211,1951,0,0,0,0,4.433000088,9.064042091,0,0,0,0,0,10,0,0.551184177,0.310000002,1,1,0,1.70E-07,1.70E-07,-1
BELGIUM,211,1952,0,0,0,0,4.522999763,9.069353104,0,0,0,0,0,10,0,0.551184177,0.310000002,0,0,0,1.70E-07,1.70E-07,-1
BELGIUM,211,1953,0,0,0,0,4.552000046,9.074635506,0,0,0,0,0,10,0,0.551184177,0.310000002,0,0,0,1.70E-07,1.70E-07,-1
BELGIUM,211,1954,0,0,0,0,4.640999794,9.07977581,0,0,0,0,0,10,0,0.551184177,0.310000002,0,0,0,1.70E-07,1.70E-07,-1
BELGIUM,211,1955,0,0,0,0,4.81799984,9.08511734,0,0,0,0,0,10,0,0.551184177,0.310000002,0,0,0,1.70E-07,1.70E-07,-1
BELGIUM,211,1956,0,0,0,0,5.017000198,9.090204239,0,0,0,0,0,10,0,0.551184177,0.310000002,0,0,0,1.70E-07,1.70E-07,-1
BELGIUM,211,1957,0,0,0,0,5.133999825,9.096611977,0,0,0,0,0,10,0,0.551184177,0.310000002,0,0,0,1.70E-07,1.70E-07,-1
BELGIUM,211,1958,0,0,0,0,5.21999979,9.102977753,0,0,0,0,0,10,0,0.551184177,0.310000002,0,0,0,1.70E-07,1.70E-07,-1
BELGIUM,211,1959,0,0,0,0,5.087999821,9.109303474,0,0,0,0,0,10,0,0.551184177,0.310000002,0,0,0,1.70E-07,1.70E-07,-1
BELGIUM,211,1960,0,0,0,0,5.22300005,9.115590096,0,0,0,0,0,10,0,0.551184177,0.310000002,0,0,0,1.70E-07,1.70E-07,-1
BELGIUM,211,1961,0,0,0,0,5.494999886,9.118115425,0,0,0,0,0,10,0,0.551184177,0.310000002,1,1,0,1.70E-07,1.70E-07,-1
BELGIUM,211,1962,0,0,0,0,5.751999855,9.123256683,0,0,0,0,0,10,0,0.551184177,0.310000002,1,1,0,1.70E-07,1.70E-07,-1
BELGIUM,211,1963,0,0,0,0,6.012000084,9.128912926,0,0,0,0,0,10,0,0.551184177,0.310000002,1,1,0,1.70E-07,1.70E-07,-1
BELGIUM,211,1964,0,0,0,0,6.204999924,9.135939598,0,0,0,0,0,10,0,0.551184177,0.310000002,1,1,0,1.70E-07,1.70E-07,-1
BELGIUM,211,1965,0,0,0,0,6.578999996,9.144948006,0,0,0,0,0,10,0,0.551184177,0.310000002,1,1,0,1.70E-07,1.70E-07,-1
BELGIUM,211,1966,0,0,0,0,6.749000072,9.153558731,0,0,0,0,0,10,0,0.551184177,0.310000002,1,1,0,1.70E-07,1.70E-07,-1
BELGIUM,211,1967,0,0,0,0,6.910999775,9.159889221,0,0,0,0,0,10,0,0.551184177,0.310000002,1,1,0,1.70E-07,1.70E-07,-1
BELGIUM,211,1968,0,0,0,0,7.129000187,9.165029526,0,0,0,0,0,10,0,0.551184177,0.310000002,0,0,0,1.70E-07,1.70E-07,-1
BELGIUM,211,1969,0,0,0,0,7.383999825,9.168476105,0,0,0,0,0,10,0,0.551184177,0.310000002,0,0,0,1.70E-07,1.70E-07,-1
BELGIUM,211,1970,0,0,0,0,7.828000069,9.170871735,0,0,0,0,0,10,0,0.551184177,0.310000002,0,0,0,1.70E-07,1.70E-07,-1
BELGIUM,211,1971,0,0,0,0,8.331000328,9.17346859,0,0,0,0,0,10,0,0.551184177,0.310000002,0,0,0,1.70E-07,1.70E-07,-1
BELGIUM,211,1972,0,0,0,0,8.574000359,9.177093506,0,0,0,0,0,10,0,0.551184177,0.310000002,0,0,0,1.70E-07,1.70E-07,-1
BELGIUM,211,1973,0,0,0,0,8.956999779,9.180809021,0,0,0,0,0,10,0,0.551184177,0.310000002,1,1,0,1.70E-07,1.70E-07,-1
BELGIUM,211,1974,0,0,0,0,9.484999657,9.183791161,0,0,0,0,0,10,0,0.551184177,0.310000002,0,0,0,1.70E-07,1.70E-07,-1
BELGIUM,211,1975,0,0,0,0,9.87100029,9.18686676,0,0,0,0,0,10,0,0.551184177,0.310000002,0,0,0,1.70E-07,1.70E-07,-1
BELGIUM,211,1976,0,0,0,0,9.633000374,9.189627647,0,0,0,0,0,10,0,0.551184177,0.310000002,0,0,0,1.70E-07,1.70E-07,-1
BELGIUM,211,1977,0,0,0,0,10.15600014,9.191259384,0,0,0,0,0,10,0,0.551184177,0.310000002,0,0,0,1.70E-07,1.70E-07,-1
BELGIUM,211,1978,0,0,0,0,10.20400047,9.192379951,0,0,0,0,0,10,0,0.551184177,0.310000002,1,1,0,1.70E-07,1.70E-07,-1
BELGIUM,211,1979,0,0,0,0,10.46500015,9.193194389,0,0,0,0,0,10,0,0.551184177,0.310000002,0,0,0,1.70E-07,1.70E-07,-1
BELGIUM,211,1980,0,0,0,0,10.6789999,9.19390583,0,0,0,0,0,10,0,0.551184177,0.310000002,0,0,0,1.70E-07,1.70E-07,-1
BELGIUM,211,1981,0,0,0,0,11.10900021,9.194922447,0,0,0,0,0,10,0,0.551184177,0.310000002,0,0,0,1.70E-07,1.70E-07,-1
BELGIUM,211,1982,0,0,0,0,10.82900047,9.195429802,0,0,0,0,0,10,0,0.551184177,0.310000002,0,0,0,1.70E-07,1.70E-07,-1
BELGIUM,211,1983,0,0,0,0,10.98600006,9.195836067,0,0,0,0,0,10,0,0.551184177,0.310000002,0,0,0,1.70E-07,1.70E-07,-1
BELGIUM,211,1984,0,0,0,0,10.97200012,9.195836067,0,0,0,0,0,10,0,0.551184177,0.310000002,0,0,0,1.70E-07,1.70E-07,-1
BELGIUM,211,1985,0,0,0,0,11.23600006,9.195530891,0,0,0,0,0,10,0,0.551184177,0.310000002,0,0,0,1.70E-07,1.70E-07,-1
BELGIUM,211,1986,0,0,0,0,11.28499985,9.196038246,0,0,0,0,0,10,0,0.551184177,0.310000002,0,0,0,1.70E-07,1.70E-07,-1
BELGIUM,211,1987,0,0,0,0,11.46100044,9.196444511,0,0,0,0,0,10,0,0.551184177,0.310000002,0,0,0,1.70E-07,1.70E-07,-1
BELGIUM,211,1988,0,0,0,0,11.72700024,9.197255135,0,0,0,0,0,10,0,0.551184177,0.310000002,0,0,0,1.70E-07,1.70E-07,-1
BELGIUM,211,1989,0,0,0,0,12.31900024,9.200491905,0,0,0,0,0,10,0,0.551184177,0.310000002,0,0,0,1.70E-07,1.70E-07,-1
BELGIUM,211,1990,0,0,0,0,12.8039999,9.204120636,0,0,0,0,0,10,0,0.551184177,0.310000002,0,0,0,1.70E-07,1.70E-07,-1
BELGIUM,211,1991,0,0,0,0,13.23200035,9.207035065,0,0,0,0,0,10,0,0.551184177,0.310000002,0,0,0,1.70E-07,1.70E-07,-1
BELGIUM,211,1992,0,0,0,0,13.4090004,9.210740089,0,0,0,0,0,10,0,0.551184177,0.310000002,0,0,0,1.70E-07,1.70E-07,-1
BELGIUM,211,1993,0,0,0,0,13.48400021,9.214332581,0,0,0,0,0,10,0,0.551184177,0.310000002,0,0,0,1.70E-07,1.70E-07,-1
BELGIUM,211,1994,0,0,0,0,13.22900009,9.218754768,0,0,0,0,0,10,0,0.551184177,0.310000002,0,0,0,1.70E-07,1.70E-07,-1
BELGIUM,211,1995,0,0,0,0,13.50899982,9.221834183,0,0,0,0,0,10,0,0.551184177,0.310000002,0,0,0,1.70E-07,1.70E-07,-1
BELGIUM,211,1996,0,0,0,0,13.76099968,9.223927498,0,0,0,0,0,10,0,0.551184177,0.310000002,0,0,0,1.70E-07,1.70E-07,-1
BELGIUM,211,1997,0,0,0,0,13.86800003,9.226115227,0,0,0,0,0,10,0,0.551184177,0.310000002,0,0,0,1.70E-07,1.70E-07,-1
BELGIUM,211,1998,0,0,0,0,14.32400036,9.229162216,0,0,0,0,0,10,0,0.551184177,0.310000002,0,0,0,1.70E-07,1.70E-07,-1
BELGIUM,211,1999,0,0,0,0,14.67800045,9.230796814,0,0,0,0,0,10,0,0.551184177,0.310000002,0,0,0,1.70E-07,1.70E-07,-1
FRANCE,220,1945,0,0,0,0,2.644000053,10.62934399,2.44234705,1,0,0,0,4,1,0.261046767,0.055,0,0,0,4.19E-05,4.19E-05,0
FRANCE,220,1946,0,0,0,0,2.644000053,10.62934399,2.44234705,1,0,0,1,4,1,0.261046767,0.055,0,0,0,4.19E-05,4.19E-05,0
FRANCE,220,1947,0,0,0,0,3.398000002,10.62648487,2.44234705,1,0,0,1,10,0,0.261046767,0.055,0,0,0,4.19E-05,4.19E-05,0
FRANCE,220,1948,0,0,0,0,3.59100008,10.63537502,2.44234705,1,0,0,1,10,0,0.261046767,0.055,0,0,0,4.19E-05,4.19E-05,0
FRANCE,220,1949,0,0,0,0,3.622999907,10.64537716,2.44234705,1,0,0,1,10,0,0.261046767,0.055,0,0,0,4.19E-05,4.19E-05,0
FRANCE,220,1950,0,0,0,0,4.081999779,10.65372372,2.44234705,1,0,0,0,10,0,0.261046767,0.055,0,0,0,4.19E-05,4.19E-05,0
FRANCE,220,1951,0,0,0,0,4.045000076,10.63909531,2.44234705,1,0,0,0,10,0,0.261046767,0.055,0,0,0,4.19E-05,4.19E-05,0
FRANCE,220,1952,0,0,0,0,4.248000145,10.64720917,2.44234705,1,0,0,0,10,0,0.261046767,0.055,0,0,0,4.19E-05,4.19E-05,0
FRANCE,220,1953,0,0,0,0,4.354000092,10.65525723,2.44234705,1,0,0,0,10,0,0.261046767,0.055,0,0,0,4.19E-05,4.19E-05,0
FRANCE,220,1954,0,0,0,0,4.421999931,10.66312408,2.44234705,1,0,0,0,10,0,0.261046767,0.055,0,0,0,4.19E-05,4.19E-05,0
FRANCE,220,1955,0,0,0,0,4.565000057,10.67104626,2.44234705,1,0,0,0,10,0,0.261046767,0.055,0,0,0,4.19E-05,4.19E-05,0
FRANCE,220,1956,0,0,0,0,4.769999981,10.67890549,2.44234705,1,0,0,0,10,0,0.261046767,0.055,0,0,0,4.19E-05,4.19E-05,0
FRANCE,220,1957,0,0,0,0,5.083000183,10.68914509,2.44234705,1,0,0,0,10,0,0.261046767,0.055,0,0,0,4.19E-05,4.19E-05,0
FRANCE,220,1958,0,0,0,0,5.285999775,10.69939423,2.44234705,1,0,0,0,10,0,0.261046767,0.055,0,0,0,4.19E-05,4.19E-05,0
FRANCE,220,1959,0,0,0,0,5.368000031,10.70953941,2.44234705,1,0,0,1,5,1,0.261046767,0.055,0,0,0,4.19E-05,4.19E-05,0
FRANCE,220,1960,0,0,0,0,5.497000217,10.71958256,2.44234705,1,0,0,1,5,1,0.261046767,0.055,0,0,0,4.19E-05,4.19E-05,0
FRANCE,220,1961,0,0,0,0,5.822999954,10.72952557,2.44234705,1,0,0,1,5,1,0.261046767,0.055,0,0,0,4.19E-05,4.19E-05,0
FRANCE,220,1962,0,0,0,0,6.086999893,10.73991203,2.44234705,1,0,0,0,5,1,0.261046767,0.055,0,0,0,4.19E-05,4.19E-05,0
FRANCE,220,1963,0,0,0,0,6.401000023,10.7579031,2.44234705,1,0,0,0,5,1,0.261046767,0.055,0,0,0,4.19E-05,4.19E-05,0
FRANCE,220,1964,0,0,0,0,6.651000023,10.77513695,2.44234705,1,0,0,0,5,1,0.261046767,0.055,0,0,0,4.19E-05,4.19E-05,0
FRANCE,220,1965,0,0,0,0,7.047999859,10.78539371,2.44234705,1,0,0,0,5,1,0.261046767,0.055,0,0,0,4.19E-05,4.19E-05,0
FRANCE,220,1966,0,0,0,0,7.303999901,10.79458332,2.44234705,1,0,0,0,5,1,0.261046767,0.055,0,0,0,4.19E-05,4.19E-05,0
FRANCE,220,1967,0,0,0,0,7.644999981,10.80287647,2.44234705,1,0,0,0,5,1,0.261046767,0.055,0,0,0,4.19E-05,4.19E-05,0
FRANCE,220,1968,0,0,0,0,7.946000099,10.81069756,2.44234705,1,0,0,0,5,1,0.261046767,0.055,0,0,0,4.19E-05,4.19E-05,0
FRANCE,220,1969,0,0,0,0,8.227999687,10.81805706,2.44234705,1,0,0,0,5,1,0.261046767,0.055,0,0,0,4.19E-05,4.19E-05,0
FRANCE,220,1970,0,0,0,0,8.767999649,10.82615757,2.44234705,1,0,0,1,8,0,0.261046767,0.055,0,0,0,4.19E-05,4.19E-05,0
FRANCE,220,1971,0,0,0,0,9.199999809,10.83510017,2.44234705,1,0,0,1,8,0,0.261046767,0.055,0,0,0,4.19E-05,4.19E-05,0
FRANCE,220,1972,0,0,0,0,9.538000107,10.84449005,2.44234705,1,0,0,1,8,0,0.261046767,0.055,0,0,0,4.19E-05,4.19E-05,0
FRANCE,220,1973,0,0,0,0,9.836999893,10.85323238,2.44234705,1,0,0,0,8,0,0.261046767,0.055,0,0,0,4.19E-05,4.19E-05,0
FRANCE,220,1974,0,0,0,0,10.31599998,10.86126518,2.44234705,1,0,0,0,8,0,0.261046767,0.055,0,0,0,4.19E-05,4.19E-05,0
FRANCE,220,1975,0,0,0,0,10.51000023,10.86780643,2.44234705,1,0,0,0,8,0,0.261046767,0.055,0,0,0,4.19E-05,4.19E-05,0
FRANCE,220,1976,0,0,0,0,10.29699993,10.87235165,2.44234705,1,0,0,0,8,0,0.261046767,0.055,0,0,0,4.19E-05,4.19E-05,0
FRANCE,220,1977,0,0,0,0,10.7510004,10.87632847,2.44234705,1,0,0,0,8,0,0.261046767,0.055,0,0,0,4.19E-05,4.19E-05,0
FRANCE,220,1978,0,0,0,0,11.05300045,10.88077927,2.44234705,1,0,0,0,8,0,0.261046767,0.055,0,0,0,4.19E-05,4.19E-05,0
FRANCE,220,1979,0,0,0,0,11.33399963,10.88511658,2.44234705,1,0,0,0,8,0,0.261046767,0.055,0,0,0,4.19E-05,4.19E-05,0
FRANCE,220,1980,0,0,0,0,11.66399956,10.88941669,2.44234705,1,0,0,0,8,0,0.261046767,0.055,0,0,0,4.19E-05,4.19E-05,0
FRANCE,220,1981,0,0,0,0,11.75599957,10.89451504,2.44234705,1,0,0,0,8,0,0.261046767,0.055,0,0,0,4.19E-05,4.19E-05,0
FRANCE,220,1982,0,0,0,0,11.74600029,10.90010357,2.44234705,1,0,0,0,8,0,0.261046767,0.055,0,0,0,4.19E-05,4.19E-05,0
FRANCE,220,1983,0,0,0,0,11.97000027,10.9055891,2.44234705,1,0,0,0,8,0,0.261046767,0.055,0,0,0,4.19E-05,4.19E-05,0
FRANCE,220,1984,0,0,0,0,11.93599987,10.9101305,2.44234705,1,0,0,0,8,0,0.261046767,0.055,0,0,0,4.19E-05,4.19E-05,0
FRANCE,220,1985,0,0,0,0,12.0340004,10.91412449,2.44234705,1,0,0,0,8,0,0.261046767,0.055,0,0,0,4.19E-05,4.19E-05,0
FRANCE,220,1986,0,0,0,0,12.20600033,10.91817474,2.44234705,1,0,0,0,8,0,0.261046767,0.055,0,0,0,4.19E-05,4.19E-05,0
FRANCE,220,1987,0,0,0,0,12.50699997,10.92222691,2.44234705,1,0,0,0,9,0,0.261046767,0.055,0,0,0,4.19E-05,4.19E-05,0
FRANCE,220,1988,0,0,0,0,12.74400043,10.92647743,2.44234705,1,0,0,0,9,0,0.261046767,0.055,0,0,0,4.19E-05,4.19E-05,0
FRANCE,220,1989,0,0,0,0,13.25899982,10.93103313,2.44234705,1,0,0,0,9,0,0.261046767,0.055,0,0,0,4.19E-05,4.19E-05,0
FRANCE,220,1990,0,0,0,0,13.6420002,10.94086266,2.44234705,1,0,0,0,9,0,0.261046767,0.055,0,0,0,4.19E-05,4.19E-05,0
FRANCE,220,1991,0,0,0,0,13.90400028,10.94614697,2.44234705,1,0,0,0,9,0,0.261046767,0.055,0,0,0,4.19E-05,4.19E-05,0
FRANCE,220,1992,0,0,0,0,13.86999989,10.95166588,2.44234705,1,0,0,0,9,0,0.261046767,0.055,0,0,0,4.19E-05,4.19E-05,0
FRANCE,220,1993,0,0,0,0,13.91800022,10.95731163,2.44234705,1,0,0,0,9,0,0.261046767,0.055,0,0,0,4.19E-05,4.19E-05,0
FRANCE,220,1994,0,0,0,0,13.73999977,10.96244049,2.44234705,1,0,0,0,9,0,0.261046767,0.055,0,0,0,4.19E-05,4.19E-05,0
FRANCE,220,1995,0,0,0,0,13.97700024,10.96695614,2.44234705,1,0,0,0,9,0,0.261046767,0.055,0,0,0,4.19E-05,4.19E-05,0
FRANCE,220,1996,0,0,0,0,14.16499996,10.97066116,2.44234705,1,0,0,0,9,0,0.261046767,0.055,0,0,0,4.19E-05,4.19E-05,0
FRANCE,220,1997,0,0,0,0,14.27600002,10.97464275,2.44234705,1,0,0,0,9,0,0.261046767,0.055,0,0,0,4.19E-05,4.19E-05,0
FRANCE,220,1998,0,0,0,0,14.50300026,10.97861099,2.44234705,1,0,0,0,9,0,0.261046767,0.055,0,0,0,4.19E-05,4.19E-05,0
FRANCE,220,1999,0,0,0,0,14.90100002,10.98158455,2.44234705,1,0,0,0,9,0,0.261046767,0.055,0,0,0,4.19E-05,4.19E-05,0
SWITZERLAND,225,1945,0,0,0,0,6.617000103,8.396606445,4.218036175,0,0,0,0,10,0,0.503707826,0.164000005,0,0,0,1.93E-05,1.93E-05,-1
SWITZERLAND,225,1946,0,0,0,0,6.617000103,8.396606445,4.218036175,0,0,0,0,10,0,0.503707826,0.164000005,0,0,0,1.93E-05,1.93E-05,-1
SWITZERLAND,225,1947,0,0,0,0,6.743999958,8.404248238,4.218036175,0,0,0,0,10,0,0.503707826,0.164000005,0,0,0,1.93E-05,1.93E-05,-1
SWITZERLAND,225,1948,0,0,0,0,7.089000225,8.422223091,4.218036175,0,0,0,0,10,0,0.503707826,0.164000005,1,1,0,1.93E-05,1.93E-05,-1
SWITZERLAND,225,1949,0,0,0,0,7.339000225,8.435548782,4.218036175,0,0,0,0,10,0,0.503707826,0.164000005,0,0,0,1.93E-05,1.93E-05,-1
SWITZERLAND,225,1950,0,0,0,0,6.690999985,8.442254066,4.218036175,0,0,0,0,10,0,0.503707826,0.164000005,1,1,0,1.93E-05,1.93E-05,-1
SWITZERLAND,225,1951,0,0,0,0,6.813000202,8.454040527,4.218036175,0,0,0,0,10,0,0.503707826,0.164000005,0,0,0,1.93E-05,1.93E-05,-1
SWITZERLAND,225,1952,0,0,0,0,7.271999836,8.466110229,4.218036175,0,0,0,0,10,0,0.503707826,0.164000005,0,0,0,1.93E-05,1.93E-05,-1
SWITZERLAND,225,1953,0,0,0,0,7.122000217,8.478244781,4.218036175,0,0,0,0,10,0,0.503707826,0.164000005,0,0,0,1.93E-05,1.93E-05,-1
SWITZERLAND,225,1954,0,0,0,0,7.296999931,8.490027428,4.218036175,0,0,0,0,10,0,0.503707826,0.164000005,1,1,0,1.93E-05,1.93E-05,-1
SWITZERLAND,225,1955,0,0,0,0,7.690000057,8.501673698,4.218036175,0,0,0,0,10,0,0.503707826,0.164000005,1,1,0,1.93E-05,1.93E-05,-1
SWITZERLAND,225,1956,0,0,0,0,8.102000237,8.513185501,4.218036175,0,0,0,0,10,0,0.503707826,0.164000005,0,0,0,1.93E-05,1.93E-05,-1
SWITZERLAND,225,1957,0,0,0,0,8.538999557,8.528330803,4.218036175,0,0,0,0,10,0,0.503707826,0.164000005,0,0,0,1.93E-05,1.93E-05,-1
SWITZERLAND,225,1958,0,0,0,0,8.67800045,8.543445587,4.218036175,0,0,0,0,10,0,0.503707826,0.164000005,0,0,0,1.93E-05,1.93E-05,-1
SWITZERLAND,225,1959,0,0,0,0,8.223999977,8.558143616,4.218036175,0,0,0,0,10,0,0.503707826,0.164000005,1,1,0,1.93E-05,1.93E-05,-1
SWITZERLAND,225,1960,0,0,0,0,8.80300045,8.572816849,4.218036175,0,0,0,0,10,0,0.503707826,0.164000005,1,1,0,1.93E-05,1.93E-05,-1
SWITZERLAND,225,1961,0,0,0,0,9.409000397,8.5870924,4.218036175,0,0,0,0,10,0,0.503707826,0.164000005,0,0,0,1.93E-05,1.93E-05,-1
SWITZERLAND,225,1962,0,0,0,0,10.07699966,8.600430489,4.218036175,0,0,0,0,10,0,0.503707826,0.164000005,1,1,0,1.93E-05,1.93E-05,-1
SWITZERLAND,225,1963,0,0,0,0,10.32199955,8.625867844,4.218036175,0,0,0,0,10,0,0.503707826,0.164000005,0,0,0,1.93E-05,1.93E-05,-1
SWITZERLAND,225,1964,0,0,0,0,10.58300018,8.647168159,4.218036175,0,0,0,0,10,0,0.503707826,0.164000005,0,0,0,1.93E-05,1.93E-05,-1
SWITZERLAND,225,1965,0,0,0,0,10.97900009,8.663714409,4.218036175,0,0,0,0,10,0,0.503707826,0.164000005,0,0,0,1.93E-05,1.93E-05,-1
SWITZERLAND,225,1966,0,0,0,0,11.14999962,8.675222397,4.218036175,0,0,0,0,10,0,0.503707826,0.164000005,0,0,0,1.93E-05,1.93E-05,-1
SWITZERLAND,225,1967,0,0,0,0,11.30700016,8.685753822,4.218036175,0,0,0,0,10,0,0.503707826,0.164000005,1,1,0,1.93E-05,1.93E-05,-1
SWITZERLAND,225,1968,0,0,0,0,11.51900005,8.698180199,4.218036175,0,0,0,0,10,0,0.503707826,0.164000005,0,0,0,1.93E-05,1.93E-05,-1
SWITZERLAND,225,1969,0,0,0,0,11.77799988,8.710783958,4.218036175,0,0,0,0,10,0,0.503707826,0.164000005,0,0,0,1.93E-05,1.93E-05,-1
SWITZERLAND,225,1970,0,0,0,0,12.31599998,8.721928596,4.218036175,0,0,0,0,10,0,0.503707826,0.164000005,0,0,0,1.93E-05,1.93E-05,-1
SWITZERLAND,225,1971,0,0,0,0,12.94200039,8.743053436,4.218036175,0,0,0,0,10,0,0.503707826,0.164000005,0,0,0,1.93E-05,1.93E-05,-1
SWITZERLAND,225,1972,0,0,0,0,13.33500004,8.75210762,4.218036175,0,0,0,0,10,0,0.503707826,0.164000005,1,1,0,1.93E-05,1.93E-05,-1
SWITZERLAND,225,1973,0,0,0,0,13.59899998,8.761706352,4.218036175,0,0,0,0,10,0,0.503707826,0.164000005,1,1,0,1.93E-05,1.93E-05,-1
SWITZERLAND,225,1974,0,0,0,0,13.90499973,8.768885612,4.218036175,0,0,0,0,10,0,0.503707826,0.164000005,0,0,0,1.93E-05,1.93E-05,-1
SWITZERLAND,225,1975,0,0,0,0,14.0909996,8.770749092,4.218036175,0,0,0,0,10,0,0.503707826,0.164000005,1,1,0,1.93E-05,1.93E-05,-1
SWITZERLAND,225,1976,0,0,0,0,12.99100018,8.764834404,4.218036175,0,0,0,0,10,0,0.503707826,0.164000005,0,0,0,1.93E-05,1.93E-05,-1
SWITZERLAND,225,1977,0,0,0,0,12.84500027,8.755579948,4.218036175,0,0,0,0,10,0,0.503707826,0.164000005,0,0,0,1.93E-05,1.93E-05,-1
SWITZERLAND,225,1978,0,0,0,0,13.16899967,8.752581596,4.218036175,0,0,0,0,10,0,0.503707826,0.164000005,0,0,0,1.93E-05,1.93E-05,-1
SWITZERLAND,225,1979,0,0,0,0,13.18299961,8.754160881,4.218036175,0,0,0,0,10,0,0.503707826,0.164000005,0,0,0,1.93E-05,1.93E-05,-1
SWITZERLAND,225,1980,0,0,0,0,13.53499985,8.756367683,4.218036175,0,0,0,0,10,0,0.503707826,0.164000005,1,1,0,1.93E-05,1.93E-05,-1
SWITZERLAND,225,1981,0,0,0,0,14.30099964,8.751316071,4.218036175,0,0,0,0,10,0,0.503707826,0.164000005,0,0,0,1.93E-05,1.93E-05,-1
SWITZERLAND,225,1982,0,0,0,0,14.38700008,8.756839752,4.218036175,0,0,0,0,10,0,0.503707826,0.164000005,0,0,0,1.93E-05,1.93E-05,-1
SWITZERLAND,225,1983,0,0,0,0,14.14599991,8.762645721,4.218036175,0,0,0,0,10,0,0.503707826,0.164000005,1,1,0,1.93E-05,1.93E-05,-1
SWITZERLAND,225,1984,0,0,0,0,14.20699978,8.767017365,4.218036175,0,0,0,0,10,0,0.503707826,0.164000005,0,0,0,1.93E-05,1.93E-05,-1
SWITZERLAND,225,1985,0,0,0,0,14.39700031,8.770594597,4.218036175,0,0,0,0,10,0,0.503707826,0.164000005,0,0,0,1.93E-05,1.93E-05,-1
SWITZERLAND,225,1986,0,0,0,0,14.86400032,8.774930954,4.218036175,0,0,0,0,10,0,0.503707826,0.164000005,0,0,0,1.93E-05,1.93E-05,-1
SWITZERLAND,225,1987,0,0,0,0,15.2510004,8.780172348,4.218036175,0,0,0,0,10,0,0.503707826,0.164000005,1,1,0,1.93E-05,1.93E-05,-1
SWITZERLAND,225,1988,0,0,0,0,15.49100018,8.786457062,4.218036175,0,0,0,0,10,0,0.503707826,0.164000005,0,0,0,1.93E-05,1.93E-05,-1
SWITZERLAND,225,1989,0,0,0,0,15.86200047,8.790117264,4.218036175,0,0,0,0,10,0,0.503707826,0.164000005,1,1,0,1.93E-05,1.93E-05,-1
SWITZERLAND,225,1990,0,0,0,0,16.30400085,8.801920891,4.218036175,0,0,0,0,10,0,0.503707826,0.164000005,0,0,0,1.93E-05,1.93E-05,-1
SWITZERLAND,225,1991,0,0,0,0,16.50499916,8.811652184,4.218036175,0,0,0,0,10,0,0.503707826,0.164000005,1,1,0,1.93E-05,1.93E-05,-1
SWITZERLAND,225,1992,0,0,0,0,16.24500084,8.823353767,4.218036175,0,0,0,0,10,0,0.503707826,0.164000005,1,1,0,1.93E-05,1.93E-05,-1
SWITZERLAND,225,1993,0,0,0,0,15.88700008,8.840001106,4.218036175,0,0,0,0,10,0,0.503707826,0.164000005,0,0,0,1.93E-05,1.93E-05,-1
SWITZERLAND,225,1994,0,0,0,0,15.66699982,8.844768524,4.218036175,0,0,0,0,10,0,0.503707826,0.164000005,0,0,0,1.93E-05,1.93E-05,-1
SWITZERLAND,225,1995,0,0,0,0,15.6239996,8.852807999,4.218036175,0,0,0,0,10,0,0.503707826,0.164000005,0,0,0,1.93E-05,1.93E-05,-1
SWITZERLAND,225,1996,0,0,0,0,15.59799957,8.859505653,4.218036175,0,0,0,0,10,0,0.503707826,0.164000005,1,1,0,1.93E-05,1.93E-05,-1
SWITZERLAND,225,1997,0,0,0,0,15.57499981,8.864181519,4.218036175,0,0,0,0,10,0,0.503707826,0.164000005,0,0,0,1.93E-05,1.93E-05,-1
SWITZERLAND,225,1998,0,0,0,0,15.80500031,8.866158485,4.218036175,0,0,0,0,10,0,0.503707826,0.164000005,1,1,0,1.93E-05,1.93E-05,-1
SWITZERLAND,225,1999,0,0,0,0,16.07999992,8.868694305,4.218036175,0,0,0,0,10,0,0.503707826,0.164000005,1,1,0,1.93E-05,1.93E-05,-1
SPAIN,230,1945,0,0,0,0,1.68599999,10.20159054,3.117949963,1,0,0,0,-7,0,0.435880899,0.169,1,1,0,6.47E-05,6.47E-05,-1
SPAIN,230,1946,0,0,0,0,1.68599999,10.20159054,3.117949963,1,0,0,0,-7,0,0.435880899,0.169,1,1,0,6.47E-05,6.47E-05,-1
SPAIN,230,1947,0,0,0,0,1.845000029,10.20403671,3.117949963,1,0,0,0,-7,0,0.435880899,0.169,1,1,0,6.47E-05,6.47E-05,-1
SPAIN,230,1948,0,0,0,0,1.893000007,10.21178055,3.117949963,1,0,0,0,-7,0,0.435880899,0.169,1,1,0,6.47E-05,6.47E-05,-1
SPAIN,230,1949,0,0,0,0,1.965000033,10.21961117,3.117949963,1,0,0,0,-7,0,0.435880899,0.169,1,1,0,6.47E-05,6.47E-05,-1
SPAIN,230,1950,0,0,0,0,2.055999994,10.22738075,3.117949963,1,0,0,0,-7,0,0.435880899,0.169,1,1,0,6.47E-05,6.47E-05,-1
SPAIN,230,1951,0,0,0,0,1.912999988,10.23523426,3.117949963,1,0,0,0,-7,0,0.435880899,0.169,1,1,0,6.47E-05,6.47E-05,-1
SPAIN,230,1952,0,0,0,0,2.213999987,10.2436676,3.117949963,1,0,0,0,-7,0,0.435880899,0.169,1,1,0,6.47E-05,6.47E-05,-1
SPAIN,230,1953,0,0,0,0,2.303999901,10.25217056,3.117949963,1,0,0,0,-7,0,0.435880899,0.169,1,1,0,6.47E-05,6.47E-05,-1
SPAIN,230,1954,0,0,0,0,2.204999924,10.26046276,3.117949963,1,0,0,0,-7,0,0.435880899,0.169,1,1,0,6.47E-05,6.47E-05,-1
SPAIN,230,1955,0,0,0,0,2.490999937,10.26872063,3.117949963,1,0,0,0,-7,0,0.435880899,0.169,1,1,0,6.47E-05,6.47E-05,-1
SPAIN,230,1956,0,0,0,0,2.614000082,10.27701473,3.117949963,1,0,0,0,-7,0,0.435880899,0.169,1,1,0,6.47E-05,6.47E-05,-1
SPAIN,230,1957,0,0,0,0,2.790999889,10.28558159,3.117949963,1,0,0,0,-7,0,0.435880899,0.169,1,1,0,6.47E-05,6.47E-05,-1
SPAIN,230,1958,0,0,0,0,2.881000042,10.29394054,3.117949963,1,0,0,0,-7,0,0.435880899,0.169,1,1,0,6.47E-05,6.47E-05,-1
SPAIN,230,1959,0,0,0,0,2.996000051,10.30236435,3.117949963,1,0,0,0,-7,0,0.435880899,0.169,1,1,0,6.47E-05,6.47E-05,-1
SPAIN,230,1960,0,0,0,0,2.878000021,10.31071758,3.117949963,1,0,0,0,-7,0,0.435880899,0.169,1,1,0,6.47E-05,6.47E-05,-1
SPAIN,230,1961,0,0,0,0,3.122999907,10.32400513,3.117949963,1,0,0,0,-7,0,0.435880899,0.169,1,1,0,6.47E-05,6.47E-05,-1
SPAIN,230,1962,0,0,0,0,3.492000103,10.33351517,3.117949963,1,0,0,0,-7,0,0.435880899,0.169,1,1,0,6.47E-05,6.47E-05,-1
SPAIN,230,1963,0,0,0,0,3.821000099,10.34390163,3.117949963,1,0,0,0,-7,0,0.435880899,0.169,1,1,0,6.47E-05,6.47E-05,-1
SPAIN,230,1964,0,0,0,0,4.111000061,10.35437202,3.117949963,1,0,0,0,-7,0,0.435880899,0.169,1,1,0,6.47E-05,6.47E-05,-1
SPAIN,230,1965,0,0,0,0,4.31099987,10.36476612,3.117949963,1,0,0,0,-7,0,0.435880899,0.169,1,1,0,6.47E-05,6.47E-05,-1
SPAIN,230,1966,0,0,0,0,4.579999924,10.37523937,3.117949963,1,0,0,0,-7,0,0.435880899,0.169,1,1,0,6.47E-05,6.47E-05,-1
SPAIN,230,1967,0,0,0,0,4.868999958,10.38572884,3.117949963,1,0,0,0,-7,0,0.435880899,0.169,1,1,0,6.47E-05,6.47E-05,-1
SPAIN,230,1968,0,0,0,0,5.039999962,10.39620018,3.117949963,1,0,0,0,-7,0,0.435880899,0.169,1,1,0,6.47E-05,6.47E-05,-1
SPAIN,230,1969,0,0,0,0,5.298999786,10.40668392,3.117949963,1,0,0,0,-7,0,0.435880899,0.169,1,1,0,6.47E-05,6.47E-05,-1
SPAIN,230,1970,0,0,0,0,5.717000008,10.41714954,3.117949963,1,0,0,0,-7,0,0.435880899,0.169,1,1,0,6.47E-05,6.47E-05,-1
SPAIN,230,1971,0,0,0,0,5.861000061,10.42759418,3.117949963,1,0,0,0,-7,0,0.435880899,0.169,1,1,0,6.47E-05,6.47E-05,-1
SPAIN,230,1972,0,0,0,0,6.025000095,10.43968868,3.117949963,1,0,0,0,-7,0,0.435880899,0.169,1,1,0,6.47E-05,6.47E-05,-1
SPAIN,230,1973,0,0,0,0,6.489999771,10.4472065,3.117949963,1,0,0,0,-7,0,0.435880899,0.169,1,1,0,6.47E-05,6.47E-05,-1
SPAIN,230,1974,0,0,0,0,6.94299984,10.45765972,3.117949963,1,0,0,0,-7,0,0.435880899,0.169,1,1,0,6.47E-05,6.47E-05,-1
SPAIN,230,1975,0,0,0,0,7.290999889,10.46729469,3.117949963,1,0,0,0,-7,0,0.435880899,0.169,0,0,0,6.47E-05,6.47E-05,-1
SPAIN,230,1976,0,0,0,0,7.237999916,10.47771072,3.117949963,1,0,0,1,-3,1,0.435880899,0.169,0,0,0,6.47E-05,6.47E-05,-1
SPAIN,230,1977,0,0,0,0,7.387000084,10.48952293,3.117949963,1,0,0,1,1,1,0.435880899,0.169,0,0,0,6.47E-05,6.47E-05,-1
SPAIN,230,1978,0,0,0,0,7.443999767,10.50141716,3.117949963,1,0,0,1,5,1,0.435880899,0.169,0,0,0,6.47E-05,6.47E-05,-1
SPAIN,230,1979,0,0,0,0,7.412000179,10.51265526,3.117949963,1,0,0,1,9,0,0.435880899,0.169,0,0,0,6.47E-05,6.47E-05,-1
SPAIN,230,1980,0,0,0,0,7.34800005,10.52158833,3.117949963,1,0,0,1,9,0,0.435880899,0.169,0,0,0,6.47E-05,6.47E-05,-1
SPAIN,230,1981,0,0,0,0,7.389999866,10.52905178,3.117949963,1,0,0,1,9,0,0.435880899,0.169,0,0,0,6.47E-05,6.47E-05,-1
SPAIN,230,1982,0,0,0,0,7.238999844,10.53889942,3.117949963,1,0,0,0,9,0,0.435880899,0.169,0,0,0,6.47E-05,6.47E-05,-1
SPAIN,230,1983,0,0,0,0,7.301000118,10.54481506,3.117949963,1,0,0,0,10,0,0.435880899,0.169,0,0,0,6.47E-05,6.47E-05,-1
SPAIN,230,1984,0,0,0,0,7.375,10.54985714,3.117949963,1,0,0,0,10,0,0.435880899,0.169,0,0,0,6.47E-05,6.47E-05,-1
SPAIN,230,1985,0,0,0,0,7.380000114,10.55430126,3.117949963,1,0,0,0,10,0,0.435880899,0.169,0,0,0,6.47E-05,6.47E-05,-1
SPAIN,230,1986,0,0,0,0,7.535999775,10.56033421,3.117949963,1,0,0,0,10,0,0.435880899,0.169,0,0,0,6.47E-05,6.47E-05,-1
SPAIN,230,1987,0,0,0,0,7.821000099,10.5611372,3.117949963,1,0,0,0,10,0,0.435880899,0.169,0,0,0,6.47E-05,6.47E-05,-1
SPAIN,230,1988,0,0,0,0,8.291000366,10.56400776,3.117949963,1,0,0,0,10,0,0.435880899,0.169,0,0,0,6.47E-05,6.47E-05,-1
SPAIN,230,1989,0,0,0,0,8.758999825,10.5664072,3.117949963,1,0,0,0,10,0,0.435880899,0.169,0,0,0,6.47E-05,6.47E-05,-1
SPAIN,230,1990,0,0,0,0,9.237999916,10.56844139,3.117949963,1,0,0,0,10,0,0.435880899,0.169,0,0,0,6.47E-05,6.47E-05,-1
SPAIN,230,1991,0,0,0,0,9.583000183,10.57026482,3.117949963,1,0,0,0,10,0,0.435880899,0.169,0,0,0,6.47E-05,6.47E-05,-1
SPAIN,230,1992,0,0,0,0,9.769000053,10.57195759,3.117949963,1,0,0,0,10,0,0.435880899,0.169,0,0,0,6.47E-05,6.47E-05,-1
SPAIN,230,1993,0,0,0,0,9.802000046,10.57349396,3.117949963,1,0,0,0,10,0,0.435880899,0.169,0,0,0,6.47E-05,6.47E-05,-1
SPAIN,230,1994,0,0,0,0,9.668999672,10.57344246,3.117949963,1,0,0,0,10,0,0.435880899,0.169,0,0,0,6.47E-05,6.47E-05,-1
SPAIN,230,1995,0,0,0,0,9.868000031,10.57497692,3.117949963,1,0,0,0,10,0,0.435880899,0.169,0,0,0,6.47E-05,6.47E-05,-1
SPAIN,230,1996,0,0,0,0,10.11999989,10.57668686,3.117949963,1,0,0,0,10,0,0.435880899,0.169,0,0,0,6.47E-05,6.47E-05,-1
SPAIN,230,1997,0,0,0,0,10.3409996,10.57784081,3.117949963,1,0,0,0,10,0,0.435880899,0.169,0,0,0,6.47E-05,6.47E-05,-1
SPAIN,230,1998,0,0,0,0,10.72399998,10.57956505,3.117949963,1,0,0,0,10,0,0.435880899,0.169,0,0,0,6.47E-05,6.47E-05,-1
SPAIN,230,1999,0,0,0,0,11.13399982,10.57960606,3.117949963,1,0,0,0,10,0,0.435880899,0.169,0,0,0,6.47E-05,6.47E-05,-1
PORTUGAL,235,1945,0,0,0,0,0.944000006,8.995536804,1.916922688,1,0,0,0,-9,0,0.00567627,0.004,0,0,0,0,0,0
PORTUGAL,235,1946,0,0,0,0,0.944000006,8.995536804,1.916922688,1,0,0,0,-9,0,0.00567627,0.004,0,0,0,0,0,0
PORTUGAL,235,1947,0,0,0,0,0.950999975,9.001838684,1.916922688,1,0,0,0,-9,0,0.00567627,0.004,0,0,0,0,0,0
PORTUGAL,235,1948,0,0,0,0,1.207999945,9.010668755,1.916922688,1,0,0,0,-9,0,0.00567627,0.004,0,0,0,0,0,0
PORTUGAL,235,1949,0,0,0,0,1.177999973,9.019421577,1.916922688,1,0,0,0,-9,0,0.00567627,0.004,0,0,0,0,0,0
PORTUGAL,235,1950,0,0,0,0,1.123999953,9.027978897,1.916922688,1,0,0,0,-9,0,0.00567627,0.004,0,0,0,0,0,0
PORTUGAL,235,1951,0,0,0,0,1.207999945,9.036581993,1.916922688,1,0,0,0,-9,0,0.00567627,0.004,0,0,0,0,0,0
PORTUGAL,235,1952,0,0,0,0,1.322999954,9.041448593,1.916922688,1,0,0,0,-9,0,0.00567627,0.004,0,0,0,0,0,0
PORTUGAL,235,1953,0,0,0,0,1.379999995,9.046290398,1.916922688,1,0,0,0,-9,0,0.00567627,0.004,0,0,0,0,0,0
PORTUGAL,235,1954,0,0,0,0,1.450999975,9.051110268,1.916922688,1,0,0,0,-9,0,0.00567627,0.004,0,0,0,0,0,0
PORTUGAL,235,1955,0,0,0,0,1.496000051,9.055906296,1.916922688,1,0,0,0,-9,0,0.00567627,0.004,0,0,0,0,0,0
PORTUGAL,235,1956,0,0,0,0,1.539000034,9.060679436,1.916922688,1,0,0,0,-9,0,0.00567627,0.004,0,0,0,0,0,0
PORTUGAL,235,1957,0,0,0,0,1.600000024,9.06566143,1.916922688,1,0,0,0,-9,0,0.00567627,0.004,0,0,0,0,0,0
PORTUGAL,235,1958,0,0,0,0,1.677000046,9.070618629,1.916922688,1,0,0,0,-9,0,0.00567627,0.004,0,0,0,0,0,0
PORTUGAL,235,1959,0,0,0,0,1.682999969,9.075551033,1.916922688,1,0,0,0,-9,0,0.00567627,0.004,0,0,0,0,0,0
PORTUGAL,235,1960,0,0,0,0,1.771000028,9.080573082,1.916922688,1,0,0,0,-9,0,0.00567627,0.004,0,0,0,0,0,0
PORTUGAL,235,1961,0,0,0,0,1.868999958,9.098626137,1.916922688,1,0,0,0,-9,0,0.00567627,0.004,0,0,0,0,0,0
PORTUGAL,235,1962,0,0,0,0,2.000999928,9.097955704,1.916922688,1,0,0,0,-9,0,0.00567627,0.004,0,0,0,0,0,0
PORTUGAL,235,1963,0,0,0,0,2.069999933,9.107199669,1.916922688,1,0,0,0,-9,0,0.00567627,0.004,0,0,0,0,0,0
PORTUGAL,235,1964,0,0,0,0,2.191999912,9.113939285,1.916922688,1,0,0,0,-9,0,0.00567627,0.004,0,0,0,0,0,0
PORTUGAL,235,1965,0,0,0,0,2.243999958,9.118554115,1.916922688,1,0,0,0,-9,0,0.00567627,0.004,0,0,0,0,0,0
PORTUGAL,235,1966,0,0,0,0,2.407000065,9.119211197,1.916922688,1,0,0,0,-9,0,0.00567627,0.004,0,0,0,0,0,0
PORTUGAL,235,1967,0,0,0,0,2.469000101,9.116908073,1.916922688,1,0,0,0,-9,0,0.00567627,0.004,0,0,0,0,0,0
PORTUGAL,235,1968,0,0,0,0,2.645999908,9.116359711,1.916922688,1,0,0,0,-9,0,0.00567627,0.004,0,0,0,0,0,0
PORTUGAL,235,1969,0,0,0,0,2.921999931,9.117676735,1.916922688,1,0,0,0,-9,0,0.00567627,0.004,0,0,0,0,0,0
PORTUGAL,235,1970,0,0,0,0,3.006000042,9.115699768,1.916922688,1,0,0,0,-9,0,0.00567627,0.004,0,0,0,0,0,0
PORTUGAL,235,1971,0,0,0,0,3.305999994,9.109856606,1.916922688,1,0,0,0,-9,0,0.00567627,0.004,0,0,0,0,0,0
PORTUGAL,235,1972,0,0,0,0,3.74000001,9.064620972,1.916922688,1,0,0,0,-9,0,0.00567627,0.004,0,0,0,0,0,0
PORTUGAL,235,1973,0,0,0,0,3.993999958,9.063116074,1.916922688,1,0,0,0,-9,0,0.00567627,0.004,0,0,0,0,0,0
PORTUGAL,235,1974,0,0,0,0,4.459000111,9.063347816,1.916922688,1,0,0,0,-9,0,0.00567627,0.004,0,0,0,0,0,0
PORTUGAL,235,1975,0,0,0,0,4.644999981,9.077265739,1.916922688,1,0,0,1,-3,1,0.00567627,0.004,0,0,0,0,0,0
PORTUGAL,235,1976,0,0,0,0,4.309999943,9.115260124,1.916922688,1,0,0,1,3,1,0.00567627,0.004,0,0,0,0,0,0
PORTUGAL,235,1977,0,0,0,0,4.460999966,9.143666267,1.916922688,1,0,0,1,9,0,0.00567627,0.004,0,0,0,0,0,0
PORTUGAL,235,1978,0,0,0,0,4.644000053,9.154298782,1.916922688,1,0,0,1,9,0,0.00567627,0.004,0,0,0,0,0,0
PORTUGAL,235,1979,0,0,0,0,4.690000057,9.165133476,1.916922688,1,0,0,1,9,0,0.00567627,0.004,0,0,0,0,0,0
PORTUGAL,235,1980,0,0,0,0,4.84800005,9.175852776,1.916922688,1,0,0,0,9,0,0.00567627,0.004,0,0,0,0,0,0
PORTUGAL,235,1981,0,0,0,0,4.981999874,9.186662674,1.916922688,1,0,0,0,9,0,0.00567627,0.004,0,0,0,0,0,0
PORTUGAL,235,1982,0,0,0,0,5.017000198,9.195734024,1.916922688,1,0,0,0,9,0,0.00567627,0.004,0,0,0,0,0,0
PORTUGAL,235,1983,0,0,0,0,5.118000031,9.203315735,1.916922688,1,0,0,0,10,0,0.00567627,0.004,0,0,0,0,0,0
PORTUGAL,235,1984,0,0,0,0,5.081999779,9.211239815,1.916922688,1,0,0,0,10,0,0.00567627,0.004,0,0,0,0,0,0
PORTUGAL,235,1985,0,0,0,0,4.973999977,9.219201088,1.916922688,1,0,0,0,10,0,0.00567627,0.004,0,0,0,0,0,0
PORTUGAL,235,1986,0,0,0,0,5.070000172,9.22591877,1.916922688,1,0,0,0,10,0,0.00567627,0.004,0,0,0,0,0,0
PORTUGAL,235,1987,0,0,0,0,5.288000107,9.230927467,1.916922688,1,0,0,0,10,0,0.00567627,0.004,0,0,0,0,0,0
PORTUGAL,235,1988,0,0,0,0,5.662000179,9.235033035,1.916922688,1,0,0,0,10,0,0.00567627,0.004,0,0,0,0,0,0
PORTUGAL,235,1989,0,0,0,0,6.010000229,9.238636017,1.916922688,1,0,0,0,10,0,0.00567627,0.004,0,0,0,0,0,0
PORTUGAL,235,1990,0,0,0,0,6.574999809,9.198571205,1.916922688,1,0,0,0,10,0,0.00567627,0.004,0,0,0,0,0,0
PORTUGAL,235,1991,0,0,0,0,7.478000164,9.197052002,1.916922688,1,0,0,0,10,0,0.00567627,0.004,0,0,0,0,0,0
PORTUGAL,235,1992,0,0,0,0,7.673999786,9.195226669,1.916922688,1,0,0,0,10,0,0.00567627,0.004,0,0,0,0,0,0
PORTUGAL,235,1993,0,0,0,0,7.868999958,9.195226669,1.916922688,1,0,0,0,10,0,0.00567627,0.004,0,0,0,0,0,0
PORTUGAL,235,1994,0,0,0,0,7.769999981,9.198369026,1.916922688,1,0,0,0,10,0,0.00567627,0.004,0,0,0,0,0,0
PORTUGAL,235,1995,0,0,0,0,7.927999973,9.200491905,1.916922688,1,0,0,0,10,0,0.00567627,0.004,0,0,0,0,0,0
PORTUGAL,235,1996,0,0,0,0,8.133000374,9.20301342,1.916922688,1,0,0,0,10,0,0.00567627,0.004,0,0,0,0,0,0
PORTUGAL,235,1997,0,0,0,0,8.420999527,9.203315735,1.916922688,1,0,0,0,10,0,0.00567627,0.004,0,0,0,0,0,0
PORTUGAL,235,1998,0,0,0,0,8.720999718,9.204825401,1.916922688,1,0,0,0,10,0,0.00567627,0.004,0,0,0,0,0,0
PORTUGAL,235,1999,0,0,0,0,9.001999855,9.205428123,1.916922688,1,0,0,0,10,0,0.00567627,0.004,0,0,0,0,0,0
GERMANYFED. REP.,260,1945,0,0,0,0,3.943000078,11.35535908,1.098612309,0,0,0,0,.,.,0.025979936,0.024,.,.,.,2.93E-07,2.93E-07,0
GERMANYFED. REP.,260,1946,0,0,0,0,3.943000078,11.35535908,1.098612309,0,0,0,0,.,.,0.025979936,0.024,.,.,.,2.93E-07,2.93E-07,0
GERMANYFED. REP.,260,1947,0,0,0,0,.,.,1.098612309,0,0,0,0,.,.,0.025979936,0.024,.,.,.,2.93E-07,2.93E-07,0
GERMANYFED. REP.,260,1948,0,0,0,0,.,.,1.098612309,0,0,0,0,.,.,0.025979936,0.024,.,.,.,2.93E-07,2.93E-07,0
GERMANYFED. REP.,260,1949,0,0,0,0,.,.,1.098612309,0,0,0,.,.,.,0.025979936,0.024,0,0,0,2.93E-07,2.93E-07,0
GERMANYFED. REP.,260,1950,0,0,0,0,.,.,1.098612309,0,0,0,0,10,0,0.025979936,0.024,0,0,0,2.93E-07,2.93E-07,0
GERMANYFED. REP.,260,1951,0,0,0,0,3.421000004,10.81955814,1.098612309,0,0,0,0,10,0,0.025979936,0.024,0,0,0,2.93E-07,2.93E-07,0
GERMANYFED. REP.,260,1952,0,0,0,0,3.678999901,10.82909489,1.098612309,0,0,0,0,10,0,0.025979936,0.024,0,0,0,2.93E-07,2.93E-07,0
GERMANYFED. REP.,260,1953,0,0,0,0,3.993999958,10.83854103,1.098612309,0,0,0,0,10,0,0.025979936,0.024,0,0,0,2.93E-07,2.93E-07,0
GERMANYFED. REP.,260,1954,0,0,0,0,4.256000042,10.84789944,1.098612309,0,0,0,0,10,0,0.025979936,0.024,0,0,0,2.93E-07,2.93E-07,0
GERMANYFED. REP.,260,1955,0,0,0,0,4.559999943,10.8571701,1.098612309,0,0,0,0,10,0,0.025979936,0.024,0,0,0,2.93E-07,2.93E-07,0
GERMANYFED. REP.,260,1956,0,0,0,0,5.132999897,10.86635685,1.098612309,0,0,0,0,10,0,0.025979936,0.024,0,0,0,2.93E-07,2.93E-07,0
GERMANYFED. REP.,260,1957,0,0,0,0,5.388999939,10.87787724,1.098612309,0,0,0,0,10,0,0.025979936,0.024,0,0,0,2.93E-07,2.93E-07,0
GERMANYFED. REP.,260,1958,0,0,0,0,5.607999802,10.88936043,1.098612309,0,0,0,0,10,0,0.025979936,0.024,0,0,0,2.93E-07,2.93E-07,0
GERMANYFED. REP.,260,1959,0,0,0,0,5.749000072,10.90062046,1.098612309,0,0,0,0,10,0,0.025979936,0.024,0,0,0,2.93E-07,2.93E-07,0
GERMANYFED. REP.,260,1960,0,0,0,0,6.131000042,10.91184711,1.098612309,0,0,0,0,10,0,0.025979936,0.024,0,0,0,2.93E-07,2.93E-07,0
GERMANYFED. REP.,260,1961,0,0,0,0,6.570000172,10.922966,1.098612309,0,0,0,0,10,0,0.025979936,0.024,0,0,0,2.93E-07,2.93E-07,0
GERMANYFED. REP.,260,1962,0,0,0,0,6.816999912,10.93622684,1.098612309,0,0,0,0,10,0,0.025979936,0.024,0,0,0,2.93E-07,2.93E-07,0
GERMANYFED. REP.,260,1963,0,0,0,0,7.022999763,10.94792557,1.098612309,0,0,0,0,10,0,0.025979936,0.024,0,0,0,2.93E-07,2.93E-07,0
GERMANYFED. REP.,260,1964,0,0,0,0,7.130000114,10.9575901,1.098612309,0,0,0,0,10,0,0.025979936,0.024,0,0,0,2.93E-07,2.93E-07,0
GERMANYFED. REP.,260,1965,0,0,0,0,7.559999943,10.96768093,1.098612309,0,0,0,0,10,0,0.025979936,0.024,0,0,0,2.93E-07,2.93E-07,0
GERMANYFED. REP.,260,1966,0,0,0,0,7.912000179,10.97881413,1.098612309,0,0,0,0,10,0,0.025979936,0.024,0,0,0,2.93E-07,2.93E-07,0
GERMANYFED. REP.,260,1967,0,0,0,0,8.001999855,10.98778152,1.098612309,0,0,0,0,10,0,0.025979936,0.024,0,0,0,2.93E-07,2.93E-07,0
GERMANYFED. REP.,260,1968,0,0,0,0,7.914999962,10.99012852,1.098612309,0,0,0,0,10,0,0.025979936,0.024,0,0,0,2.93E-07,2.93E-07,0
GERMANYFED. REP.,260,1969,0,0,0,0,8.388999939,10.99371433,1.098612309,0,0,0,0,10,0,0.025979936,0.024,0,0,0,2.93E-07,2.93E-07,0
GERMANYFED. REP.,260,1970,0,0,0,0,8.973999977,11.00324917,1.098612309,0,0,0,0,10,0,0.025979936,0.024,0,0,0,2.93E-07,2.93E-07,0
GERMANYFED. REP.,260,1971,0,0,0,0,9.425000191,11.01289177,1.098612309,0,0,0,0,10,0,0.025979936,0.024,0,0,0,2.93E-07,2.93E-07,0
GERMANYFED. REP.,260,1972,0,0,0,0,9.585000038,11.02358437,1.098612309,0,0,0,0,10,0,0.025979936,0.024,0,0,0,2.93E-07,2.93E-07,0
GERMANYFED. REP.,260,1973,0,0,0,0,9.906000137,11.02963352,1.098612309,0,0,0,0,10,0,0.025979936,0.024,0,0,0,2.93E-07,2.93E-07,0
GERMANYFED. REP.,260,1974,0,0,0,0,10.31499958,11.03450203,1.098612309,0,0,0,0,10,0,0.025979936,0.024,0,0,0,2.93E-07,2.93E-07,0
GERMANYFED. REP.,260,1975,0,0,0,0,10.21100044,11.03584099,1.098612309,0,0,0,0,10,0,0.025979936,0.024,0,0,0,2.93E-07,2.93E-07,0
GERMANYFED. REP.,260,1976,0,0,0,0,10.09399986,11.03212738,1.098612309,0,0,0,0,10,0,0.025979936,0.024,0,0,0,2.93E-07,2.93E-07,0
GERMANYFED. REP.,260,1977,0,0,0,0,10.71199989,11.02723122,1.098612309,0,0,0,0,10,0,0.025979936,0.024,0,0,0,2.93E-07,2.93E-07,0
GERMANYFED. REP.,260,1978,0,0,0,0,11.03199959,11.02509975,1.098612309,0,0,0,0,10,0,0.025979936,0.024,0,0,0,2.93E-07,2.93E-07,0
GERMANYFED. REP.,260,1979,0,0,0,0,11.375,11.02391052,1.098612309,0,0,0,0,10,0,0.025979936,0.024,0,0,0,2.93E-07,2.93E-07,0
GERMANYFED. REP.,260,1980,0,0,0,0,11.88599968,11.02457905,1.098612309,0,0,0,0,10,0,0.025979936,0.024,0,0,0,2.93E-07,2.93E-07,0
GERMANYFED. REP.,260,1981,0,0,0,0,11.92000008,11.02781677,1.098612309,0,0,0,0,10,0,0.025979936,0.024,0,0,0,2.93E-07,2.93E-07,0
GERMANYFED. REP.,260,1982,0,0,0,0,11.80599976,11.02968216,1.098612309,0,0,0,0,10,0,0.025979936,0.024,0,0,0,2.93E-07,2.93E-07,0
GERMANYFED. REP.,260,1983,0,0,0,0,11.66600037,11.02898502,1.098612309,0,0,0,0,10,0,0.025979936,0.024,0,0,0,2.93E-07,2.93E-07,0
GERMANYFED. REP.,260,1984,0,0,0,0,11.95600033,11.02552319,1.098612309,0,0,0,0,10,0,0.025979936,0.024,0,0,0,2.93E-07,2.93E-07,0
GERMANYFED. REP.,260,1985,0,0,0,0,12.30200005,11.02151012,1.098612309,0,0,0,0,10,0,0.025979936,0.024,0,0,0,2.93E-07,2.93E-07,0
GERMANYFED. REP.,260,1986,0,0,0,0,12.53499985,11.01957989,1.098612309,0,0,0,0,10,0,0.025979936,0.024,0,0,0,2.93E-07,2.93E-07,0
GERMANYFED. REP.,260,1987,0,0,0,0,12.83899975,11.02039814,1.098612309,0,0,0,0,10,0,0.025979936,0.024,0,0,0,2.93E-07,2.93E-07,0
GERMANYFED. REP.,260,1988,0,0,0,0,13.0170002,11.02190208,1.098612309,0,0,0,0,10,0,0.025979936,0.024,0,0,0,2.93E-07,2.93E-07,0
GERMANYFED. REP.,260,1989,0,0,0,0,13.45600033,11.02637005,1.098612309,0,0,0,0,10,0,0.025979936,0.024,0,0,0,2.93E-07,2.93E-07,0
GERMANYFED. REP.,260,1990,0,0,0,0,13.96500015,11.03472805,1.098612309,0,0,0,0,10,0,0.025979936,0.024,0,0,0,2.93E-07,2.93E-07,0
GERMANYFED. REP.,260,1991,0,0,0,0,14.62800026,11.05453396,1.098612309,0,0,0,0,10,0,0.025979936,0.024,0,0,0,2.93E-07,2.93E-07,0
GERMANYFED. REP.,260,1992,0,0,0,0,14.74600029,11.28995705,1.098612309,0,0,0,0,10,0,0.025979936,0.024,0,0,0,2.93E-07,2.93E-07,0
GERMANYFED. REP.,260,1993,0,0,0,0,14.70899963,11.29755211,1.098612309,0,0,0,0,10,0,0.025979936,0.024,0,0,0,2.93E-07,2.93E-07,0
GERMANYFED. REP.,260,1994,0,0,0,0,14.45400047,11.30412865,1.098612309,0,0,0,0,10,0,0.025979936,0.024,0,0,0,2.93E-07,2.93E-07,0
GERMANYFED. REP.,260,1995,0,0,0,0,14.72799969,11.30855465,1.098612309,0,0,0,0,10,0,0.025979936,0.024,0,0,0,2.93E-07,2.93E-07,0
GERMANYFED. REP.,260,1996,0,0,0,0,14.95899963,11.31009865,1.098612309,0,0,0,0,10,0,0.025979936,0.024,0,0,0,2.93E-07,2.93E-07,0
GERMANYFED. REP.,260,1997,0,0,0,0,15.02200031,11.31340122,1.098612309,0,0,0,0,10,0,0.025979936,0.024,0,0,0,2.93E-07,2.93E-07,0
GERMANYFED. REP.,260,1998,0,0,0,0,15.21000004,11.31534004,1.098612309,0,0,0,0,10,0,0.025979936,0.024,0,0,0,2.93E-07,2.93E-07,0
GERMANYFED. REP.,260,1999,0,0,0,0,15.54199982,11.31587601,1.098612309,0,0,0,0,10,0,0.025979936,0.024,0,0,0,2.93E-07,2.93E-07,0
GERMAN DEM. REP.,265,1949,2,0,0,0,.,.,0,0,0,1,0,-7,0,0.013940632,0.003,0,0,0,0,0,0
GERMAN DEM. REP.,265,1950,2,0,0,0,.,.,0,0,0,1,0,-7,0,0.013940632,0.003,0,0,0,0,0,0
GERMAN DEM. REP.,265,1951,2,0,0,0,.,.,0,0,0,0,0,-8,0,0.013940632,0.003,0,0,0,0,0,0
GERMAN DEM. REP.,265,1952,2,0,0,0,.,.,0,0,0,0,0,-8,0,0.013940632,0.003,0,0,0,0,0,0
GERMAN DEM. REP.,265,1953,2,0,0,0,.,.,0,0,0,0,0,-8,0,0.013940632,0.003,0,0,0,0,0,0
GERMAN DEM. REP.,265,1954,2,0,0,0,.,.,0,0,0,0,0,-8,0,0.013940632,0.003,0,0,0,0,0,0
GERMAN DEM. REP.,265,1955,2,0,0,0,2.332000017,9.801343918,0,0,0,0,0,-8,0,0.013940632,0.003,0,0,0,0,0,0
GERMAN DEM. REP.,265,1956,2,0,0,0,2.470999956,9.789422989,0,0,0,0,0,-8,0,0.013940632,0.003,0,0,0,0,0,0
GERMAN DEM. REP.,265,1957,2,0,0,0,2.585999966,9.782110214,0,0,0,0,0,-8,0,0.013940632,0.003,0,0,0,0,0,0
GERMAN DEM. REP.,265,1958,2,0,0,0,2.714999914,9.77098465,0,0,0,0,0,-8,0,0.013940632,0.003,0,0,0,0,0,0
GERMAN DEM. REP.,265,1959,2,0,0,0,2.845999956,9.76157856,0,0,0,0,0,-8,0,0.013940632,0.003,0,0,0,0,0,0
GERMAN DEM. REP.,265,1960,2,0,0,0,2.97300005,9.758346558,0,0,0,0,0,-8,0,0.013940632,0.003,0,0,0,0,0,0
GERMAN DEM. REP.,265,1961,2,0,0,0,3.130000114,9.754987717,0,0,0,0,0,-9,0,0.013940632,0.003,0,0,0,0,0,0
GERMAN DEM. REP.,265,1962,2,0,0,0,3.298000097,9.748236656,0,0,0,0,0,-9,0,0.013940632,0.003,0,0,0,0,0,0
GERMAN DEM. REP.,265,1963,2,0,0,0,3.467999935,9.746833801,0,0,0,0,0,-9,0,0.013940632,0.003,0,0,0,0,0,0
GERMAN DEM. REP.,265,1964,2,0,0,0,3.631999969,9.749752998,0,0,0,0,0,-9,0,0.013940632,0.003,0,0,0,0,0,0
GERMAN DEM. REP.,265,1965,2,0,0,0,3.818000078,9.740380287,0,0,0,0,0,-9,0,0.013940632,0.003,0,0,0,0,0,0
GERMAN DEM. REP.,265,1966,2,0,0,0,3.957000017,9.742732048,0,0,0,0,0,-9,0,0.013940632,0.003,0,0,0,0,0,0
GERMAN DEM. REP.,265,1967,2,0,0,0,4.145999908,9.745078087,0,0,0,0,0,-9,0,0.013940632,0.003,0,0,0,0,0,0
GERMAN DEM. REP.,265,1968,2,0,0,0,4.287000179,9.745663643,0,0,0,0,0,-9,0,0.013940632,0.003,0,0,0,0,0,0
GERMAN DEM. REP.,265,1969,2,0,0,0,4.474999905,9.745663643,0,0,0,0,0,-9,0,0.013940632,0.003,0,0,0,0,0,0
GERMAN DEM. REP.,265,1970,2,0,0,0,4.712999821,9.745078087,0,0,0,0,0,-9,0,0.013940632,0.003,0,0,0,0,0,0
GERMAN DEM. REP.,265,1971,2,0,0,0,4.824999809,9.743318558,0,0,0,0,0,-9,0,0.013940632,0.003,0,0,0,0,0,0
GERMAN DEM. REP.,265,1972,2,0,0,0,4.999000072,9.744960785,0,0,0,0,0,-9,0,0.013940632,0.003,0,0,0,0,0,0
GERMAN DEM. REP.,265,1973,2,0,0,0,5.239999771,9.743494987,0,0,0,0,0,-9,0,0.013940632,0.003,0,0,0,0,0,0
GERMAN DEM. REP.,265,1974,2,0,0,0,5.577000141,9.73979187,0,0,0,0,0,-9,0,0.013940632,0.003,0,0,0,0,0,0
GERMAN DEM. REP.,265,1975,2,0,0,0,5.947999954,9.73654747,0,0,0,0,0,-9,0,0.013940632,0.003,0,0,0,0,0,0
GERMAN DEM. REP.,265,1976,2,0,0,0,6.229000092,9.732106209,0,0,0,0,0,-9,0,0.013940632,0.003,0,0,0,0,0,0
GERMAN DEM. REP.,265,1977,2,0,0,0,6.475999832,9.728300095,0,0,0,0,0,-9,0,0.013940632,0.003,0,0,0,0,0,0
GERMAN DEM. REP.,265,1978,2,0,0,0,6.827000141,9.727048874,0,0,0,0,0,-9,0,0.013940632,0.003,0,0,0,0,0,0
GERMAN DEM. REP.,265,1979,2,0,0,0,7.037000179,9.726750374,0,0,0,0,0,-9,0,0.013940632,0.003,0,0,0,0,0,0
GERMAN DEM. REP.,265,1980,2,0,0,0,7.27699995,9.725556374,0,0,0,0,0,-9,0,0.013940632,0.003,0,0,0,0,0,0
GERMAN DEM. REP.,265,1981,2,0,0,0,7.638000011,9.725437164,0,0,0,0,0,-9,0,0.013940632,0.003,0,0,0,0,0,0
GERMAN DEM. REP.,265,1982,2,0,0,0,7.931000233,9.724899292,0,0,0,0,0,-9,0,0.013940632,0.003,0,0,0,0,0,0
GERMAN DEM. REP.,265,1983,2,0,0,0,8.090999603,9.722984314,0,0,0,0,0,-9,0,0.013940632,0.003,0,0,0,0,0,0
GERMAN DEM. REP.,265,1984,2,0,0,0,8.411000252,9.723104477,0,0,0,0,0,-9,0,0.013940632,0.003,0,0,0,0,0,0
GERMAN DEM. REP.,265,1985,2,0,0,0,8.871999741,9.72142601,0,0,0,0,0,-9,0,0.013940632,0.003,0,0,0,0,0,0
GERMAN DEM. REP.,265,1986,2,0,0,0,9.336999893,9.719804764,0,0,0,0,0,-9,0,0.013940632,0.003,0,0,0,0,0,0
GERMAN DEM. REP.,265,1987,2,0,0,0,9.765000343,9.718603134,0,0,0,0,0,-9,0,0.013940632,0.003,0,0,0,0,0,0
GERMAN DEM. REP.,265,1988,2,0,0,0,10.08100033,9.719624519,0,0,0,0,0,-9,0,0.013940632,0.003,0,0,0,0,0,0
GERMAN DEM. REP.,265,1989,2,0,0,0,10.43500042,9.721125603,0,0,0,0,0,-9,0,0.013940632,0.003,0,0,0,0,0,0
GERMAN DEM. REP.,265,1990,2,0,0,0,10.92399979,9.718963623,0,0,0,0,1,.,.,0.013940632,0.003,0,0,0,0,0,0
POLAND,290,1945,2,0,0,0,0.66900003,10.18233109,0.587786674,0,0,0,0,-2,1,0.028123379,0.013,0,0,0,1.26E-08,1.26E-08,0
POLAND,290,1946,2,0,0,0,0.66900003,10.18233109,0.587786674,0,0,0,1,-2,1,0.028123379,0.013,0,0,0,1.26E-08,1.26E-08,0
POLAND,290,1947,2,0,0,0,0.787999988,10.08405781,0.587786674,0,0,0,1,-5,1,0.028123379,0.013,0,0,0,1.26E-08,1.26E-08,0
POLAND,290,1948,2,0,0,0,0.980000019,10.07466412,0.587786674,0,0,0,1,-7,0,0.028123379,0.013,0,0,0,1.26E-08,1.26E-08,0
POLAND,290,1949,2,0,0,0,1.077000022,10.08497524,0.587786674,0,0,0,1,-7,0,0.028123379,0.013,0,0,0,1.26E-08,1.26E-08,0
POLAND,290,1950,2,0,0,0,1.141000032,10.10274792,0.587786674,0,0,0,0,-7,0,0.028123379,0.013,0,0,0,1.26E-08,1.26E-08,0
POLAND,290,1951,2,0,0,0,1.256000042,10.11956596,0.587786674,0,0,0,0,-7,0,0.028123379,0.013,0,0,0,1.26E-08,1.26E-08,0
POLAND,290,1952,2,0,0,0,1.381000042,10.13737297,0.587786674,0,0,0,0,-7,0,0.028123379,0.013,0,0,0,1.26E-08,1.26E-08,0
POLAND,290,1953,2,0,0,0,1.460999966,10.15626717,0.587786674,0,0,0,0,-7,0,0.028123379,0.013,0,0,0,1.26E-08,1.26E-08,0
POLAND,290,1954,2,0,0,0,1.56099999,10.17557335,0.587786674,0,0,0,0,-7,0,0.028123379,0.013,0,0,0,1.26E-08,1.26E-08,0
POLAND,290,1955,2,0,0,0,1.613000035,10.19466305,0.587786674,0,0,0,0,-7,0,0.028123379,0.013,0,0,0,1.26E-08,1.26E-08,0
POLAND,290,1956,2,0,0,0,1.661999941,10.21390915,0.587786674,0,0,0,0,-7,0,0.028123379,0.013,0,0,0,1.26E-08,1.26E-08,0
POLAND,290,1957,2,0,0,0,1.794999957,10.23329449,0.587786674,0,0,0,0,-7,0,0.028123379,0.013,0,0,0,1.26E-08,1.26E-08,0
POLAND,290,1958,2,0,0,0,1.937000036,10.25097084,0.587786674,0,0,0,0,-7,0,0.028123379,0.013,0,0,0,1.26E-08,1.26E-08,0
POLAND,290,1959,2,0,0,0,1.902999997,10.26708889,0.587786674,0,0,0,0,-7,0,0.028123379,0.013,0,0,0,1.26E-08,1.26E-08,0
POLAND,290,1960,2,0,0,0,2.030999899,10.28329277,0.587786674,0,0,0,0,-7,0,0.028123379,0.013,0,0,0,1.26E-08,1.26E-08,0
POLAND,290,1961,2,0,0,0,2.117000103,10.29896927,0.587786674,0,0,0,0,-7,0,0.028123379,0.013,0,0,0,1.26E-08,1.26E-08,0
POLAND,290,1962,2,0,0,0,2.213999987,10.30775166,0.587786674,0,0,0,0,-7,0,0.028123379,0.013,0,0,0,1.26E-08,1.26E-08,0
POLAND,290,1963,2,0,0,0,2.305000067,10.31956291,0.587786674,0,0,0,0,-7,0,0.028123379,0.013,0,0,0,1.26E-08,1.26E-08,0
POLAND,290,1964,2,0,0,0,2.459000111,10.3297348,0.587786674,0,0,0,0,-7,0,0.028123379,0.013,0,0,0,1.26E-08,1.26E-08,0
POLAND,290,1965,2,0,0,0,2.563999891,10.33805847,0.587786674,0,0,0,0,-7,0,0.028123379,0.013,0,0,0,1.26E-08,1.26E-08,0
POLAND,290,1966,2,0,0,0,2.608999968,10.34637642,0.587786674,0,0,0,0,-7,0,0.028123379,0.013,0,0,0,1.26E-08,1.26E-08,0
POLAND,290,1967,2,0,0,0,2.684000015,10.35472202,0.587786674,0,0,0,0,-7,0,0.028123379,0.013,0,0,0,1.26E-08,1.26E-08,0
POLAND,290,1968,2,0,0,0,2.782000065,10.36303043,0.587786674,0,0,0,0,-7,0,0.028123379,0.013,0,0,0,1.26E-08,1.26E-08,0
POLAND,290,1969,2,0,0,0,2.963999987,10.37136364,0.587786674,0,0,0,0,-7,0,0.028123379,0.013,0,0,0,1.26E-08,1.26E-08,0
POLAND,290,1970,2,0,0,0,3.181999922,10.37969112,0.587786674,0,0,0,0,-7,0,0.028123379,0.013,0,0,0,1.26E-08,1.26E-08,0
POLAND,290,1971,2,0,0,0,2.940999985,10.3897953,0.587786674,0,0,0,0,-7,0,0.028123379,0.013,0,0,0,1.26E-08,1.26E-08,0
POLAND,290,1972,2,0,0,0,3.128000021,10.39833641,0.587786674,0,0,0,0,-7,0,0.028123379,0.013,0,0,0,1.26E-08,1.26E-08,0
POLAND,290,1973,2,0,0,0,3.444000006,10.40632153,0.587786674,0,0,0,0,-7,0,0.028123379,0.013,0,0,0,1.26E-08,1.26E-08,0
POLAND,290,1974,2,0,0,0,3.858999968,10.41520309,0.587786674,0,0,0,0,-7,0,0.028123379,0.013,0,0,0,1.26E-08,1.26E-08,0
POLAND,290,1975,2,0,0,0,4.186999798,10.42498589,0.587786674,0,0,0,0,-7,0,0.028123379,0.013,0,0,0,1.26E-08,1.26E-08,0
POLAND,290,1976,2,0,0,0,4.544000149,10.43476295,0.587786674,0,0,0,0,-7,0,0.028123379,0.013,0,0,0,1.26E-08,1.26E-08,0
POLAND,290,1977,2,0,0,0,4.880000114,10.44470692,0.587786674,0,0,0,0,-7,0,0.028123379,0.013,0,0,0,1.26E-08,1.26E-08,0
POLAND,290,1978,2,0,0,0,5.06400013,10.45443726,0.587786674,0,0,0,0,-7,0,0.028123379,0.013,0,0,0,1.26E-08,1.26E-08,0
POLAND,290,1979,2,0,0,0,5.119999886,10.4633894,0.587786674,0,0,0,0,-7,0,0.028123379,0.013,0,0,0,1.26E-08,1.26E-08,0
POLAND,290,1980,2,0,0,0,4.843999863,10.46951103,0.587786674,0,0,0,0,-7,0,0.028123379,0.013,0,0,0,1.26E-08,1.26E-08,0
POLAND,290,1981,2,0,0,0,4.419000149,10.47948265,0.587786674,0,0,0,0,-6,0,0.028123379,0.013,0,0,0,1.26E-08,1.26E-08,0
POLAND,290,1982,2,0,0,0,3.97300005,10.48854828,0.587786674,0,0,0,0,-8,0,0.028123379,0.013,0,0,0,1.26E-08,1.26E-08,0
POLAND,290,1983,2,0,0,0,3.654000044,10.49755955,0.587786674,0,0,0,0,-8,0,0.028123379,0.013,0,0,0,1.26E-08,1.26E-08,0
POLAND,290,1984,2,0,0,0,3.803999901,10.50701046,0.587786674,0,0,0,0,-7,0,0.028123379,0.013,0,0,0,1.26E-08,1.26E-08,0
POLAND,290,1985,2,0,0,0,3.963000059,10.51634598,0.587786674,0,0,0,0,-7,0,0.028123379,0.013,0,0,0,1.26E-08,1.26E-08,0
POLAND,290,1986,2,0,0,0,4.177000046,10.52414513,0.587786674,0,0,0,0,-7,0,0.028123379,0.013,0,0,0,1.26E-08,1.26E-08,0
POLAND,290,1987,2,0,0,0,4.327000141,10.53092194,0.587786674,0,0,0,0,-7,0,0.028123379,0.013,0,0,0,1.26E-08,1.26E-08,0
POLAND,290,1988,2,0,0,0,4.395999908,10.53645992,0.587786674,0,0,0,0,-6,0,0.028123379,0.013,0,0,0,1.26E-08,1.26E-08,0
POLAND,290,1989,2,0,0,0,4.528999805,10.54170322,0.587786674,0,0,0,0,-6,0,0.028123379,0.013,0,0,0,1.26E-08,1.26E-08,0
POLAND,290,1990,2,0,0,0,4.525000095,10.54436684,0.587786674,0,0,0,1,5,1,0.028123379,0.013,0,0,0,1.26E-08,1.26E-08,0
POLAND,290,1991,2,0,0,0,3.819999933,10.54846859,0.587786674,0,0,0,1,5,1,0.028123379,0.013,0,0,0,1.26E-08,1.26E-08,0
POLAND,290,1992,2,0,0,0,3.711999893,10.5517683,0.587786674,0,0,0,1,8,0,0.028123379,0.013,0,0,0,1.26E-08,1.26E-08,0
POLAND,290,1993,2,0,0,0,3.825999975,10.55490112,0.587786674,0,0,0,1,8,0,0.028123379,0.013,0,0,0,1.26E-08,1.26E-08,0
POLAND,290,1994,2,0,0,0,3.961999893,10.55734825,0.587786674,0,0,0,1,8,0,0.028123379,0.013,0,0,0,1.26E-08,1.26E-08,0
POLAND,290,1995,2,0,0,0,4.15899992,10.55954552,0.587786674,0,0,0,0,8,0,0.028123379,0.013,0,0,0,1.26E-08,1.26E-08,0
POLAND,290,1996,2,0,0,0,4.445000172,10.56068611,0.587786674,0,0,0,0,9,0,0.028123379,0.013,0,0,0,1.26E-08,1.26E-08,0
POLAND,290,1997,2,0,0,0,4.706999779,10.56147385,0.587786674,0,0,0,0,9,0,0.028123379,0.013,0,0,0,1.26E-08,1.26E-08,0
POLAND,290,1998,2,0,0,0,5.022999763,10.56230164,0.587786674,0,0,0,0,9,0,0.028123379,0.013,0,0,0,1.26E-08,1.26E-08,0
POLAND,290,1999,2,0,0,0,5.262000084,10.5627203,0.587786674,0,0,0,0,9,0,0.028123379,0.013,0,0,0,1.26E-08,1.26E-08,0
AUSTRIA,305,1945,0,0,0,0,.,.,4.044804096,0,0,0,0,5,1,0.126340628,0.039999999,0,0,0,3.80E-06,3.80E-06,0
AUSTRIA,305,1946,0,0,0,0,.,.,4.044804096,0,0,0,1,5,1,0.126340628,0.039999999,0,0,0,3.80E-06,3.80E-06,0
AUSTRIA,305,1947,0,0,0,0,.,.,4.044804096,0,0,0,1,10,0,0.126340628,0.039999999,0,0,0,3.80E-06,3.80E-06,0
AUSTRIA,305,1948,0,0,0,0,.,.,4.044804096,0,0,0,1,10,0,0.126340628,0.039999999,0,0,0,3.80E-06,3.80E-06,0
AUSTRIA,305,1949,0,0,0,0,.,.,4.044804096,0,0,0,1,10,0,0.126340628,0.039999999,0,0,0,3.80E-06,3.80E-06,0
AUSTRIA,305,1950,0,0,0,0,.,.,4.044804096,0,0,0,0,10,0,0.126340628,0.039999999,0,0,0,3.80E-06,3.80E-06,0
AUSTRIA,305,1951,0,0,0,0,2.930000067,8.84433651,4.044804096,0,0,0,0,10,0,0.126340628,0.039999999,0,0,0,3.80E-06,3.80E-06,0
AUSTRIA,305,1952,0,0,0,0,3.125,8.844624519,4.044804096,0,0,0,0,10,0,0.126340628,0.039999999,0,0,0,3.80E-06,3.80E-06,0
AUSTRIA,305,1953,0,0,0,0,3.092999935,8.845057487,4.044804096,0,0,0,0,10,0,0.126340628,0.039999999,0,0,0,3.80E-06,3.80E-06,0
AUSTRIA,305,1954,0,0,0,0,3.183000088,8.845489502,4.044804096,0,0,0,0,10,0,0.126340628,0.039999999,0,0,0,3.80E-06,3.80E-06,0
AUSTRIA,305,1955,0,0,0,0,3.473999977,8.845777512,4.044804096,0,0,0,0,10,0,0.126340628,0.039999999,0,0,0,3.80E-06,3.80E-06,0
AUSTRIA,305,1956,0,0,0,0,3.885999918,8.846065521,4.044804096,0,0,0,0,10,0,0.126340628,0.039999999,0,0,0,3.80E-06,3.80E-06,0
AUSTRIA,305,1957,0,0,0,0,4.026000023,8.848939896,4.044804096,0,0,0,0,10,0,0.126340628,0.039999999,0,0,0,3.80E-06,3.80E-06,0
AUSTRIA,305,1958,0,0,0,0,4.257999897,8.851806641,4.044804096,0,0,0,0,10,0,0.126340628,0.039999999,0,0,0,3.80E-06,3.80E-06,0
AUSTRIA,305,1959,0,0,0,0,4.419000149,8.854807854,4.044804096,0,0,0,0,10,0,0.126340628,0.039999999,0,0,0,3.80E-06,3.80E-06,0
AUSTRIA,305,1960,0,0,0,0,4.565000057,8.857657433,4.044804096,0,0,0,0,10,0,0.126340628,0.039999999,0,0,0,3.80E-06,3.80E-06,0
AUSTRIA,305,1961,0,0,0,0,5.143000126,8.860499382,4.044804096,0,0,0,0,10,0,0.126340628,0.039999999,0,0,0,3.80E-06,3.80E-06,0
AUSTRIA,305,1962,0,0,0,0,5.388000011,8.866017342,4.044804096,0,0,0,0,10,0,0.126340628,0.039999999,0,0,0,3.80E-06,3.80E-06,0
AUSTRIA,305,1963,0,0,0,0,5.480999947,8.872066498,4.044804096,0,0,0,0,10,0,0.126340628,0.039999999,0,0,0,3.80E-06,3.80E-06,0
AUSTRIA,305,1964,0,0,0,0,5.688000202,8.877940178,4.044804096,0,0,0,0,10,0,0.126340628,0.039999999,0,0,0,3.80E-06,3.80E-06,0
AUSTRIA,305,1965,0,0,0,0,5.978000164,8.883917809,4.044804096,0,0,0,0,10,0,0.126340628,0.039999999,0,0,0,3.80E-06,3.80E-06,0
AUSTRIA,305,1966,0,0,0,0,6.144000053,8.889446259,4.044804096,0,0,0,0,10,0,0.126340628,0.039999999,0,0,0,3.80E-06,3.80E-06,0
AUSTRIA,305,1967,0,0,0,0,6.436999798,8.896724701,4.044804096,0,0,0,0,10,0,0.126340628,0.039999999,0,0,0,3.80E-06,3.80E-06,0
AUSTRIA,305,1968,0,0,0,0,6.596000195,8.900821686,4.044804096,0,0,0,0,10,0,0.126340628,0.039999999,0,0,0,3.80E-06,3.80E-06,0
AUSTRIA,305,1969,0,0,0,0,6.847000122,8.904087067,4.044804096,0,0,0,0,10,0,0.126340628,0.039999999,0,0,0,3.80E-06,3.80E-06,0
AUSTRIA,305,1970,0,0,0,0,7.162000179,8.907071114,4.044804096,0,0,0,0,10,0,0.126340628,0.039999999,0,0,0,3.80E-06,3.80E-06,0
AUSTRIA,305,1971,0,0,0,0,7.510000229,8.912742615,4.044804096,0,0,0,0,10,0,0.126340628,0.039999999,0,0,0,3.80E-06,3.80E-06,0
AUSTRIA,305,1972,0,0,0,0,7.850999832,8.917310715,4.044804096,0,0,0,0,10,0,0.126340628,0.039999999,0,0,0,3.80E-06,3.80E-06,0
AUSTRIA,305,1973,0,0,0,0,8.286000252,8.923991203,4.044804096,0,0,0,0,10,0,0.126340628,0.039999999,0,0,0,3.80E-06,3.80E-06,0
AUSTRIA,305,1974,0,0,0,0,8.668999672,8.929699898,4.044804096,0,0,0,0,10,0,0.126340628,0.039999999,0,0,0,3.80E-06,3.80E-06,0
AUSTRIA,305,1975,0,0,0,0,8.973999977,8.931155205,4.044804096,0,0,0,0,10,0,0.126340628,0.039999999,0,0,0,3.80E-06,3.80E-06,0
AUSTRIA,305,1976,0,0,0,0,8.93599987,8.93009758,4.044804096,0,0,0,0,10,0,0.126340628,0.039999999,0,0,0,3.80E-06,3.80E-06,0
AUSTRIA,305,1977,0,0,0,0,9.361000061,8.929567337,4.044804096,0,0,0,0,10,0,0.126340628,0.039999999,0,0,0,3.80E-06,3.80E-06,0
AUSTRIA,305,1978,0,0,0,0,9.781999588,8.930494308,4.044804096,0,0,0,0,10,0,0.126340628,0.039999999,0,0,0,3.80E-06,3.80E-06,0
AUSTRIA,305,1979,0,0,0,0,9.753000259,8.929699898,4.044804096,0,0,0,0,10,0,0.126340628,0.039999999,0,0,0,3.80E-06,3.80E-06,0
AUSTRIA,305,1980,0,0,0,0,10.21700001,8.929303169,4.044804096,0,0,0,0,10,0,0.126340628,0.039999999,0,0,0,3.80E-06,3.80E-06,0
AUSTRIA,305,1981,0,0,0,0,10.50899982,8.929699898,4.044804096,0,0,0,0,10,0,0.126340628,0.039999999,0,0,0,3.80E-06,3.80E-06,0
AUSTRIA,305,1982,0,0,0,0,10.40699959,8.931287766,4.044804096,0,0,0,0,10,0,0.126340628,0.039999999,0,0,0,3.80E-06,3.80E-06,0
AUSTRIA,305,1983,0,0,0,0,10.48400021,8.932476997,4.044804096,0,0,0,0,10,0,0.126340628,0.039999999,0,0,0,3.80E-06,3.80E-06,0
AUSTRIA,305,1984,0,0,0,0,10.72799969,8.929567337,4.044804096,0,0,0,0,10,0,0.126340628,0.039999999,0,0,0,3.80E-06,3.80E-06,0
AUSTRIA,305,1985,0,0,0,0,10.87699986,8.929567337,4.044804096,0,0,0,0,10,0,0.126340628,0.039999999,0,0,0,3.80E-06,3.80E-06,0
AUSTRIA,305,1986,0,0,0,0,11.13099957,8.929965019,4.044804096,0,0,0,0,10,0,0.126340628,0.039999999,0,0,0,3.80E-06,3.80E-06,0
AUSTRIA,305,1987,0,0,0,0,11.26299953,8.931287766,4.044804096,0,0,0,0,10,0,0.126340628,0.039999999,0,0,0,3.80E-06,3.80E-06,0
AUSTRIA,305,1988,0,0,0,0,11.46199989,8.932344437,4.044804096,0,0,0,0,10,0,0.126340628,0.039999999,0,0,0,3.80E-06,3.80E-06,0
AUSTRIA,305,1989,0,0,0,0,11.90600014,8.935245514,4.044804096,0,0,0,0,10,0,0.126340628,0.039999999,0,0,0,3.80E-06,3.80E-06,0
AUSTRIA,305,1990,0,0,0,0,12.3210001,8.938269615,4.044804096,0,0,0,0,10,0,0.126340628,0.039999999,0,0,0,3.80E-06,3.80E-06,0
AUSTRIA,305,1991,0,0,0,0,12.69499969,8.950532913,4.044804096,0,0,0,0,10,0,0.126340628,0.039999999,0,0,0,3.80E-06,3.80E-06,0
AUSTRIA,305,1992,0,0,0,0,12.85000038,8.964823723,4.044804096,0,0,0,0,10,0,0.126340628,0.039999999,0,0,0,3.80E-06,3.80E-06,0
AUSTRIA,305,1993,0,0,0,0,12.95499992,8.972463608,4.044804096,0,0,0,0,10,0,0.126340628,0.039999999,0,0,0,3.80E-06,3.80E-06,0
AUSTRIA,305,1994,0,0,0,0,12.89599991,8.985757828,4.044804096,0,0,0,0,10,0,0.126340628,0.039999999,0,0,0,3.80E-06,3.80E-06,0
AUSTRIA,305,1995,0,0,0,0,13.1590004,8.990628242,4.044804096,0,0,0,0,10,0,0.126340628,0.039999999,0,0,0,3.80E-06,3.80E-06,0
AUSTRIA,305,1996,0,0,0,0,13.39799976,8.99305439,4.044804096,0,0,0,0,10,0,0.126340628,0.039999999,0,0,0,3.80E-06,3.80E-06,0
AUSTRIA,305,1997,0,0,0,0,13.64299965,8.994544983,4.044804096,0,0,0,0,10,0,0.126340628,0.039999999,0,0,0,3.80E-06,3.80E-06,0
AUSTRIA,305,1998,0,0,0,0,13.78199959,8.996178627,4.044804096,0,0,0,0,10,0,0.126340628,0.039999999,0,0,0,3.80E-06,3.80E-06,0
AUSTRIA,305,1999,0,0,0,0,14.16800022,8.99813652,4.044804096,0,0,0,0,10,0,0.126340628,0.039999999,0,0,0,3.80E-06,3.80E-06,0
HUNGARY,310,1945,2,0,0,0,0.790000021,9.111403465,0,0,0,0,0,-2,1,0.098168552,0.050000001,0,0,0,1.36E-05,1.36E-05,0
HUNGARY,310,1946,2,0,0,0,0.790000021,9.111403465,0,0,0,0,1,-2,1,0.098168552,0.050000001,0,0,0,1.36E-05,1.36E-05,0
HUNGARY,310,1947,2,0,0,0,0.806999981,9.109635353,0,0,0,0,1,-4,1,0.098168552,0.050000001,0,0,0,1.36E-05,1.36E-05,0
HUNGARY,310,1948,2,0,0,0,0.922999978,9.113718987,0,0,0,0,1,-6,0,0.098168552,0.050000001,0,0,0,1.36E-05,1.36E-05,0
HUNGARY,310,1949,2,0,0,0,1.023000002,9.122383118,0,0,0,0,1,-7,0,0.098168552,0.050000001,0,0,0,1.36E-05,1.36E-05,0
HUNGARY,310,1950,2,0,0,0,1.118000031,9.132270813,0,0,0,0,1,-7,0,0.098168552,0.050000001,0,0,0,1.36E-05,1.36E-05,0
HUNGARY,310,1951,2,0,0,0,1.187999964,9.14184761,0,0,0,0,0,-7,0,0.098168552,0.050000001,0,0,0,1.36E-05,1.36E-05,0
HUNGARY,310,1952,2,0,0,0,1.300999999,9.15090847,0,0,0,0,0,-7,0,0.098168552,0.050000001,0,0,0,1.36E-05,1.36E-05,0
HUNGARY,310,1953,2,0,0,0,1.460000038,9.159467697,0,0,0,0,0,-7,0,0.098168552,0.050000001,0,0,0,1.36E-05,1.36E-05,0
HUNGARY,310,1954,2,0,0,0,1.600999951,9.168997765,0,0,0,0,0,-7,0,0.098168552,0.050000001,0,0,0,1.36E-05,1.36E-05,0
HUNGARY,310,1955,2,0,0,0,1.697999954,9.180499077,0,0,0,0,0,-7,0,0.098168552,0.050000001,0,0,0,1.36E-05,1.36E-05,0
HUNGARY,310,1956,2,0,0,0,1.776000023,9.192685127,0,0,0,0,0,-7,0,0.098168552,0.050000001,0,0,0,1.36E-05,1.36E-05,0
HUNGARY,310,1957,2,0,0,0,1.751000047,9.201400757,0,0,0,0,0,.,.,0.098168552,0.050000001,0,0,0,1.36E-05,1.36E-05,0
HUNGARY,310,1958,2,0,0,0,1.909000039,9.194211006,0,0,0,0,0,-7,0,0.098168552,0.050000001,0,0,0,1.36E-05,1.36E-05,0
HUNGARY,310,1959,2,0,0,0,1.996999979,9.198470116,0,0,0,0,0,-7,0,0.098168552,0.050000001,0,0,0,1.36E-05,1.36E-05,0
HUNGARY,310,1960,2,0,0,0,2.105999947,9.2040205,0,0,0,0,0,-7,0,0.098168552,0.050000001,0,0,0,1.36E-05,1.36E-05,0
HUNGARY,310,1961,2,0,0,0,1.845999956,9.208739281,0,0,0,0,0,-7,0,0.098168552,0.050000001,0,0,0,1.36E-05,1.36E-05,0
HUNGARY,310,1962,2,0,0,0,2.181999922,9.213136673,0,0,0,0,0,-7,0,0.098168552,0.050000001,0,0,0,1.36E-05,1.36E-05,0
HUNGARY,310,1963,2,0,0,0,2.306999922,9.214332581,0,0,0,0,0,-7,0,0.098168552,0.050000001,0,0,0,1.36E-05,1.36E-05,0
HUNGARY,310,1964,2,0,0,0,2.41899991,9.217315674,0,0,0,0,0,-7,0,0.098168552,0.050000001,0,0,0,1.36E-05,1.36E-05,0
HUNGARY,310,1965,2,0,0,0,2.539999962,9.220291138,0,0,0,0,0,-7,0,0.098168552,0.050000001,0,0,0,1.36E-05,1.36E-05,0
HUNGARY,310,1966,2,0,0,0,2.61500001,9.223257065,0,0,0,0,0,-7,0,0.098168552,0.050000001,0,0,0,1.36E-05,1.36E-05,0
HUNGARY,310,1967,2,0,0,0,2.785000086,9.226213455,0,0,0,0,0,-7,0,0.098168552,0.050000001,0,0,0,1.36E-05,1.36E-05,0
HUNGARY,310,1968,2,0,0,0,3,9.230142593,0,0,0,0,0,-7,0,0.098168552,0.050000001,0,0,0,1.36E-05,1.36E-05,0
HUNGARY,310,1969,2,0,0,0,3.140000105,9.234056473,0,0,0,0,0,-7,0,0.098168552,0.050000001,0,0,0,1.36E-05,1.36E-05,0
HUNGARY,310,1970,2,0,0,0,3.319999933,9.236982346,0,0,0,0,0,-7,0,0.098168552,0.050000001,0,0,0,1.36E-05,1.36E-05,0
HUNGARY,310,1971,2,0,0,0,3.35800004,9.243484497,0,0,0,0,0,-7,0,0.098168552,0.050000001,0,0,0,1.36E-05,1.36E-05,0
HUNGARY,310,1972,2,0,0,0,3.655999899,9.246190071,0,0,0,0,0,-7,0,0.098168552,0.050000001,0,0,0,1.36E-05,1.36E-05,0
HUNGARY,310,1973,2,0,0,0,3.724999905,9.248984337,0,0,0,0,0,-7,0,0.098168552,0.050000001,0,0,0,1.36E-05,1.36E-05,0
HUNGARY,310,1974,2,0,0,0,3.910000086,9.253016472,0,0,0,0,0,-7,0,0.098168552,0.050000001,0,0,0,1.36E-05,1.36E-05,0
HUNGARY,310,1975,2,0,0,0,4.252999783,9.256364822,0,0,0,0,0,-7,0,0.098168552,0.050000001,0,0,0,1.36E-05,1.36E-05,0
HUNGARY,310,1976,2,0,0,0,4.484000206,9.262173653,0,0,0,0,0,-7,0,0.098168552,0.050000001,0,0,0,1.36E-05,1.36E-05,0
HUNGARY,310,1977,2,0,0,0,4.585999966,9.267571449,0,0,0,0,0,-7,0,0.098168552,0.050000001,0,0,0,1.36E-05,1.36E-05,0
HUNGARY,310,1978,2,0,0,0,4.770999908,9.272093773,0,0,0,0,0,-7,0,0.098168552,0.050000001,0,0,0,1.36E-05,1.36E-05,0
HUNGARY,310,1979,2,0,0,0,5.09499979,9.275472641,0,0,0,0,0,-7,0,0.098168552,0.050000001,0,0,0,1.36E-05,1.36E-05,0
HUNGARY,310,1980,2,0,0,0,5.012000084,9.277812004,0,0,0,0,0,-7,0,0.098168552,0.050000001,0,0,0,1.36E-05,1.36E-05,0
HUNGARY,310,1981,2,0,0,0,4.992000103,9.278933525,0,0,0,0,0,-7,0,0.098168552,0.050000001,0,0,0,1.36E-05,1.36E-05,0
HUNGARY,310,1982,2,0,0,0,5.146999836,9.279212952,0,0,0,0,0,-7,0,0.098168552,0.050000001,0,0,0,1.36E-05,1.36E-05,0
HUNGARY,310,1983,2,0,0,0,5.165999889,9.279026985,0,0,0,0,0,-7,0,0.098168552,0.050000001,0,0,0,1.36E-05,1.36E-05,0
HUNGARY,310,1984,2,0,0,0,5.149000168,9.277998924,0,0,0,0,0,-7,0,0.098168552,0.050000001,0,0,0,1.36E-05,1.36E-05,0
HUNGARY,310,1985,2,0,0,0,5.230999947,9.276034355,0,0,0,0,0,-7,0,0.098168552,0.050000001,0,0,0,1.36E-05,1.36E-05,0
HUNGARY,310,1986,2,0,0,0,5.277999878,9.273972511,0,0,0,0,0,-7,0,0.098168552,0.050000001,0,0,0,1.36E-05,1.36E-05,0
HUNGARY,310,1987,2,0,0,0,5.422999859,9.27237606,0,0,0,0,0,-7,0,0.098168552,0.050000001,0,0,0,1.36E-05,1.36E-05,0
HUNGARY,310,1988,2,0,0,0,5.650000095,9.270588875,0,0,0,0,0,-7,0,0.098168552,0.050000001,0,0,0,1.36E-05,1.36E-05,0
HUNGARY,310,1989,2,0,0,0,5.561999798,9.268231392,0,0,0,0,1,-2,1,0.098168552,0.050000001,0,0,0,1.36E-05,1.36E-05,0
HUNGARY,310,1990,2,0,0,0,5.584000111,9.266342163,0,0,0,0,1,4,1,0.098168552,0.050000001,0,0,0,1.36E-05,1.36E-05,0
HUNGARY,310,1991,2,0,0,0,5.356999874,9.264165878,0,0,0,0,1,10,0,0.098168552,0.050000001,0,0,0,1.36E-05,1.36E-05,0
HUNGARY,310,1992,2,0,0,0,4.947000027,9.244161606,0,0,0,0,1,10,0,0.098168552,0.050000001,0,0,0,1.36E-05,1.36E-05,0
HUNGARY,310,1993,2,0,0,0,4.644999981,9.241160393,0,0,0,0,1,10,0,0.098168552,0.050000001,0,0,0,1.36E-05,1.36E-05,0
HUNGARY,310,1994,2,0,0,0,4.631999969,9.23931694,0,0,0,0,0,10,0,0.098168552,0.050000001,0,0,0,1.36E-05,1.36E-05,0
HUNGARY,310,1995,2,0,0,0,4.78399992,9.236105919,0,0,0,0,0,10,0,0.098168552,0.050000001,0,0,0,1.36E-05,1.36E-05,0
HUNGARY,310,1996,2,0,0,0,4.868999958,9.23307991,0,0,0,0,0,10,0,0.098168552,0.050000001,0,0,0,1.36E-05,1.36E-05,0
HUNGARY,310,1997,2,0,0,0,4.953000069,9.229456902,0,0,0,0,0,10,0,0.098168552,0.050000001,0,0,0,1.36E-05,1.36E-05,0
HUNGARY,310,1998,2,0,0,0,5.198999882,9.225711823,0,0,0,0,0,10,0,0.098168552,0.050000001,0,0,0,1.36E-05,1.36E-05,0
HUNGARY,310,1999,2,0,0,0,5.47300005,9.221862793,0,0,0,0,0,10,0,0.098168552,0.050000001,0,0,0,1.36E-05,1.36E-05,0
CZECHOSLOVAKIA,315,1945,2,0,0,0,0.809000015,9.528285027,1.945910096,0,0,0,0,10,0,0.489921749,0.310000002,0,0,0,4.53E-06,4.53E-06,-1
CZECHOSLOVAKIA,315,1946,2,0,0,0,0.809000015,9.528285027,1.945910096,0,0,0,0,10,0,0.489921749,0.310000002,0,0,0,4.53E-06,4.53E-06,-1
CZECHOSLOVAKIA,315,1947,2,0,0,0,0.853999972,9.466221809,1.945910096,0,0,0,0,10,0,0.489921749,0.310000002,0,0,0,4.53E-06,4.53E-06,-1
CZECHOSLOVAKIA,315,1948,2,0,0,0,0.924000025,9.406235695,1.945910096,0,0,0,1,-1,1,0.489921749,0.310000002,0,0,0,4.53E-06,4.53E-06,-1
CZECHOSLOVAKIA,315,1949,2,0,0,0,0.970000029,9.420519829,1.945910096,0,0,0,1,-7,0,0.489921749,0.310000002,0,0,0,4.53E-06,4.53E-06,-1
CZECHOSLOVAKIA,315,1950,2,0,0,0,1.014000058,9.420519829,1.945910096,0,0,0,1,-7,0,0.489921749,0.310000002,0,0,0,4.53E-06,4.53E-06,-1
CZECHOSLOVAKIA,315,1951,2,0,0,0,1.065000057,9.424564362,1.945910096,0,0,0,1,-7,0,0.489921749,0.310000002,0,0,0,4.53E-06,4.53E-06,-1
CZECHOSLOVAKIA,315,1952,2,0,0,0,1.108999968,9.436040878,1.945910096,0,0,0,0,-7,0,0.489921749,0.310000002,0,0,0,4.53E-06,4.53E-06,-1
CZECHOSLOVAKIA,315,1953,2,0,0,0,1.162999988,9.448018074,1.945910096,0,0,0,0,-7,0,0.489921749,0.310000002,0,0,0,4.53E-06,4.53E-06,-1
CZECHOSLOVAKIA,315,1954,2,0,0,0,1.20599997,9.458762169,1.945910096,0,0,0,0,-7,0,0.489921749,0.310000002,0,0,0,4.53E-06,4.53E-06,-1
CZECHOSLOVAKIA,315,1955,2,0,0,0,1.271000028,9.469005585,1.945910096,0,0,0,0,-7,0,0.489921749,0.310000002,0,0,0,4.53E-06,4.53E-06,-1
CZECHOSLOVAKIA,315,1956,2,0,0,0,1.324000001,9.479832649,1.945910096,0,0,0,0,-7,0,0.489921749,0.310000002,0,0,0,4.53E-06,4.53E-06,-1
CZECHOSLOVAKIA,315,1957,2,0,0,0,1.389000058,9.490166664,1.945910096,0,0,0,0,-7,0,0.489921749,0.310000002,0,0,0,4.53E-06,4.53E-06,-1
CZECHOSLOVAKIA,315,1958,2,0,0,0,1.452999949,9.4998703,1.945910096,0,0,0,0,-7,0,0.489921749,0.310000002,0,0,0,4.53E-06,4.53E-06,-1
CZECHOSLOVAKIA,315,1959,2,0,0,0,1.531999946,9.508517265,1.945910096,0,0,0,0,-7,0,0.489921749,0.310000002,0,0,0,4.53E-06,4.53E-06,-1
CZECHOSLOVAKIA,315,1960,2,0,0,0,1.578999996,9.515248299,1.945910096,0,0,0,0,-7,0,0.489921749,0.310000002,0,0,0,4.53E-06,4.53E-06,-1
CZECHOSLOVAKIA,315,1961,2,0,0,0,1.603000045,9.521787643,1.945910096,0,0,0,0,-7,0,0.489921749,0.310000002,0,0,0,4.53E-06,4.53E-06,-1
CZECHOSLOVAKIA,315,1962,2,0,0,0,1.712000012,9.528939247,1.945910096,0,0,0,0,-7,0,0.489921749,0.310000002,0,0,0,4.53E-06,4.53E-06,-1
CZECHOSLOVAKIA,315,1963,2,0,0,0,1.758000016,9.536112785,1.945910096,0,0,0,0,-7,0,0.489921749,0.310000002,0,0,0,4.53E-06,4.53E-06,-1
CZECHOSLOVAKIA,315,1964,2,0,0,0,1.70599997,9.543234825,1.945910096,0,0,0,0,-7,0,0.489921749,0.310000002,0,0,0,4.53E-06,4.53E-06,-1
CZECHOSLOVAKIA,315,1965,2,0,0,0,1.65199995,9.548739433,1.945910096,0,0,0,0,-7,0,0.489921749,0.310000002,0,0,0,4.53E-06,4.53E-06,-1
CZECHOSLOVAKIA,315,1966,2,0,0,0,1.799999952,9.554285049,1.945910096,0,0,0,0,-7,0,0.489921749,0.310000002,0,0,0,4.53E-06,4.53E-06,-1
CZECHOSLOVAKIA,315,1967,2,0,0,0,2.124000072,9.559799194,1.945910096,0,0,0,0,-7,0,0.489921749,0.310000002,0,0,0,4.53E-06,4.53E-06,-1
CZECHOSLOVAKIA,315,1968,2,0,0,0,2.118999958,9.565354347,1.945910096,0,0,0,0,-7,0,0.489921749,0.310000002,1,1,0,4.53E-06,4.53E-06,-1
CZECHOSLOVAKIA,315,1969,2,0,0,0,2.253000021,9.570878029,1.945910096,0,0,0,1,0,1,0.489921749,0.310000002,1,1,0,4.53E-06,4.53E-06,-1
CZECHOSLOVAKIA,315,1970,2,0,0,0,2.394999981,9.576371193,1.945910096,0,0,0,1,-7,0,0.489921749,0.310000002,1,1,0,4.53E-06,4.53E-06,-1
CZECHOSLOVAKIA,315,1971,2,0,0,0,2.519999981,9.570389748,1.945910096,0,0,0,1,-7,0,0.489921749,0.310000002,1,1,0,4.53E-06,4.53E-06,-1
CZECHOSLOVAKIA,315,1972,2,0,0,0,2.628999949,9.574288368,1.945910096,0,0,0,1,-7,0,0.489921749,0.310000002,1,1,0,4.53E-06,4.53E-06,-1
CZECHOSLOVAKIA,315,1973,2,0,0,0,2.750999928,9.579486847,1.945910096,0,0,0,0,-7,0,0.489921749,0.310000002,1,1,0,4.53E-06,4.53E-06,-1
CZECHOSLOVAKIA,315,1974,2,0,0,0,2.905999899,9.586032867,1.945910096,0,0,0,0,-7,0,0.489921749,0.310000002,1,1,0,4.53E-06,4.53E-06,-1
CZECHOSLOVAKIA,315,1975,2,0,0,0,3.099999905,9.594650269,1.945910096,0,0,0,0,-7,0,0.489921749,0.310000002,1,1,0,4.53E-06,4.53E-06,-1
CZECHOSLOVAKIA,315,1976,2,0,0,0,3.253999949,9.602517128,1.945910096,0,0,0,0,-7,0,0.489921749,0.310000002,1,1,0,4.53E-06,4.53E-06,-1
CZECHOSLOVAKIA,315,1977,2,0,0,0,3.351000071,9.610323906,1.945910096,0,0,0,0,-7,0,0.489921749,0.310000002,1,1,0,4.53E-06,4.53E-06,-1
CZECHOSLOVAKIA,315,1978,2,0,0,0,3.443000078,9.617870331,1.945910096,0,0,0,0,-7,0,0.489921749,0.310000002,1,1,0,4.53E-06,4.53E-06,-1
CZECHOSLOVAKIA,315,1979,2,0,0,0,3.59800005,9.62496376,1.945910096,0,0,0,0,-7,0,0.489921749,0.310000002,1,1,0,4.53E-06,4.53E-06,-1
CZECHOSLOVAKIA,315,1980,2,0,0,0,3.665999889,9.629774094,1.945910096,0,0,0,0,-7,0,0.489921749,0.310000002,1,1,0,4.53E-06,4.53E-06,-1
CZECHOSLOVAKIA,315,1981,2,0,0,0,3.730999947,9.63312149,1.945910096,0,0,0,0,-7,0,0.489921749,0.310000002,1,1,0,4.53E-06,4.53E-06,-1
CZECHOSLOVAKIA,315,1982,2,0,0,0,3.696000099,9.636522293,1.945910096,0,0,0,0,-7,0,0.489921749,0.310000002,1,1,0,4.53E-06,4.53E-06,-1
CZECHOSLOVAKIA,315,1983,2,0,0,0,3.717999935,9.639912605,1.945910096,0,0,0,0,-7,0,0.489921749,0.310000002,1,1,0,4.53E-06,4.53E-06,-1
CZECHOSLOVAKIA,315,1984,2,0,0,0,3.805000067,9.64309597,1.945910096,0,0,0,0,-7,0,0.489921749,0.310000002,1,1,0,4.53E-06,4.53E-06,-1
CZECHOSLOVAKIA,315,1985,2,0,0,0,3.862999916,9.645946503,1.945910096,0,0,0,0,-7,0,0.489921749,0.310000002,1,1,0,4.53E-06,4.53E-06,-1
CZECHOSLOVAKIA,315,1986,2,0,0,0,3.920000076,9.648594856,1.945910096,0,0,0,0,-7,0,0.489921749,0.310000002,1,1,0,4.53E-06,4.53E-06,-1
CZECHOSLOVAKIA,315,1987,2,0,0,0,4.000999928,9.6507864,1.945910096,0,0,0,0,-7,0,0.489921749,0.310000002,1,1,0,4.53E-06,4.53E-06,-1
CZECHOSLOVAKIA,315,1988,2,0,0,0,4.017000198,9.65329361,1.945910096,0,0,0,0,-7,0,0.489921749,0.310000002,1,1,0,4.53E-06,4.53E-06,-1
CZECHOSLOVAKIA,315,1989,2,0,0,0,4.110000134,9.655474663,1.945910096,0,0,0,0,-7,0,0.489921749,0.310000002,1,1,0,4.53E-06,4.53E-06,-1
CZECHOSLOVAKIA,315,1990,2,0,0,0,4.190000057,9.657459259,1.945910096,0,0,0,0,-6,0,0.489921749,0.310000002,1,1,0,4.53E-06,4.53E-06,-1
CZECHOSLOVAKIA,315,1991,2,0,0,0,4.09499979,9.658992767,1.945910096,0,0,0,1,8,0,0.489921749,0.310000002,1,1,0,4.53E-06,4.53E-06,-1
CZECHOSLOVAKIA,315,1992,2,0,0,0,4.855000019,9.653935432,1.945910096,0,0,0,1,8,0,0.489921749,0.310000002,0,0,0,4.53E-06,4.53E-06,-1
CZECHREP,316,1993,2,0,0,0,3.924000025,9.242904663,1.150713801,0,0,1,0,10,0,0.322180986,0.131999999,0,0,0,0.001710789,0.001710789,0
CZECHREP,316,1994,2,0,0,0,3.924000025,9.242904663,1.150713801,0,0,1,0,10,0,0.322180986,0.131999999,0,0,0,0.001710789,0.001710789,0
CZECHREP,316,1995,2,0,0,0,4.008999825,9.243388176,1.150713801,0,0,0,0,10,0,0.322180986,0.131999999,0,0,0,0.001710789,0.001710789,0
CZECHREP,316,1996,2,0,0,0,4.249000072,9.242904663,1.150713801,0,0,0,0,10,0,0.322180986,0.131999999,0,0,0,0.001710789,0.001710789,0
CZECHREP,316,1997,2,0,0,0,4.460999966,9.241353989,1.150713801,0,0,0,0,10,0,0.322180986,0.131999999,0,0,0,0.001710789,0.001710789,0
CZECHREP,316,1998,2,0,0,0,4.420000076,9.240297318,1.150713801,0,0,0,0,10,0,0.322180986,0.131999999,0,0,0,0.001710789,0.001710789,0
CZECHREP,316,1999,2,0,0,0,4.327000141,9.238566399,1.150713801,0,0,0,0,10,0,0.322180986,0.131999999,0,0,0,0.001710789,0.001710789,0
SLOVAKIA,317,1993,2,0,0,0,2.599999905,8.58009243,2.139088392,0,0,1,0,7,0,0.253899992,0.101000004,0,0,0,0.000926384,0.000926384,0
SLOVAKIA,317,1994,2,0,0,0,2.599999905,8.58009243,2.139088392,0,0,1,0,7,0,0.253899992,0.101000004,0,0,0,0.000926384,0.000926384,0
SLOVAKIA,317,1995,2,0,0,0,2.71600008,8.584346771,2.139088392,0,0,0,0,7,0,0.253899992,0.101000004,0,0,0,0.000926384,0.000926384,0
SLOVAKIA,317,1996,2,0,0,0,2.907999992,8.581481934,2.139088392,0,0,0,0,7,0,0.253899992,0.101000004,0,0,0,0.000926384,0.000926384,0
SLOVAKIA,317,1997,2,0,0,0,3.082000017,8.583542824,2.139088392,0,0,0,0,7,0,0.253899992,0.101000004,0,0,0,0.000926384,0.000926384,0
SLOVAKIA,317,1998,2,0,0,0,3.247999907,8.591056824,2.139088392,0,0,0,0,7,0,0.253899992,0.101000004,0,0,0,0.000926384,0.000926384,0
SLOVAKIA,317,1999,2,0,0,0,3.377000093,8.592662811,2.139088392,0,0,0,0,9,0,0.253899992,0.101000004,0,0,0,0.000926384,0.000926384,0
ITALY,325,1945,0,0,0,0,2.272000074,10.71199226,3.144152403,1,0,0,0,2,1,0.038171053,0.005,0,0,0,0,0,0
ITALY,325,1946,0,0,0,0,2.272000074,10.71199226,3.144152403,1,0,0,1,2,1,0.038171053,0.005,0,0,0,0,0,0
ITALY,325,1947,0,0,0,0,2.315999985,10.71406174,3.144152403,1,0,0,1,5,1,0.038171053,0.005,0,0,0,0,0,0
ITALY,325,1948,0,0,0,0,2.549000025,10.72243023,3.144152403,1,0,0,1,8,0,0.038171053,0.005,0,0,0,0,0,0
ITALY,325,1949,0,0,0,0,2.561000109,10.72994137,3.144152403,1,0,0,1,10,0,0.038171053,0.005,0,0,0,0,0,0
ITALY,325,1950,0,0,0,0,2.451999903,10.73657036,3.144152403,1,0,0,1,10,0,0.038171053,0.005,0,0,0,0,0,0
ITALY,325,1951,0,0,0,0,2.743000031,10.75301838,3.144152403,1,0,0,0,10,0,0.038171053,0.005,0,0,0,0,0,0
ITALY,325,1952,0,0,0,0,2.940999985,10.7590723,3.144152403,1,0,0,0,10,0,0.038171053,0.005,0,0,0,0,0,0
ITALY,325,1953,0,0,0,0,3.053999901,10.76511097,3.144152403,1,0,0,0,10,0,0.038171053,0.005,0,0,0,0,0,0
ITALY,325,1954,0,0,0,0,3.263999939,10.77119732,3.144152403,1,0,0,0,10,0,0.038171053,0.005,0,0,0,0,0,0
ITALY,325,1955,0,0,0,0,3.361000061,10.77716255,3.144152403,1,0,0,0,10,0,0.038171053,0.005,0,0,0,0,0,0
ITALY,325,1956,0,0,0,0,3.578999996,10.78307247,3.144152403,1,0,0,0,10,0,0.038171053,0.005,0,0,0,0,0,0
ITALY,325,1957,0,0,0,0,3.704999924,10.791502,3.144152403,1,0,0,0,10,0,0.038171053,0.005,0,0,0,0,0,0
ITALY,325,1958,0,0,0,0,3.835999966,10.79975891,3.144152403,1,0,0,0,10,0,0.038171053,0.005,0,0,0,0,0,0
ITALY,325,1959,0,0,0,0,3.970999956,10.80802917,3.144152403,1,0,0,0,10,0,0.038171053,0.005,0,0,0,0,0,0
ITALY,325,1960,0,0,0,0,4.205999851,10.81615162,3.144152403,1,0,0,0,10,0,0.038171053,0.005,0,0,0,0,0,0
ITALY,325,1961,0,0,0,0,4.56400013,10.82377052,3.144152403,1,0,0,0,10,0,0.038171053,0.005,0,0,0,0,0,0
ITALY,325,1962,0,0,0,0,4.919000149,10.83016396,3.144152403,1,0,0,0,10,0,0.038171053,0.005,0,0,0,0,0,0
ITALY,325,1963,0,0,0,0,5.208000183,10.83651733,3.144152403,1,0,0,0,10,0,0.038171053,0.005,0,0,0,0,0,0
ITALY,325,1964,0,0,0,0,5.498000145,10.84345531,3.144152403,1,0,0,0,10,0,0.038171053,0.005,0,0,0,0,0,0
ITALY,325,1965,0,0,0,0,5.578999996,10.85127735,3.144152403,1,0,0,0,10,0,0.038171053,0.005,0,0,0,0,0,0
ITALY,325,1966,0,0,0,0,5.690999985,10.85874939,3.144152403,1,0,0,0,10,0,0.038171053,0.005,0,0,0,0,0,0
ITALY,325,1967,0,0,0,0,6.008999825,10.86532497,3.144152403,1,0,0,0,10,0,0.038171053,0.005,0,0,0,0,0,0
ITALY,325,1968,0,0,0,0,6.418000221,10.87176323,3.144152403,1,0,0,0,10,0,0.038171053,0.005,0,0,0,0,0,0
ITALY,325,1969,0,0,0,0,6.776000023,10.87776375,3.144152403,1,0,0,0,10,0,0.038171053,0.005,0,0,0,0,0,0
ITALY,325,1970,0,0,0,0,7.173999786,10.88402939,3.144152403,1,0,0,0,10,0,0.038171053,0.005,0,0,0,0,0,0
ITALY,325,1971,0,0,0,0,7.56799984,10.89343739,3.144152403,1,0,0,0,10,0,0.038171053,0.005,0,0,0,0,0,0
ITALY,325,1972,0,0,0,0,7.603000164,10.89810848,3.144152403,1,0,0,0,10,0,0.038171053,0.005,0,0,0,0,0,0
ITALY,325,1973,0,0,0,0,7.730999947,10.90377045,3.144152403,1,0,0,0,10,0,0.038171053,0.005,0,0,0,0,0,0
ITALY,325,1974,0,0,0,0,8.274999619,10.91055107,3.144152403,1,0,0,0,10,0,0.038171053,0.005,0,0,0,0,0,0
ITALY,325,1975,0,0,0,0,8.668999672,10.91710472,3.144152403,1,0,0,0,10,0,0.038171053,0.005,0,0,0,0,0,0
ITALY,325,1976,0,0,0,0,8.281999588,10.92307472,3.144152403,1,0,0,0,10,0,0.038171053,0.005,0,0,0,0,0,0
ITALY,325,1977,0,0,0,0,8.809000015,10.92805862,3.144152403,1,0,0,0,10,0,0.038171053,0.005,0,0,0,0,0,0
ITALY,325,1978,0,0,0,0,9.015999794,10.93230343,3.144152403,1,0,0,0,10,0,0.038171053,0.005,0,0,0,0,0,0
ITALY,325,1979,0,0,0,0,9.284000397,10.93587112,3.144152403,1,0,0,0,10,0,0.038171053,0.005,0,0,0,0,0,0
ITALY,325,1980,0,0,0,0,9.831000328,10.93876934,3.144152403,1,0,0,0,10,0,0.038171053,0.005,0,0,0,0,0,0
ITALY,325,1981,0,0,0,0,10.32299995,10.94082737,3.144152403,1,0,0,0,10,0,0.038171053,0.005,0,0,0,0,0,0
ITALY,325,1982,0,0,0,0,10.28499985,10.94213772,3.144152403,1,0,0,0,10,0,0.038171053,0.005,0,0,0,0,0,0
ITALY,325,1983,0,0,0,0,10.26200008,10.94447041,3.144152403,1,0,0,0,10,0,0.038171053,0.005,0,0,0,0,0,0
ITALY,325,1984,0,0,0,0,10.29699993,10.94792557,3.144152403,1,0,0,0,10,0,0.038171053,0.005,0,0,0,0,0,0
ITALY,325,1985,0,0,0,0,10.56099987,10.95089436,3.144152403,1,0,0,0,10,0,0.038171053,0.005,0,0,0,0,0,0
ITALY,325,1986,0,0,0,0,10.80799961,10.95327759,3.144152403,1,0,0,0,10,0,0.038171053,0.005,0,0,0,0,0,0
ITALY,325,1987,0,0,0,0,11.11499977,10.95511341,3.144152403,1,0,0,0,10,0,0.038171053,0.005,0,0,0,0,0,0
ITALY,325,1988,0,0,0,0,11.45499992,10.95684052,3.144152403,1,0,0,0,10,0,0.038171053,0.005,0,0,0,0,0,0
ITALY,325,1989,0,0,0,0,11.91800022,10.95870495,3.144152403,1,0,0,0,10,0,0.038171053,0.005,0,0,0,0,0,0
ITALY,325,1990,0,0,0,0,12.24699974,10.96025276,3.144152403,1,0,0,0,10,0,0.038171053,0.005,0,0,0,0,0,0
ITALY,325,1991,0,0,0,0,12.48799992,10.96233654,3.144152403,1,0,0,0,10,0,0.038171053,0.005,0,0,0,0,0,0
ITALY,325,1992,0,0,0,0,12.60200024,10.96412086,3.144152403,1,0,0,0,10,0,0.038171053,0.005,0,0,0,0,0,0
ITALY,325,1993,0,0,0,0,12.72099972,10.96490002,3.144152403,1,0,0,0,10,0,0.038171053,0.005,0,0,0,0,0,0
ITALY,325,1994,0,0,0,0,12.56700039,10.95166588,3.144152403,1,0,0,0,10,0,0.038171053,0.005,0,0,0,0,0,0
ITALY,325,1995,0,0,0,0,12.82800007,10.95290947,3.144152403,1,0,0,0,10,0,0.038171053,0.005,0,0,0,0,0,0
ITALY,325,1996,0,0,0,0,13.18400002,10.95437908,3.144152403,1,0,0,0,10,0,0.038171053,0.005,0,0,0,0,0,0
ITALY,325,1997,0,0,0,0,13.2869997,10.95745087,3.144152403,1,0,0,0,10,0,0.038171053,0.005,0,0,0,0,0,0
ITALY,325,1998,0,0,0,0,13.49499989,10.95993996,3.144152403,1,0,0,0,10,0,0.038171053,0.005,0,0,0,0,0,0
ITALY,325,1999,0,0,0,0,13.68599987,10.96108723,3.144152403,1,0,0,0,10,0,0.038171053,0.005,0,0,0,0,0,0
ALBANIA,339,1945,2,0,0,0,0.086000003,7.015712261,2.27052331,0,0,0,0,-5,1,0.087877989,0.029999999,0,0,0,8.60E-07,8.60E-07,0
ALBANIA,339,1946,2,0,0,0,0.086000003,7.015712261,2.27052331,0,0,0,1,-5,1,0.087877989,0.029999999,0,0,0,8.60E-07,8.60E-07,0
ALBANIA,339,1947,2,0,0,0,0.090000004,7.031741142,2.27052331,0,0,0,1,-9,0,0.087877989,0.029999999,0,0,0,8.60E-07,8.60E-07,0
ALBANIA,339,1948,2,0,0,0,0.116999999,7.043159962,2.27052331,0,0,0,1,-9,0,0.087877989,0.029999999,0,0,0,8.60E-07,8.60E-07,0
ALBANIA,339,1949,2,0,0,0,0.141000003,7.059617519,2.27052331,0,0,0,1,-9,0,0.087877989,0.029999999,0,0,0,8.60E-07,8.60E-07,0
ALBANIA,339,1950,2,0,0,0,0.193000004,7.075809002,2.27052331,0,0,0,0,-9,0,0.087877989,0.029999999,0,0,0,8.60E-07,8.60E-07,0
ALBANIA,339,1951,2,0,0,0,0.226999998,7.102499485,2.27052331,0,0,0,0,-9,0,0.087877989,0.029999999,0,0,0,8.60E-07,8.60E-07,0
ALBANIA,339,1952,2,0,0,0,0.234999999,7.12447834,2.27052331,0,0,0,0,-9,0,0.087877989,0.029999999,0,0,0,8.60E-07,8.60E-07,0
ALBANIA,339,1953,2,0,0,0,0.270999998,7.146772385,2.27052331,0,0,0,0,-9,0,0.087877989,0.029999999,0,0,0,8.60E-07,8.60E-07,0
ALBANIA,339,1954,2,0,0,0,0.284999996,7.171656609,2.27052331,0,0,0,0,-9,0,0.087877989,0.029999999,0,0,0,8.60E-07,8.60E-07,0
ALBANIA,339,1955,2,0,0,0,0.289999992,7.200424671,2.27052331,0,0,0,0,-9,0,0.087877989,0.029999999,0,0,0,8.60E-07,8.60E-07,0
ALBANIA,339,1956,2,0,0,0,0.301999986,7.229114056,2.27052331,0,0,0,0,-9,0,0.087877989,0.029999999,0,0,0,8.60E-07,8.60E-07,0
ALBANIA,339,1957,2,0,0,0,0.377999991,7.259116173,2.27052331,0,0,0,0,-9,0,0.087877989,0.029999999,0,0,0,8.60E-07,8.60E-07,0
ALBANIA,339,1958,2,0,0,0,0.509000003,7.287560463,2.27052331,0,0,0,0,-9,0,0.087877989,0.029999999,0,0,0,8.60E-07,8.60E-07,0
ALBANIA,339,1959,2,0,0,0,0.56099999,7.317876339,2.27052331,0,0,0,0,-9,0,0.087877989,0.029999999,0,0,0,8.60E-07,8.60E-07,0
ALBANIA,339,1960,2,0,0,0,0.603999972,7.349873543,2.27052331,0,0,0,0,-9,0,0.087877989,0.029999999,0,0,0,8.60E-07,8.60E-07,0
ALBANIA,339,1961,2,0,0,0,0.644999981,7.382124424,2.27052331,0,0,0,0,-9,0,0.087877989,0.029999999,0,0,0,8.60E-07,8.60E-07,0
ALBANIA,339,1962,2,0,0,0,0.702000022,7.414572716,2.27052331,0,0,0,0,-9,0,0.087877989,0.029999999,0,0,0,8.60E-07,8.60E-07,0
ALBANIA,339,1963,2,0,0,0,0.742999971,7.444248676,2.27052331,0,0,0,0,-9,0,0.087877989,0.029999999,0,0,0,8.60E-07,8.60E-07,0
ALBANIA,339,1964,2,0,0,0,0.683000028,7.473069191,2.27052331,0,0,0,0,-9,0,0.087877989,0.029999999,0,0,0,8.60E-07,8.60E-07,0
ALBANIA,339,1965,2,0,0,0,0.744000018,7.501081944,2.27052331,0,0,0,0,-9,0,0.087877989,0.029999999,0,0,0,8.60E-07,8.60E-07,0
ALBANIA,339,1966,2,0,0,0,0.728999972,7.53369379,2.27052331,0,0,0,0,-9,0,0.087877989,0.029999999,0,0,0,8.60E-07,8.60E-07,0
ALBANIA,339,1967,2,0,0,0,0.890999973,7.554858685,2.27052331,0,0,0,0,-9,0,0.087877989,0.029999999,0,0,0,8.60E-07,8.60E-07,0
ALBANIA,339,1968,2,0,0,0,1.024999976,7.580699921,2.27052331,0,0,0,0,-9,0,0.087877989,0.029999999,0,0,0,8.60E-07,8.60E-07,0
ALBANIA,339,1969,2,0,0,0,1.098999977,7.610852718,2.27052331,0,0,0,0,-9,0,0.087877989,0.029999999,0,0,0,8.60E-07,8.60E-07,0
ALBANIA,339,1970,2,0,0,0,1.315999985,7.640123367,2.27052331,0,0,0,0,-9,0,0.087877989,0.029999999,0,0,0,8.60E-07,8.60E-07,0
ALBANIA,339,1971,2,0,0,0,1.411000013,7.682482243,2.27052331,0,0,0,0,-9,0,0.087877989,0.029999999,0,0,0,8.60E-07,8.60E-07,0
ALBANIA,339,1972,2,0,0,0,0.958999991,7.707961559,2.27052331,0,0,0,0,-9,0,0.087877989,0.029999999,0,0,0,8.60E-07,8.60E-07,0
ALBANIA,339,1973,2,0,0,0,1.027999997,7.734559059,2.27052331,0,0,0,0,-9,0,0.087877989,0.029999999,0,0,0,8.60E-07,8.60E-07,0
ALBANIA,339,1974,2,0,0,0,1.093000054,7.760893345,2.27052331,0,0,0,0,-9,0,0.087877989,0.029999999,0,0,0,8.60E-07,8.60E-07,0
ALBANIA,339,1975,2,0,0,0,1.128999949,7.789868355,2.27052331,0,0,0,0,-9,0,0.087877989,0.029999999,0,0,0,8.60E-07,8.60E-07,0
ALBANIA,339,1976,2,0,0,0,1.251000047,7.783640385,2.27052331,0,0,0,0,-9,0,0.087877989,0.029999999,0,0,0,8.60E-07,8.60E-07,0
ALBANIA,339,1977,2,0,0,0,1.34800005,7.805474758,2.27052331,0,0,0,0,-9,0,0.087877989,0.029999999,0,0,0,8.60E-07,8.60E-07,0
ALBANIA,339,1978,2,0,0,0,1.406999946,7.827240944,2.27052331,0,0,0,0,-9,0,0.087877989,0.029999999,0,0,0,8.60E-07,8.60E-07,0
ALBANIA,339,1979,2,0,0,0,1.47300005,7.848933697,2.27052331,0,0,0,0,-9,0,0.087877989,0.029999999,0,0,0,8.60E-07,8.60E-07,0
ALBANIA,339,1980,2,0,0,0,1.536999941,7.869783878,2.27052331,0,0,0,0,-9,0,0.087877989,0.029999999,0,0,0,8.60E-07,8.60E-07,0
ALBANIA,339,1981,2,0,0,0,1.837000012,7.890208244,2.27052331,0,0,0,0,-9,0,0.087877989,0.029999999,0,0,0,8.60E-07,8.60E-07,0
ALBANIA,339,1982,2,0,0,0,1.756999969,7.909856796,2.27052331,0,0,0,0,-9,0,0.087877989,0.029999999,0,0,0,8.60E-07,8.60E-07,0
ALBANIA,339,1983,2,0,0,0,1.962000012,7.930206299,2.27052331,0,0,0,0,-9,0,0.087877989,0.029999999,0,0,0,8.60E-07,8.60E-07,0
ALBANIA,339,1984,2,0,0,0,2.125,7.950854778,2.27052331,0,0,0,0,-9,0,0.087877989,0.029999999,0,0,0,8.60E-07,8.60E-07,0
ALBANIA,339,1985,2,0,0,0,2.118000031,7.971430779,2.27052331,0,0,0,0,-9,0,0.087877989,0.029999999,0,0,0,8.60E-07,8.60E-07,0
ALBANIA,339,1986,2,0,0,0,2.176000118,7.991930485,2.27052331,0,0,0,0,-9,0,0.087877989,0.029999999,0,0,0,8.60E-07,8.60E-07,0
ALBANIA,339,1987,2,0,0,0,2.236000061,8.011686325,2.27052331,0,0,0,0,-9,0,0.087877989,0.029999999,0,0,0,8.60E-07,8.60E-07,0
ALBANIA,339,1988,2,0,0,0,2.253999949,8.031385422,2.27052331,0,0,0,0,-9,0,0.087877989,0.029999999,0,0,0,8.60E-07,8.60E-07,0
ALBANIA,339,1989,2,0,0,0,2.345999956,8.051341057,2.27052331,0,0,0,0,-9,0,0.087877989,0.029999999,0,0,0,8.60E-07,8.60E-07,0
ALBANIA,339,1990,2,0,0,0,2.36500001,8.071531296,2.27052331,0,0,0,0,-9,0,0.087877989,0.029999999,0,0,0,8.60E-07,8.60E-07,0
ALBANIA,339,1991,2,0,0,0,2.404999971,8.086410522,2.27052331,0,0,0,1,1,1,0.087877989,0.029999999,0,0,0,8.60E-07,8.60E-07,0
ALBANIA,339,1992,2,0,0,0,1.978000045,8.101981163,2.27052331,0,0,0,1,1,1,0.087877989,0.029999999,0,0,0,8.60E-07,8.60E-07,0
ALBANIA,339,1993,2,0,0,0,.,8.119696617,2.27052331,0,0,0,1,5,1,0.087877989,0.029999999,0,0,0,8.60E-07,8.60E-07,0
ALBANIA,339,1994,2,0,0,0,.,8.060855865,2.27052331,0,0,0,1,5,1,0.087877989,0.029999999,0,0,0,8.60E-07,8.60E-07,0
ALBANIA,339,1995,2,0,0,0,.,8.071531296,2.27052331,0,0,0,1,5,1,0.087877989,0.029999999,0,0,0,8.60E-07,8.60E-07,0
ALBANIA,339,1996,2,0,0,0,.,8.086102486,2.27052331,0,0,0,0,5,1,0.087877989,0.029999999,0,0,0,8.60E-07,8.60E-07,0
ALBANIA,339,1997,2,0,0,0,.,8.097426414,2.27052331,0,0,0,1,0,1,0.087877989,0.029999999,0,0,0,8.60E-07,8.60E-07,0
ALBANIA,339,1998,2,0,0,0,.,8.109014511,2.27052331,0,0,0,1,5,1,0.087877989,0.029999999,0,0,0,8.60E-07,8.60E-07,0
ALBANIA,339,1999,2,0,0,0,.,8.118746758,2.27052331,0,0,0,1,5,1,0.087877989,0.029999999,0,0,0,8.60E-07,8.60E-07,0
MACEDONIA,343,1993,2,0,0,0,.,7.566828251,2.23720026,0,0,1,0,6,0,0.509563506,0.209999993,0,0,0,0.027693466,0.027693466,0
MACEDONIA,343,1994,2,0,0,0,.,7.566828251,2.23720026,0,0,1,0,6,0,0.509563506,0.209999993,0,0,0,0.027693466,0.027693466,0
MACEDONIA,343,1995,2,0,0,0,.,7.574045181,2.23720026,0,0,0,0,6,0,0.509563506,0.209999993,0,0,0,0.027693466,0.027693466,0
MACEDONIA,343,1996,2,0,0,0,.,7.583756447,2.23720026,0,0,0,0,6,0,0.509563506,0.209999993,0,0,0,0.027693466,0.027693466,0
MACEDONIA,343,1997,2,0,0,0,.,7.590852261,2.23720026,0,0,0,0,6,0,0.509563506,0.209999993,0,0,0,0.027693466,0.027693466,0
MACEDONIA,343,1998,2,0,0,0,.,7.599336147,2.23720026,0,0,0,0,6,0,0.509563506,0.209999993,0,0,0,0.027693466,0.027693466,0
MACEDONIA,343,1999,2,0,0,0,.,7.605840206,2.23720026,0,0,0,0,6,0,0.509563506,0.209999993,0,0,0,0.027693466,0.027693466,0
CROATIA,344,1992,2,1,2,0,.,8.472677231,1.528065443,0,0,1,0,-3,1,0.334221005,0.122000001,0,0,0,0.001438418,0.001438418,0
CROATIA,344,1993,2,0,0,1,.,8.472677231,1.528065443,0,0,1,0,-3,1,0.334221005,0.122000001,0,0,0,0.001438418,0.001438418,0
CROATIA,344,1994,2,0,0,1,.,8.471986771,1.528065443,0,0,0,0,-3,1,0.334221005,0.122000001,0,0,0,0.001438418,0.001438418,0
CROATIA,344,1995,2,0,0,1,.,8.471568108,1.528065443,0,0,0,0,-3,1,0.334221005,0.122000001,0,0,0,0.001438418,0.001438418,0
CROATIA,344,1996,2,0,0,1,.,8.471358299,1.528065443,0,0,0,0,-5,1,0.334221005,0.122000001,0,0,0,0.001438418,0.001438418,0
CROATIA,344,1997,2,0,0,0,.,8.470290184,1.528065443,0,0,0,0,-5,1,0.334221005,0.122000001,0,0,0,0.001438418,0.001438418,0
CROATIA,344,1998,2,0,0,0,.,8.427815437,1.528065443,0,0,0,0,-5,1,0.334221005,0.122000001,0,0,0,0.001438418,0.001438418,0
CROATIA,344,1999,2,0,0,0,.,8.427815437,1.528065443,0,0,0,0,-5,1,0.334221005,0.122000001,0,0,0,0.001438418,0.001438418,0
YUGOSLAVIA,345,1945,2,0,0,0,0.147,9.645752907,2.667228222,0,0,0,0,-7,0,0.753812432,0.196999997,1,1,0,0.005440368,0.005440368,-1
YUGOSLAVIA,345,1946,2,0,0,0,0.147,9.645752907,2.667228222,0,0,0,0,-7,0,0.753812432,0.196999997,1,1,0,0.005440368,0.005440368,-1
YUGOSLAVIA,345,1947,2,0,0,0,0.137999997,9.646528244,2.667228222,0,0,0,0,-7,0,0.753812432,0.196999997,1,1,0,0.005440368,0.005440368,-1
YUGOSLAVIA,345,1948,2,0,0,0,0.231000006,9.66033268,2.667228222,0,0,0,0,-7,0,0.753812432,0.196999997,1,1,0,0.005440368,0.005440368,-1
YUGOSLAVIA,345,1949,2,0,0,0,0.287999988,9.674137115,2.667228222,0,0,0,0,-7,0,0.753812432,0.196999997,1,1,0,0.005440368,0.005440368,-1
YUGOSLAVIA,345,1950,2,0,0,0,0.640999973,9.688622475,2.667228222,0,0,0,0,-7,0,0.753812432,0.196999997,1,1,0,0.005440368,0.005440368,-1
YUGOSLAVIA,345,1951,2,0,0,0,0.739000022,9.701738358,2.667228222,0,0,0,0,-7,0,0.753812432,0.196999997,1,1,0,0.005440368,0.005440368,-1
YUGOSLAVIA,345,1952,2,0,0,0,0.652999997,9.716434479,2.667228222,0,0,0,1,-7,0,0.753812432,0.196999997,1,1,0,0.005440368,0.005440368,-1
YUGOSLAVIA,345,1953,2,0,0,0,0.620000005,9.72901535,2.667228222,0,0,0,1,-7,0,0.753812432,0.196999997,1,1,0,0.005440368,0.005440368,-1
YUGOSLAVIA,345,1954,2,0,0,0,0.591000021,9.743787766,2.667228222,0,0,0,1,-7,0,0.753812432,0.196999997,1,1,0,0.005440368,0.005440368,-1
YUGOSLAVIA,345,1955,2,0,0,0,0.79400003,9.757536888,2.667228222,0,0,0,1,-7,0,0.753812432,0.196999997,1,1,0,0.005440368,0.005440368,-1
YUGOSLAVIA,345,1956,2,0,0,0,0.938000023,9.77098465,2.667228222,0,0,0,0,-7,0,0.753812432,0.196999997,1,1,0,0.005440368,0.005440368,-1
YUGOSLAVIA,345,1957,2,0,0,0,1.144000053,9.780415535,2.667228222,0,0,0,0,-7,0,0.753812432,0.196999997,1,1,0,0.005440368,0.005440368,-1
YUGOSLAVIA,345,1958,2,0,0,0,1.29400003,9.790206909,2.667228222,0,0,0,0,-7,0,0.753812432,0.196999997,1,1,0,0.005440368,0.005440368,-1
YUGOSLAVIA,345,1959,2,0,0,0,1.284000039,9.799126625,2.667228222,0,0,0,0,-7,0,0.753812432,0.196999997,1,1,0,0.005440368,0.005440368,-1
YUGOSLAVIA,345,1960,2,0,0,0,1.557000041,9.80994606,2.667228222,0,0,0,0,-7,0,0.753812432,0.196999997,1,1,0,0.005440368,0.005440368,-1
YUGOSLAVIA,345,1961,2,0,0,0,1.921000004,9.820159912,2.667228222,0,0,0,0,-7,0,0.753812432,0.196999997,1,1,0,0.005440368,0.005440368,-1
YUGOSLAVIA,345,1962,2,0,0,0,2.040999889,9.831615448,2.667228222,0,0,0,0,-7,0,0.753812432,0.196999997,1,1,0,0.005440368,0.005440368,-1
YUGOSLAVIA,345,1963,2,0,0,0,2.007999897,9.842621803,2.667228222,0,0,0,0,-7,0,0.753812432,0.196999997,1,1,0,0.005440368,0.005440368,-1
YUGOSLAVIA,345,1964,2,0,0,0,2.198999882,9.853719711,2.667228222,0,0,0,0,-7,0,0.753812432,0.196999997,1,1,0,0.005440368,0.005440368,-1
YUGOSLAVIA,345,1965,2,0,0,0,2.444000006,9.863810539,2.667228222,0,0,0,0,-7,0,0.753812432,0.196999997,1,1,0,0.005440368,0.005440368,-1
YUGOSLAVIA,345,1966,2,0,0,0,2.407000065,9.874779701,2.667228222,0,0,0,0,-7,0,0.753812432,0.196999997,1,1,0,0.005440368,0.005440368,-1
YUGOSLAVIA,345,1967,2,0,0,0,2.532999992,9.885527611,2.667228222,0,0,0,0,-7,0,0.753812432,0.196999997,1,1,0,0.005440368,0.005440368,-1
YUGOSLAVIA,345,1968,2,0,0,0,2.621000051,9.895404816,2.667228222,0,0,0,0,-7,0,0.753812432,0.196999997,1,1,0,0.005440368,0.005440368,-1
YUGOSLAVIA,345,1969,2,0,0,0,2.757999897,9.90493679,2.667228222,0,0,0,0,-7,0,0.753812432,0.196999997,1,1,0,0.005440368,0.005440368,-1
YUGOSLAVIA,345,1970,2,0,0,0,3.184000015,9.913833618,2.667228222,0,0,0,0,-7,0,0.753812432,0.196999997,1,1,0,0.005440368,0.005440368,-1
YUGOSLAVIA,345,1971,2,0,0,0,3.296999931,9.921867371,2.667228222,0,0,0,0,-7,0,0.753812432,0.196999997,1,1,0,0.005440368,0.005440368,-1
YUGOSLAVIA,345,1972,2,0,0,0,3.664000034,9.931686401,2.667228222,0,0,0,0,-7,0,0.753812432,0.196999997,1,1,0,0.005440368,0.005440368,-1
YUGOSLAVIA,345,1973,2,0,0,0,3.539999962,9.941361427,2.667228222,0,0,0,0,-7,0,0.753812432,0.196999997,1,1,0,0.005440368,0.005440368,-1
YUGOSLAVIA,345,1974,2,0,0,0,3.66899991,9.950180054,2.667228222,0,0,0,0,-7,0,0.753812432,0.196999997,1,1,0,0.005440368,0.005440368,-1
YUGOSLAVIA,345,1975,2,0,0,0,4.399000168,9.960057259,2.667228222,0,0,0,0,-7,0,0.753812432,0.196999997,1,1,0,0.005440368,0.005440368,-1
YUGOSLAVIA,345,1976,2,0,0,0,4.352000237,9.969509125,2.667228222,0,0,0,0,-7,0,0.753812432,0.196999997,1,1,0,0.005440368,0.005440368,-1
YUGOSLAVIA,345,1977,2,0,0,0,4.316999912,9.979197502,2.667228222,0,0,0,0,-7,0,0.753812432,0.196999997,1,1,0,0.005440368,0.005440368,-1
YUGOSLAVIA,345,1978,2,0,0,0,4.882999897,9.988517761,2.667228222,0,0,0,0,-7,0,0.753812432,0.196999997,1,1,0,0.005440368,0.005440368,-1
YUGOSLAVIA,345,1979,2,0,0,0,5.268000126,9.99734211,2.667228222,0,0,0,0,-7,0,0.753812432,0.196999997,1,1,0,0.005440368,0.005440368,-1
YUGOSLAVIA,345,1980,2,0,0,0,5.671999931,10.00631523,2.667228222,0,0,0,0,-7,0,0.753812432,0.196999997,0,0,0,0.005440368,0.005440368,-1
YUGOSLAVIA,345,1981,2,0,0,0,5.565000057,10.01252174,2.667228222,0,0,0,0,-5,1,0.753812432,0.196999997,1,1,0,0.005440368,0.005440368,-1
YUGOSLAVIA,345,1982,2,0,0,0,5.548999786,10.01998043,2.667228222,0,0,0,0,-5,1,0.753812432,0.196999997,0,0,0,0.005440368,0.005440368,-1
YUGOSLAVIA,345,1983,2,0,0,0,5.440000057,10.02756214,2.667228222,0,0,0,0,-5,1,0.753812432,0.196999997,1,1,0,0.005440368,0.005440368,-1
YUGOSLAVIA,345,1984,2,0,0,0,5.336999893,10.03473473,2.667228222,0,0,0,0,-5,1,0.753812432,0.196999997,1,1,0,0.005440368,0.005440368,-1
YUGOSLAVIA,345,1985,2,0,0,0,5.329999924,10.04176998,2.667228222,0,0,0,0,-5,1,0.753812432,0.196999997,0,0,0,0.005440368,0.005440368,-1
YUGOSLAVIA,345,1986,2,0,0,0,5.171999931,10.04862595,2.667228222,0,0,0,0,-5,1,0.753812432,0.196999997,1,1,0,0.005440368,0.005440368,-1
YUGOSLAVIA,345,1987,2,0,0,0,5.385000229,10.05509186,2.667228222,0,0,0,0,-5,1,0.753812432,0.196999997,1,1,0,0.005440368,0.005440368,-1
YUGOSLAVIA,345,1988,2,0,0,0,5.135000229,10.06121731,2.667228222,0,0,0,0,-5,1,0.753812432,0.196999997,1,1,0,0.005440368,0.005440368,-1
YUGOSLAVIA,345,1989,2,0,0,0,4.943999767,10.0675602,2.667228222,0,0,0,0,-5,1,0.753812432,0.196999997,0,0,0,0.005440368,0.005440368,-1
YUGOSLAVIA,345,1990,2,0,0,0,5.006000042,10.07280827,2.667228222,0,0,0,0,-5,1,0.753812432,0.196999997,0,0,0,0.005440368,0.005440368,-1
YUGOSLAVIA,345,1991,2,1,2,0,4.547999859,10.07781887,2.667228222,0,0,0,0,-5,1,0.423846006,0.196999997,0,0,0,0.005440368,0.005440368,-1
YUGOSLAVIA,345,1992,2,0,0,1,2.74000001,10.08280468,2.667228222,0,0,0,0,-5,1,0.423846006,0.165000007,0,0,0,0.009251522,0.009251522,-1
YUGOSLAVIA,345,1993,2,0,0,0,.,9.271435738,2.667228222,0,0,0,0,-5,1,0.423846006,0.165000007,0,0,0,0.009251522,0.009251522,-1
YUGOSLAVIA,345,1994,2,0,0,0,.,9.257796288,2.667228222,0,0,0,0,-7,0,0.423846006,0.165000007,0,0,0,0.009251522,0.009251522,-1
YUGOSLAVIA,345,1995,2,0,0,0,.,9.260938644,2.667228222,0,0,0,0,-7,0,0.423846006,0.165000007,0,0,0,0.009251522,0.009251522,-1
YUGOSLAVIA,345,1996,2,0,0,0,.,9.264070511,2.667228222,0,0,0,0,-7,0,0.423846006,0.165000007,0,0,0,0.009251522,0.009251522,-1
YUGOSLAVIA,345,1997,2,0,0,0,.,9.266153336,2.667228222,0,0,0,0,-7,0,0.423846006,0.165000007,0,0,0,0.009251522,0.009251522,-1
YUGOSLAVIA,345,1998,2,0,0,0,.,9.269928932,2.667228222,0,0,0,0,-6,0,0.423846006,0.165000007,0,0,0,0.009251522,0.009251522,-1
YUGOSLAVIA,345,1999,2,0,0,0,.,9.272415161,2.667228222,0,0,0,0,-6,0,0.423846006,0.165000007,0,0,0,0.009251522,0.009251522,-1
BOSNIA,346,1992,2,1,2,0,.,8.252630234,4.119037151,0,0,1,0,0,1,0.697153211,0.31400001,0,0,0,0.329579724,0.329579724,0
BOSNIA,346,1993,2,0,0,1,.,8.252630234,4.119037151,0,0,1,1,0,1,0.697153211,0.31400001,0,0,0,0.329579724,0.329579724,0
BOSNIA,346,1994,2,0,0,1,.,8.119544029,4.119037151,0,0,0,1,0,1,0.697153211,0.31400001,0,0,0,0.329579724,0.329579724,0
BOSNIA,346,1995,2,0,0,1,.,7.986457348,4.119037151,0,0,0,0,0,1,0.697153211,0.31400001,0,0,0,0.329579724,0.329579724,0
BOSNIA,346,1996,2,0,0,1,.,7.853370667,4.119037151,0,0,0,0,.,.,0.697153211,0.31400001,0,0,0,0.329579724,0.329579724,0
BOSNIA,346,1997,2,0,0,0,.,7.720284462,4.119037151,0,0,0,0,.,.,0.697153211,0.31400001,0,0,0,0.329579724,0.329579724,0
BOSNIA,346,1998,2,0,0,0,.,7.760654449,4.119037151,0,0,0,0,.,.,0.697153211,0.31400001,1,1,1,0.329579724,0.329579724,0
BOSNIA,346,1999,2,0,0,0,.,7.807916641,4.119037151,0,0,0,0,.,.,0.697153211,0.31400001,1,1,1,0.329579724,0.329579724,0
SLOVENIA,349,1992,2,0,0,0,.,7.599201202,2.342388868,0,0,1,0,10,0,0.085923195,0.027000001,0,0,0,1.23E-06,1.23E-06,0
SLOVENIA,349,1993,2,0,0,0,.,7.599201202,2.342388868,0,0,1,0,10,0,0.085923195,0.027000001,0,0,0,1.23E-06,1.23E-06,0
SLOVENIA,349,1994,2,0,0,0,.,7.584163189,2.342388868,0,0,0,0,10,0,0.085923195,0.027000001,0,0,0,1.23E-06,1.23E-06,0
SLOVENIA,349,1995,2,0,0,0,.,7.595336914,2.342388868,0,0,0,0,10,0,0.085923195,0.027000001,0,0,0,1.23E-06,1.23E-06,0
SLOVENIA,349,1996,2,0,0,0,.,7.595890045,2.342388868,0,0,0,0,10,0,0.085923195,0.027000001,0,0,0,1.23E-06,1.23E-06,0
SLOVENIA,349,1997,2,0,0,0,.,7.596392155,2.342388868,0,0,0,0,10,0,0.085923195,0.027000001,0,0,0,1.23E-06,1.23E-06,0
SLOVENIA,349,1998,2,0,0,0,.,7.593857765,2.342388868,0,0,0,0,10,0,0.085923195,0.027000001,0,0,0,1.23E-06,1.23E-06,0
SLOVENIA,349,1999,2,0,0,0,.,7.593757153,2.342388868,0,0,0,0,10,0,0.085923195,0.027000001,0,0,0,1.23E-06,1.23E-06,0
GREECE,350,1945,0,1,0,0,0.806999981,8.885025978,3.126760483,1,0,0,0,8,0,0.098645091,0.017000001,0,0,0,5.72E-08,5.72E-08,0
GREECE,350,1946,0,0,0,1,0.806999981,8.885025978,3.126760483,1,0,0,0,8,0,0.098645091,0.017000001,0,0,0,5.72E-08,5.72E-08,0
GREECE,350,1947,0,0,0,1,0.703999996,8.887928963,3.126760483,1,0,0,0,8,0,0.098645091,0.017000001,0,0,0,5.72E-08,5.72E-08,0
GREECE,350,1948,0,0,0,1,0.906000018,8.898775101,3.126760483,1,0,0,0,8,0,0.098645091,0.017000001,0,0,0,5.72E-08,5.72E-08,0
GREECE,350,1949,0,0,0,1,1.136999965,8.909505844,3.126760483,1,0,0,0,8,0,0.098645091,0.017000001,0,0,0,5.72E-08,5.72E-08,0
GREECE,350,1950,0,0,0,1,1.218000054,8.920389175,3.126760483,1,0,0,1,4,1,0.098645091,0.017000001,0,0,0,5.72E-08,5.72E-08,0
GREECE,350,1951,0,0,0,0,1.409000039,8.931419373,3.126760483,1,0,0,1,4,1,0.098645091,0.017000001,0,0,0,5.72E-08,5.72E-08,0
GREECE,350,1952,0,0,0,0,1.473999977,8.941937447,3.126760483,1,0,0,1,4,1,0.098645091,0.017000001,0,0,0,5.72E-08,5.72E-08,0
GREECE,350,1953,0,0,0,0,1.440999985,8.952346802,3.126760483,1,0,0,0,4,1,0.098645091,0.017000001,0,0,0,5.72E-08,5.72E-08,0
GREECE,350,1954,0,0,0,0,1.559999943,8.962648392,3.126760483,1,0,0,0,4,1,0.098645091,0.017000001,0,0,0,5.72E-08,5.72E-08,0
GREECE,350,1955,0,0,0,0,1.621999979,8.972844124,3.126760483,1,0,0,0,4,1,0.098645091,0.017000001,0,0,0,5.72E-08,5.72E-08,0
GREECE,350,1956,0,0,0,0,1.687000036,8.982937813,3.126760483,1,0,0,0,4,1,0.098645091,0.017000001,0,0,0,5.72E-08,5.72E-08,0
GREECE,350,1957,0,0,0,0,1.819000006,8.992059708,3.126760483,1,0,0,0,4,1,0.098645091,0.017000001,0,0,0,5.72E-08,5.72E-08,0
GREECE,350,1958,0,0,0,0,1.937000036,9.000976563,3.126760483,1,0,0,0,4,1,0.098645091,0.017000001,0,0,0,5.72E-08,5.72E-08,0
GREECE,350,1959,0,0,0,0,2.010999918,9.009814262,3.126760483,1,0,0,0,4,1,0.098645091,0.017000001,0,0,0,5.72E-08,5.72E-08,0
GREECE,350,1960,0,0,0,0,2.069000006,9.018574715,3.126760483,1,0,0,0,4,1,0.098645091,0.017000001,0,0,0,5.72E-08,5.72E-08,0
GREECE,350,1961,0,0,0,0,2.092999935,9.027258873,3.126760483,1,0,0,0,4,1,0.098645091,0.017000001,0,0,0,5.72E-08,5.72E-08,0
GREECE,350,1962,0,0,0,0,2.318000078,9.035748482,3.126760483,1,0,0,0,4,1,0.098645091,0.017000001,0,0,0,5.72E-08,5.72E-08,0
GREECE,350,1963,0,0,0,0,2.336999893,9.041685104,3.126760483,1,0,0,0,4,1,0.098645091,0.017000001,0,0,0,5.72E-08,5.72E-08,0
GREECE,350,1964,0,0,0,0,2.58100009,9.045465469,3.126760483,1,0,0,0,4,1,0.098645091,0.017000001,0,0,0,5.72E-08,5.72E-08,0
GREECE,350,1965,0,0,0,0,2.799999952,9.048996925,3.126760483,1,0,0,0,4,1,0.098645091,0.017000001,0,0,0,5.72E-08,5.72E-08,0
GREECE,350,1966,0,0,0,0,3.066999912,9.053686142,3.126760483,1,0,0,0,4,1,0.098645091,0.017000001,0,0,0,5.72E-08,5.72E-08,0
GREECE,350,1967,0,0,0,0,3.187000036,9.061143875,3.126760483,1,0,0,0,4,1,0.098645091,0.017000001,0,0,0,5.72E-08,5.72E-08,0
GREECE,350,1968,0,0,0,0,3.322000027,9.072916031,3.126760483,1,0,0,1,-7,0,0.098645091,0.017000001,0,0,0,5.72E-08,5.72E-08,0
GREECE,350,1969,0,0,0,0,3.556999922,9.075779915,3.126760483,1,0,0,1,-7,0,0.098645091,0.017000001,0,0,0,5.72E-08,5.72E-08,0
GREECE,350,1970,0,0,0,0,3.904000044,9.079434395,3.126760483,1,0,0,1,-7,0,0.098645091,0.017000001,0,0,0,5.72E-08,5.72E-08,0
GREECE,350,1971,0,0,0,0,4.223999977,9.081710815,3.126760483,1,0,0,0,-7,0,0.098645091,0.017000001,0,0,0,5.72E-08,5.72E-08,0
GREECE,350,1972,0,0,0,0,4.506000042,9.086023331,3.126760483,1,0,0,0,-7,0,0.098645091,0.017000001,0,0,0,5.72E-08,5.72E-08,0
GREECE,350,1973,0,0,0,0,4.868999958,9.092570305,3.126760483,1,0,0,0,-7,0,0.098645091,0.017000001,0,0,0,5.72E-08,5.72E-08,0
GREECE,350,1974,0,0,0,0,5.208000183,9.09705925,3.126760483,1,0,0,0,-7,0,0.098645091,0.017000001,0,0,0,5.72E-08,5.72E-08,0
GREECE,350,1975,0,0,0,0,4.967000008,9.100749016,3.126760483,1,0,0,1,1,1,0.098645091,0.017000001,0,0,0,5.72E-08,5.72E-08,0
GREECE,350,1976,0,0,0,0,5.201000214,9.110188484,3.126760483,1,0,0,1,8,0,0.098645091,0.017000001,0,0,0,5.72E-08,5.72E-08,0
GREECE,350,1977,0,0,0,0,5.418000221,9.123365402,3.126760483,1,0,0,1,8,0,0.098645091,0.017000001,0,0,0,5.72E-08,5.72E-08,0
GREECE,350,1978,0,0,0,0,5.518000126,9.138736725,3.126760483,1,0,0,1,8,0,0.098645091,0.017000001,0,0,0,5.72E-08,5.72E-08,0
GREECE,350,1979,0,0,0,0,5.790999889,9.151651382,3.126760483,1,0,0,0,8,0,0.098645091,0.017000001,0,0,0,5.72E-08,5.72E-08,0
GREECE,350,1980,0,0,0,0,5.895999908,9.164087296,3.126760483,1,0,0,0,8,0,0.098645091,0.017000001,0,0,0,5.72E-08,5.72E-08,0
GREECE,350,1981,0,0,0,0,5.901000023,9.173987389,3.126760483,1,0,0,0,8,0,0.098645091,0.017000001,0,0,0,5.72E-08,5.72E-08,0
GREECE,350,1982,0,0,0,0,5.902999878,9.182866096,3.126760483,1,0,0,0,8,0,0.098645091,0.017000001,0,0,0,5.72E-08,5.72E-08,0
GREECE,350,1983,0,0,0,0,5.971000195,9.189116478,3.126760483,1,0,0,0,8,0,0.098645091,0.017000001,0,0,0,5.72E-08,5.72E-08,0
GREECE,350,1984,0,0,0,0,5.934999943,9.194922447,3.126760483,1,0,0,0,8,0,0.098645091,0.017000001,0,0,0,5.72E-08,5.72E-08,0
GREECE,350,1985,0,0,0,0,6.006999969,9.199886322,3.126760483,1,0,0,0,8,0,0.098645091,0.017000001,0,0,0,5.72E-08,5.72E-08,0
GREECE,350,1986,0,0,0,0,6.223999977,9.203718185,3.126760483,1,0,0,0,8,0,0.098645091,0.017000001,0,0,0,5.72E-08,5.72E-08,0
GREECE,350,1987,0,0,0,0,6.278999805,9.206733704,3.126760483,1,0,0,0,10,0,0.098645091,0.017000001,0,0,0,5.72E-08,5.72E-08,0
GREECE,350,1988,0,0,0,0,6.248000145,9.208739281,3.126760483,1,0,0,0,10,0,0.098645091,0.017000001,0,0,0,5.72E-08,5.72E-08,0
GREECE,350,1989,0,0,0,0,6.459000111,9.210740089,3.126760483,1,0,0,0,10,0,0.098645091,0.017000001,0,0,0,5.72E-08,5.72E-08,0
GREECE,350,1990,0,0,0,0,6.734000206,9.214232445,3.126760483,1,0,0,0,10,0,0.098645091,0.017000001,0,0,0,5.72E-08,5.72E-08,0
GREECE,350,1991,0,0,0,0,6.768000126,9.222565651,3.126760483,1,0,0,0,10,0,0.098645091,0.017000001,0,0,0,5.72E-08,5.72E-08,0
GREECE,350,1992,0,0,0,0,6.782999992,9.242807388,3.126760483,1,0,0,0,10,0,0.098645091,0.017000001,0,0,0,5.72E-08,5.72E-08,0
GREECE,350,1993,0,0,0,0,6.768000126,9.239899635,3.126760483,1,0,0,0,10,0,0.098645091,0.017000001,0,0,0,5.72E-08,5.72E-08,0
GREECE,350,1994,0,0,0,0,6.748000145,9.247443199,3.126760483,1,0,0,0,10,0,0.098645091,0.017000001,0,0,0,5.72E-08,5.72E-08,0
GREECE,350,1995,0,0,0,0,6.863999844,9.252058029,3.126760483,1,0,0,0,10,0,0.098645091,0.017000001,0,0,0,5.72E-08,5.72E-08,0
GREECE,350,1996,0,0,0,0,6.981999874,9.255122185,3.126760483,1,0,0,0,10,0,0.098645091,0.017000001,0,0,0,5.72E-08,5.72E-08,0
GREECE,350,1997,0,0,0,0,7.135000229,9.256746292,3.126760483,1,0,0,0,10,0,0.098645091,0.017000001,0,0,0,5.72E-08,5.72E-08,0
GREECE,350,1998,0,0,0,0,7.363999844,9.261223793,3.126760483,1,0,0,0,10,0,0.098645091,0.017000001,0,0,0,5.72E-08,5.72E-08,0
GREECE,350,1999,0,0,0,0,7.619999886,9.263656616,3.126760483,1,0,0,0,10,0,0.098645091,0.017000001,0,0,0,5.72E-08,5.72E-08,0
CYPRUS,352,1960,5,0,0,0,2.036999941,6.350885868,2.302585125,0,0,1,0,8,0,0.348582923,0.180000007,0,0,0,0.007361183,0.007361183,0
CYPRUS,352,1961,5,0,0,0,2.036999941,6.350885868,2.302585125,0,0,1,0,8,0,0.348582923,0.180000007,0,0,0,0.007361183,0.007361183,0
CYPRUS,352,1962,5,0,0,0,2.196000099,6.354370117,2.302585125,0,0,0,0,8,0,0.348582923,0.180000007,0,0,0,0.007361183,0.007361183,0
CYPRUS,352,1963,5,0,0,0,2.437000036,6.357842445,2.302585125,0,0,0,0,8,0,0.348582923,0.180000007,0,0,0,0.007361183,0.007361183,0
CYPRUS,352,1964,5,0,0,0,2.571000099,6.359573841,2.302585125,0,0,0,1,0,1,0.348582923,0.180000007,0,0,0,0.007361183,0.007361183,0
CYPRUS,352,1965,5,0,0,0,2.282999992,6.363028049,2.302585125,0,0,0,1,0,1,0.348582923,0.180000007,0,0,0,0.007361183,0.007361183,0
CYPRUS,352,1966,5,0,0,0,2.717000008,6.366470337,2.302585125,0,0,0,1,0,1,0.348582923,0.180000007,0,0,0,0.007361183,0.007361183,0
CYPRUS,352,1967,5,0,0,0,2.905999899,6.376727104,2.302585125,0,0,0,1,0,1,0.348582923,0.180000007,0,0,0,0.007361183,0.007361183,0
CYPRUS,352,1968,5,0,0,0,3.220999956,6.388561249,2.302585125,0,0,0,1,0,1,0.348582923,0.180000007,0,0,0,0.007361183,0.007361183,0
CYPRUS,352,1969,5,0,0,0,3.398000002,6.400257587,2.302585125,0,0,0,1,7,0,0.348582923,0.180000007,0,0,0,0.007361183,0.007361183,0
CYPRUS,352,1970,5,0,0,0,3.703999996,6.410174847,2.302585125,0,0,0,1,7,0,0.348582923,0.180000007,0,0,0,0.007361183,0.007361183,0
CYPRUS,352,1971,5,0,0,0,3.753000021,6.421622276,2.302585125,0,0,0,1,7,0,0.348582923,0.180000007,0,0,0,0.007361183,0.007361183,0
CYPRUS,352,1972,5,0,0,0,4.147999763,6.419994831,2.302585125,0,0,0,0,7,0,0.348582923,0.180000007,0,0,0,0.007361183,0.007361183,0
CYPRUS,352,1973,5,0,0,0,4.441999912,6.418365002,2.302585125,0,0,0,0,7,0,0.348582923,0.180000007,0,0,0,0.007361183,0.007361183,0
CYPRUS,352,1974,5,1,2,0,4.69299984,6.41509676,2.302585125,0,0,0,0,7,0,0.348582923,0.180000007,0,0,0,0.007361183,0.007361183,0
CYPRUS,352,1975,5,0,0,1,3.859999895,6.413458824,2.302585125,0,0,0,1,10,0,0.348582923,0.180000007,0,0,0,0.007361183,0.007361183,0
CYPRUS,352,1976,5,0,0,0,3.257999897,6.411818504,2.302585125,0,0,0,1,10,0,0.348582923,0.180000007,0,0,0,0.007361183,0.007361183,0
CYPRUS,352,1977,5,0,0,0,3.828000069,6.41509676,2.302585125,0,0,0,1,10,0,0.348582923,0.180000007,0,0,0,0.007361183,0.007361183,0
CYPRUS,352,1978,5,0,0,0,4.414000034,6.419994831,2.302585125,0,0,0,0,10,0,0.348582923,0.180000007,0,0,0,0.007361183,0.007361183,0
CYPRUS,352,1979,5,0,0,0,4.697000027,6.4264884,2.302585125,0,0,0,0,10,0,0.348582923,0.180000007,0,0,0,0.007361183,0.007361183,0
CYPRUS,352,1980,5,0,0,0,5.09100008,6.434546471,2.302585125,0,0,0,0,10,0,0.348582923,0.180000007,0,0,0,0.007361183,0.007361183,0
CYPRUS,352,1981,5,0,0,0,5.295000076,6.444131374,2.302585125,0,0,0,0,10,0,0.348582923,0.180000007,0,0,0,0.007361183,0.007361183,0
CYPRUS,352,1982,5,0,0,0,5.290999889,6.456769466,2.302585125,0,0,0,0,10,0,0.348582923,0.180000007,0,0,0,0.007361183,0.007361183,0
CYPRUS,352,1983,5,0,0,0,5.607999802,6.469250202,2.302585125,0,0,0,0,10,0,0.348582923,0.180000007,0,0,0,0.007361183,0.007361183,0
CYPRUS,352,1984,5,0,0,0,5.837999821,6.48157692,2.302585125,0,0,0,0,10,0,0.348582923,0.180000007,0,0,0,0.007361183,0.007361183,0
CYPRUS,352,1985,5,0,0,0,6.268000126,6.492239952,2.302585125,0,0,0,0,10,0,0.348582923,0.180000007,0,0,0,0.007361183,0.007361183,0
CYPRUS,352,1986,5,0,0,0,6.486000061,6.501289845,2.302585125,0,0,0,0,10,0,0.348582923,0.180000007,0,0,0,0.007361183,0.007361183,0
CYPRUS,352,1987,5,0,0,0,6.552999973,6.511745453,2.302585125,0,0,0,0,10,0,0.348582923,0.180000007,0,0,0,0.007361183,0.007361183,0
CYPRUS,352,1988,5,0,0,0,6.870999813,6.522092819,2.302585125,0,0,0,0,10,0,0.348582923,0.180000007,0,0,0,0.007361183,0.007361183,0
CYPRUS,352,1989,5,0,0,0,7.367000103,6.532334328,2.302585125,0,0,0,0,10,0,0.348582923,0.180000007,0,0,0,0.007361183,0.007361183,0
CYPRUS,352,1990,5,0,0,0,7.887000084,6.543911934,2.302585125,0,0,0,0,10,0,0.348582923,0.180000007,0,0,0,0.007361183,0.007361183,0
CYPRUS,352,1991,5,0,0,0,8.368000031,6.55393362,2.302585125,0,0,0,0,10,0,0.348582923,0.180000007,0,0,0,0.007361183,0.007361183,0
CYPRUS,352,1992,5,0,0,0,8.565999985,6.565265179,2.302585125,0,0,0,0,10,0,0.348582923,0.180000007,0,0,0,0.007361183,0.007361183,0
CYPRUS,352,1993,5,0,0,0,9.203000069,6.576469421,2.302585125,0,0,0,0,10,0,0.348582923,0.180000007,0,0,0,0.007361183,0.007361183,0
CYPRUS,352,1994,5,0,0,0,9.123000145,6.576469421,2.302585125,0,0,0,0,10,0,0.348582923,0.180000007,0,0,0,0.007361183,0.007361183,0
CYPRUS,352,1995,5,0,0,0,9.552000046,6.587550163,2.302585125,0,0,0,0,10,0,0.348582923,0.180000007,0,0,0,0.007361183,0.007361183,0
CYPRUS,352,1996,5,0,0,0,10.03800011,6.597145557,2.302585125,0,0,0,0,10,0,0.348582923,0.180000007,0,0,0,0.007361183,0.007361183,0
CYPRUS,352,1997,5,0,0,0,10.13199997,6.606650352,2.302585125,0,0,0,0,10,0,0.348582923,0.180000007,0,0,0,0.007361183,0.007361183,0
CYPRUS,352,1998,5,0,0,0,10.29599953,6.615716934,2.302585125,0,0,0,0,10,0,0.348582923,0.180000007,0,0,0,0.007361183,0.007361183,0
CYPRUS,352,1999,5,0,0,0,10.65600014,6.624529839,2.302585125,0,0,0,0,10,0,0.348582923,0.180000007,0,0,0,0.007361183,0.007361183,0
BULGARIA,355,1945,2,0,0,0,0.263000011,8.846352577,3.058706999,0,0,0,0,-4,1,0.219949484,0.093999997,0,0,0,0.000367598,0.000367598,0
BULGARIA,355,1946,2,0,0,0,0.263000011,8.846352577,3.058706999,0,0,0,1,-4,1,0.219949484,0.093999997,0,0,0,0.000367598,0.000367598,0
BULGARIA,355,1947,2,0,0,0,0.280999988,8.853665352,3.058706999,0,0,0,1,-6,0,0.219949484,0.093999997,0,0,0,0.000367598,0.000367598,0
BULGARIA,355,1948,2,0,0,0,0.305000007,8.862766266,3.058706999,0,0,0,1,-7,0,0.219949484,0.093999997,0,0,0,0.000367598,0.000367598,0
BULGARIA,355,1949,2,0,0,0,0.310000002,8.872066498,3.058706999,0,0,0,0,-7,0,0.219949484,0.093999997,0,0,0,0.000367598,0.000367598,0
BULGARIA,355,1950,2,0,0,0,0.351999998,8.881141663,3.058706999,0,0,0,0,-7,0,0.219949484,0.093999997,0,0,0,0.000367598,0.000367598,0
BULGARIA,355,1951,2,0,0,0,0.38499999,8.888895035,3.058706999,0,0,0,0,-7,0,0.219949484,0.093999997,0,0,0,0.000367598,0.000367598,0
BULGARIA,355,1952,2,0,0,0,0.419999987,8.8898592,3.058706999,0,0,0,0,-7,0,0.219949484,0.093999997,0,0,0,0.000367598,0.000367598,0
BULGARIA,355,1953,2,0,0,0,0.465000004,8.892199516,3.058706999,0,0,0,0,-7,0,0.219949484,0.093999997,0,0,0,0.000367598,0.000367598,0
BULGARIA,355,1954,2,0,0,0,0.509000003,8.901910782,3.058706999,0,0,0,0,-7,0,0.219949484,0.093999997,0,0,0,0.000367598,0.000367598,0
BULGARIA,355,1955,2,0,0,0,0.532000005,8.912338257,3.058706999,0,0,0,0,-7,0,0.219949484,0.093999997,0,0,0,0.000367598,0.000367598,0
BULGARIA,355,1956,2,0,0,0,0.59799999,8.922525406,3.058706999,0,0,0,0,-7,0,0.219949484,0.093999997,0,0,0,0.000367598,0.000367598,0
BULGARIA,355,1957,2,0,0,0,0.61500001,8.932740211,3.058706999,0,0,0,0,-7,0,0.219949484,0.093999997,0,0,0,0.000367598,0.000367598,0
BULGARIA,355,1958,2,0,0,0,0.670000017,8.942591667,3.058706999,0,0,0,0,-7,0,0.219949484,0.093999997,0,0,0,0.000367598,0.000367598,0
BULGARIA,355,1959,2,0,0,0,0.721000016,8.952605247,3.058706999,0,0,0,0,-7,0,0.219949484,0.093999997,0,0,0,0.000367598,0.000367598,0
BULGARIA,355,1960,2,0,0,0,0.845000029,8.961622238,3.058706999,0,0,0,0,-7,0,0.219949484,0.093999997,0,0,0,0.000367598,0.000367598,0
BULGARIA,355,1961,2,0,0,0,0.957000017,8.970432281,3.058706999,0,0,0,0,-7,0,0.219949484,0.093999997,0,0,0,0.000367598,0.000367598,0
BULGARIA,355,1962,2,0,0,0,1.072000027,8.980046272,3.058706999,0,0,0,0,-7,0,0.219949484,0.093999997,0,0,0,0.000367598,0.000367598,0
BULGARIA,355,1963,2,0,0,0,1.220000029,8.988446236,3.058706999,0,0,0,0,-7,0,0.219949484,0.093999997,0,0,0,0.000367598,0.000367598,0
BULGARIA,355,1964,2,0,0,0,1.351999998,8.99714756,3.058706999,0,0,0,0,-7,0,0.219949484,0.093999997,0,0,0,0.000367598,0.000367598,0
BULGARIA,355,1965,2,0,0,0,1.574000001,9.004545212,3.058706999,0,0,0,0,-7,0,0.219949484,0.093999997,0,0,0,0.000367598,0.000367598,0
BULGARIA,355,1966,2,0,0,0,1.707000017,9.011889458,3.058706999,0,0,0,0,-7,0,0.219949484,0.093999997,0,0,0,0.000367598,0.000367598,0
BULGARIA,355,1967,2,0,0,0,2.105999947,9.019180298,3.058706999,0,0,0,0,-7,0,0.219949484,0.093999997,0,0,0,0.000367598,0.000367598,0
BULGARIA,355,1968,2,0,0,0,2.309999943,9.025215149,3.058706999,0,0,0,0,-7,0,0.219949484,0.093999997,0,0,0,0.000367598,0.000367598,0
BULGARIA,355,1969,2,0,0,0,2.473999977,9.032408714,3.058706999,0,0,0,0,-7,0,0.219949484,0.093999997,0,0,0,0.000367598,0.000367598,0
BULGARIA,355,1970,2,0,0,0,2.703999996,9.039551735,3.058706999,0,0,0,0,-7,0,0.219949484,0.093999997,0,0,0,0.000367598,0.000367598,0
BULGARIA,355,1971,2,0,0,0,2.888999939,9.046644211,3.058706999,0,0,0,0,-7,0,0.219949484,0.093999997,0,0,0,0.000367598,0.000367598,0
BULGARIA,355,1972,2,0,0,0,2.884000063,9.052515984,3.058706999,0,0,0,0,-7,0,0.219949484,0.093999997,0,0,0,0.000367598,0.000367598,0
BULGARIA,355,1973,2,0,0,0,3.007999897,9.057072639,3.058706999,0,0,0,0,-7,0,0.219949484,0.093999997,0,0,0,0.000367598,0.000367598,0
BULGARIA,355,1974,2,0,0,0,3.153000116,9.061724663,3.058706999,0,0,0,0,-7,0,0.219949484,0.093999997,0,0,0,0.000367598,0.000367598,0
BULGARIA,355,1975,2,0,0,0,3.259000063,9.068546295,3.058706999,0,0,0,0,-7,0,0.219949484,0.093999997,0,0,0,0.000367598,0.000367598,0
BULGARIA,355,1976,2,0,0,0,3.51699996,9.074291229,3.058706999,0,0,0,0,-7,0,0.219949484,0.093999997,0,0,0,0.000367598,0.000367598,0
BULGARIA,355,1977,2,0,0,0,3.612999916,9.078064919,3.058706999,0,0,0,0,-7,0,0.219949484,0.093999997,0,0,0,0.000367598,0.000367598,0
BULGARIA,355,1978,2,0,0,0,3.773000002,9.082961082,3.058706999,0,0,0,0,-7,0,0.219949484,0.093999997,0,0,0,0.000367598,0.000367598,0
BULGARIA,355,1979,2,0,0,0,4.002999783,9.084096909,3.058706999,0,0,0,0,-7,0,0.219949484,0.093999997,0,0,0,0.000367598,0.000367598,0
BULGARIA,355,1980,2,0,0,0,4.247000217,9.085456848,3.058706999,0,0,0,0,-7,0,0.219949484,0.093999997,0,0,0,0.000367598,0.000367598,0
BULGARIA,355,1981,2,0,0,0,3.926000118,9.089528084,3.058706999,0,0,0,0,-7,0,0.219949484,0.093999997,0,0,0,0.000367598,0.000367598,0
BULGARIA,355,1982,2,0,0,0,4.21600008,9.091331482,3.058706999,0,0,0,0,-7,0,0.219949484,0.093999997,0,0,0,0.000367598,0.000367598,0
BULGARIA,355,1983,2,0,0,0,4.27699995,9.093132019,3.058706999,0,0,0,0,-7,0,0.219949484,0.093999997,0,0,0,0.000367598,0.000367598,0
BULGARIA,355,1984,2,0,0,0,4.532999992,9.094817162,3.058706999,0,0,0,0,-7,0,0.219949484,0.093999997,0,0,0,0.000367598,0.000367598,0
BULGARIA,355,1985,2,0,0,0,4.561999798,9.096611977,3.058706999,0,0,0,0,-7,0,0.219949484,0.093999997,0,0,0,0.000367598,0.000367598,0
BULGARIA,355,1986,2,0,0,0,4.772999763,9.098402977,3.058706999,0,0,0,0,-7,0,0.219949484,0.093999997,0,0,0,0.000367598,0.000367598,0
BULGARIA,355,1987,2,0,0,0,5.756000042,9.100190163,3.058706999,0,0,0,0,-7,0,0.219949484,0.093999997,0,0,0,0.000367598,0.000367598,0
BULGARIA,355,1988,2,0,0,0,6.097000122,9.101752281,3.058706999,0,0,0,0,-7,0,0.219949484,0.093999997,0,0,0,0.000367598,0.000367598,0
BULGARIA,355,1989,2,0,0,0,6.868000031,9.102866173,3.058706999,0,0,0,0,-7,0,0.219949484,0.093999997,0,0,0,0.000367598,0.000367598,0
BULGARIA,355,1990,2,0,0,0,6.743000031,9.103756905,3.058706999,0,0,0,0,-7,0,0.219949484,0.093999997,0,0,0,0.000367598,0.000367598,0
BULGARIA,355,1991,2,0,0,0,6.203000069,9.103979111,3.058706999,0,0,0,1,8,0,0.219949484,0.093999997,0,0,0,0.000367598,0.000367598,0
BULGARIA,355,1992,2,0,0,0,5.254000187,9.102198601,3.058706999,0,0,0,1,8,0,0.219949484,0.093999997,0,0,0,0.000367598,0.000367598,0
BULGARIA,355,1993,2,0,0,0,5.208000183,9.048409462,3.058706999,0,0,0,1,8,0,0.219949484,0.093999997,0,0,0,0.000367598,0.000367598,0
BULGARIA,355,1994,2,0,0,0,5.171999931,9.044522285,3.058706999,0,0,0,0,8,0,0.219949484,0.093999997,0,0,0,0.000367598,0.000367598,0
BULGARIA,355,1995,2,0,0,0,5.289000034,9.04014492,3.058706999,0,0,0,0,8,0,0.219949484,0.093999997,0,0,0,0.000367598,0.000367598,0
BULGARIA,355,1996,2,0,0,0,5.462999821,9.0359869,3.058706999,0,0,0,0,8,0,0.219949484,0.093999997,0,0,0,0.000367598,0.000367598,0
BULGARIA,355,1997,2,0,0,0,4.934999943,9.030735016,3.058706999,0,0,0,0,8,0,0.219949484,0.093999997,0,0,0,0.000367598,0.000367598,0
BULGARIA,355,1998,2,0,0,0,4.611999989,9.025464058,3.058706999,0,0,0,0,8,0,0.219949484,0.093999997,0,0,0,0.000367598,0.000367598,0
BULGARIA,355,1999,2,0,0,0,4.806000233,9.017126083,3.058706999,0,0,0,0,8,0,0.219949484,0.093999997,0,0,0,0.000367598,0.000367598,0
MOLDOVA,359,1991,2,0,0,0,3.479000092,8.380227089,0,0,0,1,0,5,1,0.551569521,0.268000007,0,0,0,0.065203467,0.065203467,0
MOLDOVA,359,1992,2,1,1,0,3.479000092,8.380227089,0,0,0,1,0,5,1,0.551569521,0.268000007,0,0,0,0.065203467,0.065203467,0
MOLDOVA,359,1993,2,0,0,1,2.471999884,8.380227089,0,0,0,0,0,5,1,0.551569521,0.268000007,0,0,0,0.065203467,0.065203467,0
MOLDOVA,359,1994,2,0,0,0,2.444000006,8.37747097,0,0,0,0,0,7,0,0.551569521,0.268000007,0,0,0,0.065203467,0.065203467,0
MOLDOVA,359,1995,2,0,0,0,1.68900001,8.37747097,0,0,0,0,0,7,0,0.551569521,0.268000007,0,0,0,0.065203467,0.065203467,0
MOLDOVA,359,1996,2,0,0,0,1.667999983,8.37539959,0,0,0,0,0,7,0,0.551569521,0.268000007,0,0,0,0.065203467,0.065203467,0
MOLDOVA,359,1997,2,0,0,0,1.575000048,8.372167587,0,0,0,0,0,7,0,0.551569521,0.268000007,0,0,0,0.065203467,0.065203467,0
MOLDOVA,359,1998,2,0,0,0,1.605000019,8.369156837,0,0,0,0,0,7,0,0.551569521,0.268000007,0,0,0,0.065203467,0.065203467,0
MOLDOVA,359,1999,2,0,0,0,1.506000042,8.365904808,0,0,0,0,0,7,0,0.551569521,0.268000007,0,0,0,0.065203467,0.065203467,0
ROMANIA,360,1945,2,0,0,0,0.126000002,9.689613342,2.890371799,0,0,0,0,-7,0,0.252163053,0.082999997,0,0,0,0.00026335,0.00026335,0
ROMANIA,360,1946,2,0,0,0,0.126000002,9.689613342,2.890371799,0,0,0,1,-7,0,0.252163053,0.082999997,0,0,0,0.00026335,0.00026335,0
ROMANIA,360,1947,2,0,0,0,0.123000003,9.66719532,2.890371799,0,0,0,1,-7,0,0.252163053,0.082999997,0,0,0,0.00026335,0.00026335,0
ROMANIA,360,1948,2,0,0,0,0.115999997,9.670861244,2.890371799,0,0,0,1,-7,0,0.252163053,0.082999997,0,0,0,0.00026335,0.00026335,0
ROMANIA,360,1949,2,0,0,0,0.165000007,9.673633575,2.890371799,0,0,0,1,-7,0,0.252163053,0.082999997,0,0,0,0.00026335,0.00026335,0
ROMANIA,360,1950,2,0,0,0,0.185000002,9.685580254,2.890371799,0,0,0,1,-7,0,0.252163053,0.082999997,0,0,0,0.00026335,0.00026335,0
ROMANIA,360,1951,2,0,0,0,0.191,9.699595451,2.890371799,0,0,0,0,-7,0,0.252163053,0.082999997,0,0,0,0.00026335,0.00026335,0
ROMANIA,360,1952,2,0,0,0,0.208000004,9.708931923,2.890371799,0,0,0,0,-7,0,0.252163053,0.082999997,0,0,0,0.00026335,0.00026335,0
ROMANIA,360,1953,2,0,0,0,0.241999999,9.718963623,2.890371799,0,0,0,0,-7,0,0.252163053,0.082999997,0,0,0,0.00026335,0.00026335,0
ROMANIA,360,1954,2,0,0,0,0.263000011,9.731868744,2.890371799,0,0,0,0,-7,0,0.252163053,0.082999997,0,0,0,0.00026335,0.00026335,0
ROMANIA,360,1955,2,0,0,0,0.273999989,9.743318558,2.890371799,0,0,0,0,-7,0,0.252163053,0.082999997,0,0,0,0.00026335,0.00026335,0
ROMANIA,360,1956,2,0,0,0,0.294,9.759847641,2.890371799,0,0,0,0,-7,0,0.252163053,0.082999997,0,0,0,0.00026335,0.00026335,0
ROMANIA,360,1957,2,0,0,0,0.316000015,9.774630547,2.890371799,0,0,0,0,-7,0,0.252163053,0.082999997,0,0,0,0.00026335,0.00026335,0
ROMANIA,360,1958,2,0,0,0,0.338999987,9.788525581,2.890371799,0,0,0,0,-7,0,0.252163053,0.082999997,0,0,0,0.00026335,0.00026335,0
ROMANIA,360,1959,2,0,0,0,0.360000014,9.801233292,2.890371799,0,0,0,0,-7,0,0.252163053,0.082999997,0,0,0,0.00026335,0.00026335,0
ROMANIA,360,1960,2,0,0,0,0.375,9.812249184,2.890371799,0,0,0,0,-7,0,0.252163053,0.082999997,0,0,0,0.00026335,0.00026335,0
ROMANIA,360,1961,2,0,0,0,0.430999994,9.820268631,2.890371799,0,0,0,0,-7,0,0.252163053,0.082999997,0,0,0,0.00026335,0.00026335,0
ROMANIA,360,1962,2,0,0,0,0.469000012,9.827577591,2.890371799,0,0,0,0,-7,0,0.252163053,0.082999997,0,0,0,0.00026335,0.00026335,0
ROMANIA,360,1963,2,0,0,0,0.465999991,9.834834099,2.890371799,0,0,0,0,-7,0,0.252163053,0.082999997,0,0,0,0.00026335,0.00026335,0
ROMANIA,360,1964,2,0,0,0,0.509000003,9.842144012,2.890371799,0,0,0,0,-7,0,0.252163053,0.082999997,0,0,0,0.00026335,0.00026335,0
ROMANIA,360,1965,2,0,0,0,0.533999979,9.852457047,2.890371799,0,0,0,0,-7,0,0.252163053,0.082999997,0,0,0,0.00026335,0.00026335,0
ROMANIA,360,1966,2,0,0,0,0.589999974,9.862770081,2.890371799,0,0,0,0,-7,0,0.252163053,0.082999997,0,0,0,0.00026335,0.00026335,0
ROMANIA,360,1967,2,0,0,0,0.605000019,9.873080254,2.890371799,0,0,0,0,-7,0,0.252163053,0.082999997,0,0,0,0.00026335,0.00026335,0
ROMANIA,360,1968,2,0,0,0,0.660000026,9.883386612,2.890371799,0,0,0,0,-7,0,0.252163053,0.082999997,0,0,0,0.00026335,0.00026335,0
ROMANIA,360,1969,2,0,0,0,0.698000014,9.893690109,2.890371799,0,0,0,0,-7,0,0.252163053,0.082999997,0,0,0,0.00026335,0.00026335,0
ROMANIA,360,1970,2,0,0,0,0.744000018,9.903987885,2.890371799,0,0,0,0,-7,0,0.252163053,0.082999997,0,0,0,0.00026335,0.00026335,0
ROMANIA,360,1971,2,0,0,0,0.809000015,9.91605854,2.890371799,0,0,0,0,-7,0,0.252163053,0.082999997,0,0,0,0.00026335,0.00026335,0
ROMANIA,360,1972,2,0,0,0,0.861999989,9.926715851,2.890371799,0,0,0,0,-7,0,0.252163053,0.082999997,0,0,0,0.00026335,0.00026335,0
ROMANIA,360,1973,2,0,0,0,0.93599999,9.936100006,2.890371799,0,0,0,0,-7,0,0.252163053,0.082999997,0,0,0,0.00026335,0.00026335,0
ROMANIA,360,1974,2,0,0,0,1.029000044,9.94405365,2.890371799,0,0,0,0,-7,0,0.252163053,0.082999997,0,0,0,0.00026335,0.00026335,0
ROMANIA,360,1975,2,0,0,0,1.103000045,9.953658104,2.890371799,0,0,0,0,-7,0,0.252163053,0.082999997,0,0,0,0.00026335,0.00026335,0
ROMANIA,360,1976,2,0,0,0,1.230000019,9.963876724,2.890371799,0,0,0,0,-7,0,0.252163053,0.082999997,0,0,0,0.00026335,0.00026335,0
ROMANIA,360,1977,2,0,0,0,1.366999984,9.973293304,2.890371799,0,0,0,0,-7,0,0.252163053,0.082999997,0,0,0,0.00026335,0.00026335,0
ROMANIA,360,1978,2,0,0,0,1.411999941,9.983130455,2.890371799,0,0,0,0,-8,0,0.252163053,0.082999997,0,0,0,0.00026335,0.00026335,0
ROMANIA,360,1979,2,0,0,0,1.523000002,9.992184639,2.890371799,0,0,0,0,-8,0,0.252163053,0.082999997,0,0,0,0.00026335,0.00026335,0
ROMANIA,360,1980,2,0,0,0,1.529999971,10.00097752,2.890371799,0,0,0,0,-8,0,0.252163053,0.082999997,0,0,0,0.00026335,0.00026335,0
ROMANIA,360,1981,2,0,0,0,1.422000051,10.00789261,2.890371799,0,0,0,0,-8,0,0.252163053,0.082999997,0,0,0,0.00026335,0.00026335,0
ROMANIA,360,1982,2,0,0,0,1.411999941,10.01471615,2.890371799,0,0,0,0,-8,0,0.252163053,0.082999997,0,0,0,0.00026335,0.00026335,0
ROMANIA,360,1983,2,0,0,0,1.529000044,10.02029228,2.890371799,0,0,0,0,-8,0,0.252163053,0.082999997,0,0,0,0.00026335,0.00026335,0
ROMANIA,360,1984,2,0,0,0,1.748000026,10.02362347,2.890371799,0,0,0,0,-8,0,0.252163053,0.082999997,0,0,0,0.00026335,0.00026335,0
ROMANIA,360,1985,2,0,0,0,1.812999964,10.02681065,2.890371799,0,0,0,0,-8,0,0.252163053,0.082999997,0,0,0,0.00026335,0.00026335,0
ROMANIA,360,1986,2,0,0,0,1.995000005,10.03122139,2.890371799,0,0,0,0,-8,0,0.252163053,0.082999997,0,0,0,0.00026335,0.00026335,0
ROMANIA,360,1987,2,0,0,0,2.005000114,10.03556824,2.890371799,0,0,0,0,-8,0,0.252163053,0.082999997,0,0,0,0.00026335,0.00026335,0
ROMANIA,360,1988,2,0,0,0,2.020999908,10.04063702,2.890371799,0,0,0,0,-8,0,0.252163053,0.082999997,0,0,0,0.00026335,0.00026335,0
ROMANIA,360,1989,2,0,0,0,2.088999987,10.04559422,2.890371799,0,0,0,0,-8,0,0.252163053,0.082999997,0,0,0,0.00026335,0.00026335,0
ROMANIA,360,1990,2,0,0,0,2.042999983,10.04983616,2.890371799,0,0,0,1,-2,1,0.252163053,0.082999997,0,0,0,0.00026335,0.00026335,0
ROMANIA,360,1991,2,0,0,0,1.922000051,10.0522089,2.890371799,0,0,0,1,5,1,0.252163053,0.082999997,0,0,0,0.00026335,0.00026335,0
ROMANIA,360,1992,2,0,0,0,1.674999952,10.05160618,2.890371799,0,0,0,1,5,1,0.252163053,0.082999997,0,0,0,0.00026335,0.00026335,0
ROMANIA,360,1993,2,0,0,0,1.554999948,10.03223228,2.890371799,0,0,0,1,5,1,0.252163053,0.082999997,0,0,0,0.00026335,0.00026335,0
ROMANIA,360,1994,2,0,0,0,1.58099997,10.03254032,2.890371799,0,0,0,0,5,1,0.252163053,0.082999997,0,0,0,0.00026335,0.00026335,0
ROMANIA,360,1995,2,0,0,0,1.644999981,10.0314846,2.890371799,0,0,0,0,5,1,0.252163053,0.082999997,0,0,0,0.00026335,0.00026335,0
ROMANIA,360,1996,2,0,0,0,1.766000032,10.02928257,2.890371799,0,0,0,0,5,1,0.252163053,0.082999997,0,0,0,0.00026335,0.00026335,0
ROMANIA,360,1997,2,0,0,0,1.840999961,10.02605915,2.890371799,0,0,0,1,8,0,0.252163053,0.082999997,0,0,0,0.00026335,0.00026335,0
ROMANIA,360,1998,2,0,0,0,1.723999977,10.02366734,2.890371799,0,0,0,1,8,0,0.252163053,0.082999997,0,0,0,0.00026335,0.00026335,0
ROMANIA,360,1999,2,0,0,0,1.643000007,10.02058411,2.890371799,0,0,0,1,8,0,0.252163053,0.082999997,0,0,0,0.00026335,0.00026335,0
RUSSIA,365,1945,2,0,0,0,1.786999941,12.040555,2.721295357,1,0,0,0,-9,0,0.666593015,0.153999999,1,1,0,0.021761744,0.021761744,0
RUSSIA,365,1946,2,4,2,0,1.786999941,12.040555,2.721295357,1,0,0,0,-9,0,0.666593015,0.153999999,1,1,0,0.021761744,0.021761744,0
RUSSIA,365,1947,2,0,0,1,1.863999963,12.03982925,2.721295357,1,0,0,0,-9,0,0.666593015,0.153999999,1,1,0,0.021761744,0.021761744,0
RUSSIA,365,1948,2,0,0,1,1.881000042,12.05655098,2.721295357,1,0,0,0,-9,0,0.666593015,0.153999999,1,1,0,0.021761744,0.021761744,0
RUSSIA,365,1949,2,0,0,1,1.889000058,12.07327271,2.721295357,1,0,0,0,-9,0,0.666593015,0.153999999,1,1,0,0.021761744,0.021761744,0
RUSSIA,365,1950,2,0,0,1,1.950000048,12.0899992,2.721295357,1,0,0,0,-9,0,0.666593015,0.153999999,1,1,0,0.021761744,0.021761744,0
RUSSIA,365,1951,2,0,0,1,1.995000005,12.10672188,2.721295357,1,0,0,0,-9,0,0.666593015,0.153999999,1,1,0,0.021761744,0.021761744,0
RUSSIA,365,1952,2,0,0,0,2.052000046,12.12344646,2.721295357,1,0,0,0,-9,0,0.666593015,0.153999999,1,1,0,0.021761744,0.021761744,0
RUSSIA,365,1953,2,0,0,0,2.128000021,12.14016819,2.721295357,1,0,0,0,-9,0,0.666593015,0.153999999,0,0,0,0.021761744,0.021761744,0
RUSSIA,365,1954,2,0,0,0,2.196000099,12.15689278,2.721295357,1,0,0,0,-7,0,0.666593015,0.153999999,0,0,0,0.021761744,0.021761744,0
RUSSIA,365,1955,2,0,0,0,2.244999886,12.17361641,2.721295357,1,0,0,0,-7,0,0.666593015,0.153999999,0,0,0,0.021761744,0.021761744,0
RUSSIA,365,1956,2,0,0,0,2.257999897,12.19033909,2.721295357,1,0,0,0,-7,0,0.666593015,0.153999999,0,0,0,0.021761744,0.021761744,0
RUSSIA,365,1957,2,0,0,0,2.332000017,12.20707226,2.721295357,1,0,0,0,-7,0,0.666593015,0.153999999,0,0,0,0.021761744,0.021761744,0
RUSSIA,365,1958,2,0,0,0,2.374000072,12.22379017,2.721295357,1,0,0,0,-7,0,0.666593015,0.153999999,0,0,0,0.021761744,0.021761744,0
RUSSIA,365,1959,2,0,0,0,2.447999954,12.24051285,2.721295357,1,0,0,0,-7,0,0.666593015,0.153999999,0,0,0,0.021761744,0.021761744,0
RUSSIA,365,1960,2,0,0,0,2.539999962,12.25724125,2.721295357,1,0,0,0,-7,0,0.666593015,0.153999999,0,0,0,0.021761744,0.021761744,0
RUSSIA,365,1961,2,0,0,0,2.397000074,12.27559853,2.721295357,1,0,0,0,-7,0,0.666593015,0.153999999,0,0,0,0.021761744,0.021761744,0
RUSSIA,365,1962,2,0,0,0,2.542000055,12.29177284,2.721295357,1,0,0,0,-7,0,0.666593015,0.153999999,0,0,0,0.021761744,0.021761744,0
RUSSIA,365,1963,2,0,0,0,2.655999899,12.30794716,2.721295357,1,0,0,0,-7,0,0.666593015,0.153999999,0,0,0,0.021761744,0.021761744,0
RUSSIA,365,1964,2,0,0,0,2.680999994,12.32412243,2.721295357,1,0,0,0,-7,0,0.666593015,0.153999999,0,0,0,0.021761744,0.021761744,0
RUSSIA,365,1965,2,0,0,0,2.854000092,12.33521748,2.721295357,1,0,0,0,-7,0,0.666593015,0.153999999,0,0,0,0.021761744,0.021761744,0
RUSSIA,365,1966,2,0,0,0,3.049000025,12.34630871,2.721295357,1,0,0,0,-7,0,0.666593015,0.153999999,0,0,0,0.021761744,0.021761744,0
RUSSIA,365,1967,2,0,0,0,3.246999979,12.35740185,2.721295357,1,0,0,0,-7,0,0.666593015,0.153999999,0,0,0,0.021761744,0.021761744,0
RUSSIA,365,1968,2,0,0,0,3.453999996,12.36849785,2.721295357,1,0,0,0,-7,0,0.666593015,0.153999999,0,0,0,0.021761744,0.021761744,0
RUSSIA,365,1969,2,0,0,0,3.730000019,12.37958908,2.721295357,1,0,0,0,-7,0,0.666593015,0.153999999,0,0,0,0.021761744,0.021761744,0
RUSSIA,365,1970,2,0,0,0,3.808000088,12.39068317,2.721295357,1,0,0,0,-7,0,0.666593015,0.153999999,0,0,0,0.021761744,0.021761744,0
RUSSIA,365,1971,2,0,0,0,4.087999821,12.39986992,2.721295357,1,0,0,0,-7,0,0.666593015,0.153999999,0,0,0,0.021761744,0.021761744,0
RUSSIA,365,1972,2,0,0,0,4.281000137,12.4088335,2.721295357,1,0,0,0,-7,0,0.666593015,0.153999999,0,0,0,0.021761744,0.021761744,0
RUSSIA,365,1973,2,0,0,0,4.428999901,12.417799,2.721295357,1,0,0,0,-7,0,0.666593015,0.153999999,0,0,0,0.021761744,0.021761744,0
RUSSIA,365,1974,2,0,0,0,4.772999763,12.42676544,2.721295357,1,0,0,0,-7,0,0.666593015,0.153999999,0,0,0,0.021761744,0.021761744,0
RUSSIA,365,1975,2,0,0,0,4.989999771,12.43573093,2.721295357,1,1,0,0,-7,0,0.666593015,0.153999999,0,0,0,0.021761744,0.021761744,0
RUSSIA,365,1976,2,0,0,0,5.193999767,12.44469547,2.721295357,1,1,0,0,-7,0,0.666593015,0.153999999,0,0,0,0.021761744,0.021761744,0
RUSSIA,365,1977,2,0,0,0,5.440000057,12.45365906,2.721295357,1,1,0,0,-7,0,0.666593015,0.153999999,0,0,0,0.021761744,0.021761744,0
RUSSIA,365,1978,2,0,0,0,5.65899992,12.4626236,2.721295357,1,1,0,0,-7,0,0.666593015,0.153999999,0,0,0,0.021761744,0.021761744,0
RUSSIA,365,1979,2,0,0,0,5.874000072,12.47159004,2.721295357,1,1,0,0,-7,0,0.666593015,0.153999999,0,0,0,0.021761744,0.021761744,0
RUSSIA,365,1980,2,0,0,0,5.946000099,12.48055553,2.721295357,1,1,0,0,-7,0,0.666593015,0.153999999,0,0,0,0.021761744,0.021761744,0
RUSSIA,365,1981,2,0,0,0,6.118999958,12.48952103,2.721295357,1,1,0,0,-7,0,0.666593015,0.153999999,0,0,0,0.021761744,0.021761744,0
RUSSIA,365,1982,2,0,0,0,6.300000191,12.49769688,2.721295357,1,1,0,0,-7,0,0.666593015,0.153999999,0,0,0,0.021761744,0.021761744,0
RUSSIA,365,1983,2,0,0,0,6.499000072,12.50670338,2.721295357,1,1,0,0,-7,0,0.666593015,0.153999999,0,0,0,0.021761744,0.021761744,0
RUSSIA,365,1984,2,0,0,0,6.736999989,12.51570988,2.721295357,1,1,0,0,-7,0,0.666593015,0.153999999,0,0,0,0.021761744,0.021761744,0
RUSSIA,365,1985,2,0,0,0,6.946000099,12.52471542,2.721295357,1,1,0,0,-7,0,0.666593015,0.153999999,0,0,0,0.021761744,0.021761744,0
RUSSIA,365,1986,2,0,0,0,7.048999786,12.53372002,2.721295357,1,1,0,0,-7,0,0.666593015,0.153999999,0,0,0,0.021761744,0.021761744,0
RUSSIA,365,1987,2,0,0,0,7.181000233,12.54264832,2.721295357,1,1,0,0,-7,0,0.666593015,0.153999999,0,0,0,0.021761744,0.021761744,0
RUSSIA,365,1988,2,0,0,0,7.275000095,12.55157566,2.721295357,1,1,0,0,-7,0,0.666593015,0.153999999,0,0,0,0.021761744,0.021761744,0
RUSSIA,365,1989,2,0,0,0,7.616000175,12.56050396,2.721295357,1,1,0,0,-6,0,0.666593015,0.153999999,0,0,0,0.021761744,0.021761744,0
RUSSIA,365,1990,2,0,0,0,7.741000175,12.56943035,2.721295357,1,1,0,0,-4,1,0.666593015,0.153999999,0,0,0,0.021761744,0.021761744,0
RUSSIA,365,1991,2,0,0,0,7.480000019,11.90693855,2.721295357,1,1,0,1,0,1,0.333092988,0.037999999,0,0,0,7.55E-06,7.55E-06,0
RUSSIA,365,1992,2,0,0,0,7.085999966,11.9065876,2.721295357,1,1,0,1,0,1,0.333092988,0.037999999,0,0,0,7.55E-06,7.55E-06,0
RUSSIA,365,1993,2,0,0,0,6.053999901,11.9096117,2.721295357,1,1,0,1,6,0,0.333092988,0.037999999,0,0,0,7.55E-06,7.55E-06,0
RUSSIA,365,1994,2,1,2,0,5.535999775,11.90847492,2.721295357,1,1,0,1,4,1,0.333092988,0.037999999,0,0,0,7.55E-06,7.55E-06,0
RUSSIA,365,1995,2,0,0,1,4.846000195,11.90723515,2.721295357,1,1,0,1,4,1,0.333092988,0.037999999,0,0,0,7.55E-06,7.55E-06,0
RUSSIA,365,1996,2,0,0,1,4.651000023,11.90592003,2.721295357,1,1,0,0,4,1,0.333092988,0.037999999,0,0,0,7.55E-06,7.55E-06,0
RUSSIA,365,1997,2,0,0,1,4.505000114,11.90320301,2.721295357,1,1,0,0,4,1,0.333092988,0.037999999,0,0,0,7.55E-06,7.55E-06,0
RUSSIA,365,1998,2,0,0,0,4.559000015,11.90027428,2.721295357,1,1,0,0,4,1,0.333092988,0.037999999,0,0,0,7.55E-06,7.55E-06,0
RUSSIA,365,1999,2,1,2,0,4.350999832,11.89763641,2.721295357,1,1,0,0,4,1,0.333092988,0.037999999,0,0,0,7.55E-06,7.55E-06,0
ESTONIA,366,1991,2,0,0,0,5.388000011,7.365180016,0,0,0,1,0,6,0,0.524307847,0.280000001,0,0,0,0.077119022,0.077119022,0
ESTONIA,366,1992,2,0,0,0,5.388000011,7.365180016,0,0,0,1,0,6,0,0.524307847,0.280000001,0,0,0,0.077119022,0.077119022,0
ESTONIA,366,1993,2,0,0,0,4.308000088,7.339537621,0,0,0,0,0,6,0,0.524307847,0.280000001,0,0,0,0.077119022,0.077119022,0
ESTONIA,366,1994,2,0,0,0,4.018000126,7.323830605,0,0,0,0,0,6,0,0.524307847,0.280000001,0,0,0,0.077119022,0.077119022,0
ESTONIA,366,1995,2,0,0,0,3.984999895,7.312553406,0,0,0,0,0,6,0,0.524307847,0.280000001,0,0,0,0.077119022,0.077119022,0
ESTONIA,366,1996,2,0,0,0,4.197999954,7.302496433,0,0,0,0,0,6,0,0.524307847,0.280000001,0,0,0,0.077119022,0.077119022,0
ESTONIA,366,1997,2,0,0,0,4.407000065,7.29029274,0,0,0,0,0,6,0,0.524307847,0.280000001,0,0,0,0.077119022,0.077119022,0
ESTONIA,366,1998,2,0,0,0,4.912000179,7.284813881,0,0,0,0,0,6,0,0.524307847,0.280000001,0,0,0,0.077119022,0.077119022,0
ESTONIA,366,1999,2,0,0,0,5.172999859,7.274722099,0,0,0,0,0,6,0,0.524307847,0.280000001,0,0,0,0.077119022,0.077119022,0
LATVIA,367,1991,2,0,0,0,5.868999958,7.886081219,0,0,0,1,0,8,0,0.609375,0.30399999,0,0,0,0.143642795,0.143642795,0
LATVIA,367,1992,2,0,0,0,5.868999958,7.886081219,0,0,0,1,0,8,0,0.609375,0.30399999,0,0,0,0.143642795,0.143642795,0
LATVIA,367,1993,2,0,0,0,3.868000031,7.87473917,0,0,0,0,0,8,0,0.609375,0.30399999,0,0,0,0.143642795,0.143642795,0
LATVIA,367,1994,2,0,0,0,3.351999998,7.857867718,0,0,0,0,0,8,0,0.609375,0.30399999,0,0,0,0.143642795,0.143642795,0
LATVIA,367,1995,2,0,0,0,3.421999931,7.843063831,0,0,0,0,0,8,0,0.609375,0.30399999,0,0,0,0.143642795,0.143642795,0
LATVIA,367,1996,2,0,0,0,3.440000057,7.830425739,0,0,0,0,0,8,0,0.609375,0.30399999,0,0,0,0.143642795,0.143642795,0
LATVIA,367,1997,2,0,0,0,3.589999914,7.820439339,0,0,0,0,0,8,0,0.609375,0.30399999,0,0,0,0.143642795,0.143642795,0
LATVIA,367,1998,2,0,0,0,3.930999994,7.809947014,0,0,0,0,0,8,0,0.609375,0.30399999,0,0,0,0.143642795,0.143642795,0
LATVIA,367,1999,2,0,0,0,4.118999958,7.800339222,0,0,0,0,0,8,0,0.609375,0.30399999,0,0,0,0.143642795,0.143642795,0
LITHUANIA,368,1991,2,0,0,0,4.28000021,8.227108002,0,0,0,1,0,10,0,0.346490681,0.086999997,0,0,0,0.00038509,0.00038509,0
LITHUANIA,368,1992,2,0,0,0,4.28000021,8.227108002,0,0,0,1,0,10,0,0.346490681,0.086999997,0,0,0,0.00038509,0.00038509,0
LITHUANIA,368,1993,2,0,0,0,3.369999886,8.226840973,0,0,0,0,0,10,0,0.346490681,0.086999997,0,0,0,0.00038509,0.00038509,0
LITHUANIA,368,1994,2,0,0,0,2.832000017,8.224163055,0,0,0,0,0,10,0,0.346490681,0.086999997,0,0,0,0.00038509,0.00038509,0
LITHUANIA,368,1995,2,0,0,0,2.562000036,8.221747398,0,0,0,0,0,10,0,0.346490681,0.086999997,0,0,0,0.00038509,0.00038509,0
LITHUANIA,368,1996,2,0,0,0,2.650000095,8.220133781,0,0,0,0,0,10,0,0.346490681,0.086999997,0,0,0,0.00038509,0.00038509,0
LITHUANIA,368,1997,2,0,0,0,2.779999971,8.218517303,0,0,0,0,0,10,0,0.346490681,0.086999997,0,0,0,0.00038509,0.00038509,0
LITHUANIA,368,1998,2,0,0,0,2.984999895,8.217597961,0,0,0,0,0,10,0,0.346490681,0.086999997,0,0,0,0.00038509,0.00038509,0
LITHUANIA,368,1999,2,0,0,0,3.140000105,8.215376854,0,0,0,0,0,10,0,0.346490681,0.086999997,0,0,0,0.00038509,0.00038509,0
UKRAINE,369,1991,2,0,0,0,4.893000126,10.85784435,1.744190216,0,0,1,0,6,0,0.418604672,0.219999999,0,0,0,3.92E-09,3.92E-09,-1
UKRAINE,369,1992,2,0,0,0,4.893000126,10.85784435,1.744190216,0,0,1,0,6,0,0.418604672,0.219999999,0,0,0,3.92E-09,3.92E-09,-1
UKRAINE,369,1993,2,0,0,0,4.394000053,10.86091995,1.744190216,0,0,0,0,6,0,0.418604672,0.219999999,0,0,0,3.92E-09,3.92E-09,-1
UKRAINE,369,1994,2,0,0,0,3.76699996,10.86243534,1.744190216,0,0,0,0,6,0,0.418604672,0.219999999,0,0,0,3.92E-09,3.92E-09,-1
UKRAINE,369,1995,2,0,0,0,2.917999983,10.85747814,1.744190216,0,0,0,0,6,0,0.418604672,0.219999999,0,0,0,3.92E-09,3.92E-09,-1
UKRAINE,369,1996,2,0,0,0,2.582000017,10.84993839,1.744190216,0,0,0,0,6,0,0.418604672,0.219999999,0,0,0,3.92E-09,3.92E-09,-1
UKRAINE,369,1997,2,0,0,0,2.342000008,10.84181404,1.744190216,0,0,0,0,7,0,0.418604672,0.219999999,0,0,0,3.92E-09,3.92E-09,-1
UKRAINE,369,1998,2,0,0,0,2.290999889,10.83364201,1.744190216,0,0,0,0,7,0,0.418604672,0.219999999,0,0,0,3.92E-09,3.92E-09,-1
UKRAINE,369,1999,2,0,0,0,2.265000105,10.8252039,1.744190216,0,0,0,0,7,0,0.418604672,0.219999999,0,0,0,3.92E-09,3.92E-09,-1
BELARUS,370,1991,2,0,0,0,5.092999935,9.236982346,0,0,0,1,0,7,0,0.402913809,0.131999999,0,0,0,5.61E-06,5.61E-06,-1
BELARUS,370,1992,2,0,0,0,5.092999935,9.236982346,0,0,0,1,0,7,0,0.402913809,0.131999999,0,0,0,5.61E-06,5.61E-06,-1
BELARUS,370,1993,2,0,0,0,4.583000183,9.241257668,0,0,0,0,0,7,0,0.402913809,0.131999999,0,0,0,5.61E-06,5.61E-06,-1
BELARUS,370,1994,2,0,0,0,4.215000153,9.245417595,0,0,0,0,0,7,0,0.402913809,0.131999999,0,0,0,5.61E-06,5.61E-06,-1
BELARUS,370,1995,2,0,0,0,3.684999943,9.245321274,0,0,0,0,0,7,0,0.402913809,0.131999999,0,0,0,5.61E-06,5.61E-06,-1
BELARUS,370,1996,2,0,0,0,3.312000036,9.242711067,0,0,0,0,1,0,1,0.402913809,0.131999999,0,0,0,5.61E-06,5.61E-06,-1
BELARUS,370,1997,2,0,0,0,3.414999962,9.239705086,0,0,0,0,1,-7,0,0.402913809,0.131999999,0,0,0,5.61E-06,5.61E-06,-1
BELARUS,370,1998,2,0,0,0,3.782000065,9.236690521,0,0,0,0,1,-7,0,0.402913809,0.131999999,0,0,0,5.61E-06,5.61E-06,-1
BELARUS,370,1999,2,0,0,0,4.133999825,9.233372688,0,0,0,0,1,-7,0,0.402913809,0.131999999,0,0,0,5.61E-06,5.61E-06,-1
ARMENIA,371,1991,2,0,0,0,3.875999928,8.19146347,2.805564404,0,0,1,0,7,0,0.115044236,0.029999999,0,0,0,1.09E-06,1.09E-06,0
ARMENIA,371,1992,2,0,0,0,3.875999928,8.19146347,2.805564404,0,0,1,0,7,0,0.115044236,0.029999999,0,0,0,1.09E-06,1.09E-06,0
ARMENIA,371,1993,2,0,0,0,2.211999893,8.213381767,2.805564404,0,0,0,0,7,0,0.115044236,0.029999999,0,0,0,1.09E-06,1.09E-06,0
ARMENIA,371,1994,2,0,0,0,1.991999984,8.224431992,2.805564404,0,0,0,0,7,0,0.115044236,0.029999999,0,0,0,1.09E-06,1.09E-06,0
ARMENIA,371,1995,2,0,0,0,2.09100008,8.228711128,2.805564404,0,0,0,0,6,0,0.115044236,0.029999999,0,0,0,1.09E-06,1.09E-06,0
ARMENIA,371,1996,2,0,0,0,2.227999926,8.23217392,2.805564404,0,0,0,1,3,1,0.115044236,0.029999999,0,0,0,1.09E-06,1.09E-06,0
ARMENIA,371,1997,2,0,0,0,2.349999905,8.235890388,2.805564404,0,0,0,1,-6,0,0.115044236,0.029999999,0,0,0,1.09E-06,1.09E-06,0
ARMENIA,371,1998,2,0,0,0,2.420000076,8.239421844,2.805564404,0,0,0,1,-6,0,0.115044236,0.029999999,0,0,0,1.09E-06,1.09E-06,0
ARMENIA,371,1999,2,0,0,0,2.586999893,8.24275589,2.805564404,0,0,0,1,5,1,0.115044236,0.029999999,0,0,0,1.09E-06,1.09E-06,0
GEORGIA,372,1991,2,0,0,0,3.828000069,8.605203629,4.123903275,0,0,1,0,4,1,0.495510042,0.081,0,0,0,0.000668915,0.000668915,0
GEORGIA,372,1992,2,1,2,0,3.828000069,8.605203629,4.123903275,0,0,1,0,4,1,0.495510042,0.081,0,0,0,0.000668915,0.000668915,0
GEORGIA,372,1993,2,0,0,1,2.289000034,8.604269981,4.123903275,0,0,0,0,4,1,0.495510042,0.081,0,0,0,0.000668915,0.000668915,0
GEORGIA,372,1994,2,0,0,1,1.391000032,8.601258278,4.123903275,0,0,0,0,4,1,0.495510042,0.081,0,0,0,0.000668915,0.000668915,0
GEORGIA,372,1995,2,0,0,1,1.235999942,8.598957062,4.123903275,0,0,0,0,4,1,0.495510042,0.081,0,0,0,0.000668915,0.000668915,0
GEORGIA,372,1996,2,0,0,0,1.268000007,8.597297668,4.123903275,0,0,0,0,5,1,0.495510042,0.081,0,0,0,0.000668915,0.000668915,0
GEORGIA,372,1997,2,0,0,0,1.399999976,8.5978508,4.123903275,0,0,0,0,5,1,0.495510042,0.081,0,0,0,0.000668915,0.000668915,0
GEORGIA,372,1998,2,0,0,0,1.547999978,8.599197388,4.123903275,0,0,0,0,5,1,0.495510042,0.081,0,0,0,0.000668915,0.000668915,0
GEORGIA,372,1999,2,0,0,0,1.590000033,8.600614548,4.123903275,0,0,0,0,5,1,0.495510042,0.081,0,0,0,0.000668915,0.000668915,0
AZERBAIJAN,373,1991,2,0,0,0,3.194000006,8.887652397,3.280911207,1,1,1,0,-3,1,0.303524137,0.032000002,0,0,0,2.95E-06,2.95E-06,0
AZERBAIJAN,373,1992,2,1,2,0,3.194000006,8.887652397,3.280911207,1,1,1,0,-3,1,0.303524137,0.032000002,0,0,0,2.95E-06,2.95E-06,0
AZERBAIJAN,373,1993,2,0,0,1,2.039000034,8.90788269,3.280911207,1,1,0,1,1,1,0.303524137,0.032000002,0,0,0,2.95E-06,2.95E-06,0
AZERBAIJAN,373,1994,2,0,0,1,1.769999981,8.909235001,3.280911207,1,1,0,1,-3,1,0.303524137,0.032000002,0,0,0,2.95E-06,2.95E-06,0
AZERBAIJAN,373,1995,2,0,0,1,1.274999976,8.917176247,3.280911207,1,1,0,1,-3,1,0.303524137,0.032000002,0,0,0,2.95E-06,2.95E-06,0
AZERBAIJAN,373,1996,2,0,0,0,1.111999989,8.924123764,3.280911207,1,1,0,1,-6,0,0.303524137,0.032000002,0,0,0,2.95E-06,2.95E-06,0
AZERBAIJAN,373,1997,2,0,0,0,1.11500001,8.929965019,3.280911207,1,1,0,1,-6,0,0.303524137,0.032000002,0,0,0,2.95E-06,2.95E-06,0
AZERBAIJAN,373,1998,2,0,0,0,1.167999983,8.962391853,3.280911207,1,1,0,1,-6,0,0.303524137,0.032000002,0,0,0,2.95E-06,2.95E-06,0
AZERBAIJAN,373,1999,2,0,0,0,1.273000002,8.974365234,3.280911207,1,1,0,0,-7,0,0.303524137,0.032000002,0,0,0,2.95E-06,2.95E-06,0
FINLAND,375,1945,0,0,0,0,2.897000074,8.245646477,0.157003745,0,0,0,0,10,0,0.158902526,0.059999999,1,1,0,0,0,-1
FINLAND,375,1946,0,0,0,0,2.897000074,8.245646477,0.157003745,0,0,0,0,10,0,0.158902526,0.059999999,0,0,0,0,0,-1
FINLAND,375,1947,0,0,0,0,2.953000069,8.244334221,0.157003745,0,0,0,0,10,0,0.158902526,0.059999999,0,0,0,0,0,-1
FINLAND,375,1948,0,0,0,0,3.111000061,8.258163452,0.157003745,0,0,0,0,10,0,0.158902526,0.059999999,0,0,0,0,0,-1
FINLAND,375,1949,0,0,0,0,3.371999979,8.271803856,0.157003745,0,0,0,0,10,0,0.158902526,0.059999999,0,0,0,0,0,-1
FINLAND,375,1950,0,0,0,0,3.306999922,8.28475666,0.157003745,0,0,0,0,10,0,0.158902526,0.059999999,0,0,0,0,0,-1
FINLAND,375,1951,0,0,0,0,3.506000042,8.296297073,0.157003745,0,0,0,0,10,0,0.158902526,0.059999999,0,0,0,0,0,-1
FINLAND,375,1952,0,0,0,0,3.851999998,8.307458878,0.157003745,0,0,0,0,10,0,0.158902526,0.059999999,0,0,0,0,0,-1
FINLAND,375,1953,0,0,0,0,4.000999928,8.318498611,0.157003745,0,0,0,0,10,0,0.158902526,0.059999999,0,0,0,0,0,-1
FINLAND,375,1954,0,0,0,0,3.865999937,8.329417229,0.157003745,0,0,0,0,10,0,0.158902526,0.059999999,0,0,0,0,0,-1
FINLAND,375,1955,0,0,0,0,4.227000237,8.340456009,0.157003745,0,0,0,0,10,0,0.158902526,0.059999999,0,0,0,0,0,-1
FINLAND,375,1956,0,0,0,0,4.522999763,8.351139069,0.157003745,0,0,0,0,10,0,0.158902526,0.059999999,0,0,0,0,0,-1
FINLAND,375,1957,0,0,0,0,4.599999905,8.360305786,0.157003745,0,0,0,0,10,0,0.158902526,0.059999999,0,0,0,0,0,-1
FINLAND,375,1958,0,0,0,0,4.589000225,8.36938858,0.157003745,0,0,0,0,10,0,0.158902526,0.059999999,0,0,0,0,0,-1
FINLAND,375,1959,0,0,0,0,4.517000198,8.378390312,0.157003745,0,0,0,0,10,0,0.158902526,0.059999999,0,0,0,0,0,-1
FINLAND,375,1960,0,0,0,0,4.828999996,8.387311935,0.157003745,0,0,0,0,10,0,0.158902526,0.059999999,0,0,0,0,0,-1
FINLAND,375,1961,0,0,0,0,5.290999889,8.396154404,0.157003745,0,0,0,0,10,0,0.158902526,0.059999999,0,0,0,0,0,-1
FINLAND,375,1962,0,0,0,0,5.673999786,8.403128624,0.157003745,0,0,0,0,10,0,0.158902526,0.059999999,0,0,0,0,0,-1
FINLAND,375,1963,0,0,0,0,5.743000031,8.409831047,0.157003745,0,0,0,0,10,0,0.158902526,0.059999999,0,0,0,0,0,-1
FINLAND,375,1964,0,0,0,0,5.828999996,8.416931152,0.157003745,0,0,0,0,10,0,0.158902526,0.059999999,0,0,0,0,0,-1
FINLAND,375,1965,0,0,0,0,6.144999981,8.422662735,0.157003745,0,0,0,0,10,0,0.158902526,0.059999999,0,0,0,0,0,-1
FINLAND,375,1966,0,0,0,0,6.513999939,8.425954819,0.157003745,0,0,0,0,10,0,0.158902526,0.059999999,0,0,0,0,0,-1
FINLAND,375,1967,0,0,0,0,6.596000195,8.429672241,0.157003745,0,0,0,0,10,0,0.158902526,0.059999999,0,0,0,0,0,-1
FINLAND,375,1968,0,0,0,0,6.657000065,8.435114861,0.157003745,0,0,0,0,10,0,0.158902526,0.059999999,0,0,0,0,0,-1
FINLAND,375,1969,0,0,0,0,6.741000175,8.439663887,0.157003745,0,0,0,0,10,0,0.158902526,0.059999999,0,0,0,0,0,-1
FINLAND,375,1970,0,0,0,0,7.412000179,8.439015388,0.157003745,0,0,0,0,10,0,0.158902526,0.059999999,0,0,0,0,0,-1
FINLAND,375,1971,0,0,0,0,8.107999802,8.435114861,0.157003745,0,0,0,0,10,0,0.158902526,0.059999999,0,0,0,0,0,-1
FINLAND,375,1972,0,0,0,0,8.223999977,8.437283516,0.157003745,0,0,0,0,10,0,0.158902526,0.059999999,0,0,0,0,0,-1
FINLAND,375,1973,0,0,0,0,8.751000404,8.442469597,0.157003745,0,0,0,0,10,0,0.158902526,0.059999999,0,0,0,0,0,-1
FINLAND,375,1974,0,0,0,0,9.300000191,8.448057175,0.157003745,0,0,0,0,10,0,0.158902526,0.059999999,0,0,0,0,0,-1
FINLAND,375,1975,0,0,0,0,9.61400032,8.453400612,0.157003745,0,0,0,0,10,0,0.158902526,0.059999999,0,0,0,0,0,-1
FINLAND,375,1976,0,0,0,0,9.609000206,8.457655907,0.157003745,0,0,0,0,10,0,0.158902526,0.059999999,0,0,0,0,0,-1
FINLAND,375,1977,0,0,0,0,9.430999756,8.460834503,0.157003745,0,0,0,0,10,0,0.158902526,0.059999999,0,0,0,0,0,-1
FINLAND,375,1978,0,0,0,0,9.387000084,8.463581085,0.157003745,0,0,0,0,10,0,0.158902526,0.059999999,0,0,0,0,0,-1
FINLAND,375,1979,0,0,0,0,9.505000114,8.4665308,0.157003745,0,0,0,0,10,0,0.158902526,0.059999999,0,0,0,0,0,-1
FINLAND,375,1980,0,0,0,0,10.26200008,8.469053268,0.157003745,0,0,0,0,10,0,0.158902526,0.059999999,0,0,0,0,0,-1
FINLAND,375,1981,0,0,0,0,10.85099983,8.472195625,0.157003745,0,0,0,0,10,0,0.158902526,0.059999999,0,0,0,0,0,-1
FINLAND,375,1982,0,0,0,0,10.90299988,8.476370811,0.157003745,0,0,0,0,10,0,0.158902526,0.059999999,0,0,0,0,0,-1
FINLAND,375,1983,0,0,0,0,11.22799969,8.481980324,0.157003745,0,0,0,0,10,0,0.158902526,0.059999999,0,0,0,0,0,-1
FINLAND,375,1984,0,0,0,0,11.47700024,8.487970352,0.157003745,0,0,0,0,10,0,0.158902526,0.059999999,0,0,0,0,0,-1
FINLAND,375,1985,0,0,0,0,11.74600029,8.493309975,0.157003745,0,0,0,0,10,0,0.158902526,0.059999999,0,0,0,0,0,-1
FINLAND,375,1986,0,0,0,0,12.05099964,8.497398376,0.157003745,0,0,0,0,10,0,0.158902526,0.059999999,0,0,0,0,0,-1
FINLAND,375,1987,0,0,0,0,12.26099968,8.500657082,0.157003745,0,0,0,0,10,0,0.158902526,0.059999999,0,0,0,0,0,-1
FINLAND,375,1988,0,0,0,0,12.72999954,8.503702164,0.157003745,0,0,0,0,10,0,0.158902526,0.059999999,0,0,0,0,0,-1
FINLAND,375,1989,0,0,0,0,13.37699986,8.5073452,0.157003745,0,0,0,0,10,0,0.158902526,0.059999999,0,0,0,0,0,-1
FINLAND,375,1990,0,0,0,0,14.22700024,8.5095644,0.157003745,0,0,0,0,10,0,0.158902526,0.059999999,0,0,0,0,0,-1
FINLAND,375,1991,0,0,0,0,14.05900002,8.514389038,0.157003745,0,0,0,0,10,0,0.158902526,0.059999999,0,0,0,0,0,-1
FINLAND,375,1992,0,0,0,0,12.66300011,8.522976875,0.157003745,0,0,0,0,10,0,0.158902526,0.059999999,0,0,0,0,0,-1
FINLAND,375,1993,0,0,0,0,12,8.526549339,0.157003745,0,0,0,0,10,0,0.158902526,0.059999999,0,0,0,0,0,-1
FINLAND,375,1994,0,0,0,0,11.80599976,8.530306816,0.157003745,0,0,0,0,10,0,0.158902526,0.059999999,0,0,0,0,0,-1
FINLAND,375,1995,0,0,0,0,12.21700001,8.534836769,0.157003745,0,0,0,0,10,0,0.158902526,0.059999999,0,0,0,0,0,-1
FINLAND,375,1996,0,0,0,0,12.63599968,8.538562775,0.157003745,0,0,0,0,10,0,0.158902526,0.059999999,0,0,0,0,0,-1
FINLAND,375,1997,0,0,0,0,13.09899998,8.541885376,0.157003745,0,0,0,0,10,0,0.158902526,0.059999999,0,0,0,0,0,-1
FINLAND,375,1998,0,0,0,0,13.88300037,8.544776917,0.157003745,0,0,0,0,10,0,0.158902526,0.059999999,0,0,0,0,0,-1
FINLAND,375,1999,0,0,0,0,14.60599995,8.547768593,0.157003745,0,0,0,0,10,0,0.158902526,0.059999999,0,0,0,0,0,-1
SWEDEN,380,1945,0,0,0,0,4.967999935,8.72988224,1.280933857,0,0,0,0,10,0,0.082976878,0.023,0,0,0,3.07E-07,3.07E-07,0
SWEDEN,380,1946,0,0,0,0,4.967999935,8.72988224,1.280933857,0,0,0,0,10,0,0.082976878,0.023,0,0,0,3.07E-07,3.07E-07,0
SWEDEN,380,1947,0,0,0,0,5.085000038,8.7289114,1.280933857,0,0,0,0,10,0,0.082976878,0.023,0,0,0,3.07E-07,3.07E-07,0
SWEDEN,380,1948,0,0,0,0,5.272999763,8.825119019,1.280933857,0,0,0,0,10,0,0.082976878,0.023,0,0,0,3.07E-07,3.07E-07,0
SWEDEN,380,1949,0,0,0,0,5.508999825,8.836810112,1.280933857,0,0,0,0,10,0,0.082976878,0.023,0,0,0,3.07E-07,3.07E-07,0
SWEDEN,380,1950,0,0,0,0,5.43900013,8.847359657,1.280933857,0,0,0,0,10,0,0.082976878,0.023,0,0,0,3.07E-07,3.07E-07,0
SWEDEN,380,1951,0,0,0,0,5.80700016,8.8556633,1.280933857,0,0,0,0,10,0,0.082976878,0.023,0,0,0,3.07E-07,3.07E-07,0
SWEDEN,380,1952,0,0,0,0,5.872000217,8.862625122,1.280933857,0,0,0,0,10,0,0.082976878,0.023,0,0,0,3.07E-07,3.07E-07,0
SWEDEN,380,1953,0,0,0,0,6.025000095,8.869679451,1.280933857,0,0,0,0,10,0,0.082976878,0.023,0,0,0,3.07E-07,3.07E-07,0
SWEDEN,380,1954,0,0,0,0,6.079999924,8.876684189,1.280933857,0,0,0,0,10,0,0.082976878,0.023,0,0,0,3.07E-07,3.07E-07,0
SWEDEN,380,1955,0,0,0,0,6.429999828,8.883502007,1.280933857,0,0,0,0,10,0,0.082976878,0.023,0,0,0,3.07E-07,3.07E-07,0
SWEDEN,380,1956,0,0,0,0,6.624000072,8.890410423,1.280933857,0,0,0,0,10,0,0.082976878,0.023,0,0,0,3.07E-07,3.07E-07,0
SWEDEN,380,1957,0,0,0,0,6.775000095,8.896314621,1.280933857,0,0,0,0,10,0,0.082976878,0.023,0,0,0,3.07E-07,3.07E-07,0
SWEDEN,380,1958,0,0,0,0,6.918000221,8.902319908,1.280933857,0,0,0,0,10,0,0.082976878,0.023,0,0,0,3.07E-07,3.07E-07,0
SWEDEN,380,1959,0,0,0,0,7.028999805,8.908288956,1.280933857,0,0,0,0,10,0,0.082976878,0.023,0,0,0,3.07E-07,3.07E-07,0
SWEDEN,380,1960,0,0,0,0,7.363999844,8.914222717,1.280933857,0,0,0,0,10,0,0.082976878,0.023,0,0,0,3.07E-07,3.07E-07,0
SWEDEN,380,1961,0,0,0,0,7.592000008,8.919987679,1.280933857,0,0,0,0,10,0,0.082976878,0.023,0,0,0,3.07E-07,3.07E-07,0
SWEDEN,380,1962,0,0,0,0,7.956999779,8.925321579,1.280933857,0,0,0,0,10,0,0.082976878,0.023,0,0,0,3.07E-07,3.07E-07,0
SWEDEN,380,1963,0,0,0,0,8.232999802,8.930891037,1.280933857,0,0,0,0,10,0,0.082976878,0.023,0,0,0,3.07E-07,3.07E-07,0
SWEDEN,380,1964,0,0,0,0,8.600999832,8.936429977,1.280933857,0,0,0,0,10,0,0.082976878,0.023,0,0,0,3.07E-07,3.07E-07,0
SWEDEN,380,1965,0,0,0,0,9.138999939,8.943898201,1.280933857,0,0,0,0,10,0,0.082976878,0.023,0,0,0,3.07E-07,3.07E-07,0
SWEDEN,380,1966,0,0,0,0,9.402000427,8.953381538,1.280933857,0,0,0,0,10,0,0.082976878,0.023,0,0,0,3.07E-07,3.07E-07,0
SWEDEN,380,1967,0,0,0,0,9.486000061,8.962903976,1.280933857,0,0,0,0,10,0,0.082976878,0.023,0,0,0,3.07E-07,3.07E-07,0
SWEDEN,380,1968,0,0,0,0,9.722999573,8.97055912,1.280933857,0,0,0,0,10,0,0.082976878,0.023,0,0,0,3.07E-07,3.07E-07,0
SWEDEN,380,1969,0,0,0,0,10.01399994,8.976388931,1.280933857,0,0,0,0,10,0,0.082976878,0.023,0,0,0,3.07E-07,3.07E-07,0
SWEDEN,380,1970,0,0,0,0,10.41899967,8.983188629,1.280933857,0,0,0,0,10,0,0.082976878,0.023,0,0,0,3.07E-07,3.07E-07,0
SWEDEN,380,1971,0,0,0,0,10.76599979,8.992557526,1.280933857,0,0,0,0,10,0,0.082976878,0.023,0,0,0,3.07E-07,3.07E-07,0
SWEDEN,380,1972,0,0,0,0,10.76299953,8.999372482,1.280933857,0,0,0,0,10,0,0.082976878,0.023,0,0,0,3.07E-07,3.07E-07,0
SWEDEN,380,1973,0,0,0,0,10.9630003,9.002331734,1.280933857,0,0,0,0,10,0,0.082976878,0.023,0,0,0,3.07E-07,3.07E-07,0
SWEDEN,380,1974,0,0,0,0,11.36299992,9.004177094,1.280933857,0,0,0,0,10,0,0.082976878,0.023,0,0,0,3.07E-07,3.07E-07,0
SWEDEN,380,1975,0,0,0,0,11.69699955,9.00712204,1.280933857,0,0,0,0,10,0,0.082976878,0.023,0,0,0,3.07E-07,3.07E-07,0
SWEDEN,380,1976,0,0,0,0,11.95800018,9.011034966,1.280933857,0,0,0,0,10,0,0.082976878,0.023,0,0,0,3.07E-07,3.07E-07,0
SWEDEN,380,1977,0,0,0,0,12.02099991,9.014568329,1.280933857,0,0,0,0,10,0,0.082976878,0.023,0,0,0,3.07E-07,3.07E-07,0
SWEDEN,380,1978,0,0,0,0,11.70600033,9.018210411,1.280933857,0,0,0,0,10,0,0.082976878,0.023,0,0,0,3.07E-07,3.07E-07,0
SWEDEN,380,1979,0,0,0,0,11.81200027,9.021115303,1.280933857,0,0,0,0,10,0,0.082976878,0.023,0,0,0,3.07E-07,3.07E-07,0
SWEDEN,380,1980,0,0,0,0,12.26099968,9.023287773,1.280933857,0,0,0,0,10,0,0.082976878,0.023,0,0,0,3.07E-07,3.07E-07,0
SWEDEN,380,1981,0,0,0,0,12.45600033,9.025215149,1.280933857,0,0,0,0,10,0,0.082976878,0.023,0,0,0,3.07E-07,3.07E-07,0
SWEDEN,380,1982,0,0,0,0,12.36999989,9.026417732,1.280933857,0,0,0,0,10,0,0.082976878,0.023,0,0,0,3.07E-07,3.07E-07,0
SWEDEN,380,1983,0,0,0,0,12.47500038,9.027018547,1.280933857,0,0,0,0,10,0,0.082976878,0.023,0,0,0,3.07E-07,3.07E-07,0
SWEDEN,380,1984,0,0,0,0,12.68200016,9.027738571,1.280933857,0,0,0,0,10,0,0.082976878,0.023,0,0,0,3.07E-07,3.07E-07,0
SWEDEN,380,1985,0,0,0,0,13.19799995,9.028458595,1.280933857,0,0,0,0,10,0,0.082976878,0.023,0,0,0,3.07E-07,3.07E-07,0
SWEDEN,380,1986,0,0,0,0,13.45100021,9.030016899,1.280933857,0,0,0,0,10,0,0.082976878,0.023,0,0,0,3.07E-07,3.07E-07,0
SWEDEN,380,1987,0,0,0,0,13.72500038,9.032408714,1.280933857,0,0,0,0,10,0,0.082976878,0.023,0,0,0,3.07E-07,3.07E-07,0
SWEDEN,380,1988,0,0,0,0,14.12800026,9.035867691,1.280933857,0,0,0,0,10,0,0.082976878,0.023,0,0,0,3.07E-07,3.07E-07,0
SWEDEN,380,1989,0,0,0,0,14.40799999,9.040263176,1.280933857,0,0,0,0,10,0,0.082976878,0.023,0,0,0,3.07E-07,3.07E-07,0
SWEDEN,380,1990,0,0,0,0,14.68099976,9.047586441,1.280933857,0,0,0,0,10,0,0.082976878,0.023,0,0,0,3.07E-07,3.07E-07,0
SWEDEN,380,1991,0,0,0,0,14.76200008,9.054738998,1.280933857,0,0,0,0,10,0,0.082976878,0.023,0,0,0,3.07E-07,3.07E-07,0
SWEDEN,380,1992,0,0,0,0,14.36299992,9.063578606,1.280933857,0,0,0,0,10,0,0.082976878,0.023,0,0,0,3.07E-07,3.07E-07,0
SWEDEN,380,1993,0,0,0,0,13.98600006,9.068546295,1.280933857,0,0,0,0,10,0,0.082976878,0.023,0,0,0,3.07E-07,3.07E-07,0
SWEDEN,380,1994,0,0,0,0,13.59599972,9.073213577,1.280933857,0,0,0,0,10,0,0.082976878,0.023,0,0,0,3.07E-07,3.07E-07,0
SWEDEN,380,1995,0,0,0,0,14.05599976,9.080311775,1.280933857,0,0,0,0,10,0,0.082976878,0.023,0,0,0,3.07E-07,3.07E-07,0
SWEDEN,380,1996,0,0,0,0,14.49100018,9.086023331,1.280933857,0,0,0,0,10,0,0.082976878,0.023,0,0,0,3.07E-07,3.07E-07,0
SWEDEN,380,1997,0,0,0,0,14.62800026,9.087381363,1.280933857,0,0,0,0,10,0,0.082976878,0.023,0,0,0,3.07E-07,3.07E-07,0
SWEDEN,380,1998,0,0,0,0,14.90699959,9.08810997,1.280933857,0,0,0,0,10,0,0.082976878,0.023,0,0,0,3.07E-07,3.07E-07,0
SWEDEN,380,1999,0,0,0,0,15.34300041,9.088720322,1.280933857,0,0,0,0,10,0,0.082976878,0.023,0,0,0,3.07E-07,3.07E-07,0
NORWAY,385,1945,0,0,0,0,3.615999937,8.031385422,3.414442539,0,0,0,0,10,0,0.038868666,0.004,0,0,0,0,0,0
NORWAY,385,1946,0,0,0,0,3.615999937,8.031385422,3.414442539,0,0,0,0,10,0,0.038868666,0.004,0,0,0,0,0,0
NORWAY,385,1947,0,0,0,0,3.740999937,8.047829628,3.414442539,0,0,0,0,10,0,0.038868666,0.004,0,0,0,0,0,0
NORWAY,385,1948,0,0,0,0,3.858999968,8.059907913,3.414442539,0,0,0,0,10,0,0.038868666,0.004,0,0,0,0,0,0
NORWAY,385,1949,0,0,0,0,3.980999947,8.071218491,3.414442539,0,0,0,0,10,0,0.038868666,0.004,0,0,0,0,0,0
NORWAY,385,1950,0,0,0,0,4.117000103,8.081475258,3.414442539,0,0,0,0,10,0,0.038868666,0.004,0,0,0,0,0,0
NORWAY,385,1951,0,0,0,0,4.357999802,8.091014862,3.414442539,0,0,0,0,10,0,0.038868666,0.004,0,0,0,0,0,0
NORWAY,385,1952,0,0,0,0,4.381000042,8.100768089,3.414442539,0,0,0,0,10,0,0.038868666,0.004,0,0,0,0,0,0
NORWAY,385,1953,0,0,0,0,4.56799984,8.11072731,3.414442539,0,0,0,0,10,0,0.038868666,0.004,0,0,0,0,0,0
NORWAY,385,1954,0,0,0,0,4.831999779,8.12029171,3.414442539,0,0,0,0,10,0,0.038868666,0.004,0,0,0,0,0,0
NORWAY,385,1955,0,0,0,0,4.960999966,8.130059242,3.414442539,0,0,0,0,10,0,0.038868666,0.004,0,0,0,0,0,0
NORWAY,385,1956,0,0,0,0,5.066999912,8.139440536,3.414442539,0,0,0,0,10,0,0.038868666,0.004,0,0,0,0,0,0
NORWAY,385,1957,0,0,0,0,5.169000149,8.148446083,3.414442539,0,0,0,0,10,0,0.038868666,0.004,0,0,0,0,0,0
NORWAY,385,1958,0,0,0,0,5.31400013,8.157370567,3.414442539,0,0,0,0,10,0,0.038868666,0.004,0,0,0,0,0,0
NORWAY,385,1959,0,0,0,0,5.342999935,8.166215897,3.414442539,0,0,0,0,10,0,0.038868666,0.004,0,0,0,0,0,0
NORWAY,385,1960,0,0,0,0,5.446000099,8.174702644,3.414442539,0,0,0,0,10,0,0.038868666,0.004,0,0,0,0,0,0
NORWAY,385,1961,0,0,0,0,5.610000134,8.183397293,3.414442539,0,0,0,0,10,0,0.038868666,0.004,0,0,0,0,0,0
NORWAY,385,1962,0,0,0,0,5.854000092,8.19146347,3.414442539,0,0,0,0,10,0,0.038868666,0.004,0,0,0,0,0,0
NORWAY,385,1963,0,0,0,0,6.078000069,8.199463844,3.414442539,0,0,0,0,10,0,0.038868666,0.004,0,0,0,0,0,0
NORWAY,385,1964,0,0,0,0,6.363999844,8.207129478,3.414442539,0,0,0,0,10,0,0.038868666,0.004,0,0,0,0,0,0
NORWAY,385,1965,0,0,0,0,6.656000137,8.214465141,3.414442539,0,0,0,0,10,0,0.038868666,0.004,0,0,0,0,0,0
NORWAY,385,1966,0,0,0,0,6.949999809,8.222285271,3.414442539,0,0,0,0,10,0,0.038868666,0.004,0,0,0,0,0,0
NORWAY,385,1967,0,0,0,0,7.212999821,8.23031044,3.414442539,0,0,0,0,10,0,0.038868666,0.004,0,0,0,0,0,0
NORWAY,385,1968,0,0,0,0,7.576000214,8.238801003,3.414442539,0,0,0,0,10,0,0.038868666,0.004,0,0,0,0,0,0
NORWAY,385,1969,0,0,0,0,7.653999805,8.247743607,3.414442539,0,0,0,0,10,0,0.038868666,0.004,0,0,0,0,0,0
NORWAY,385,1970,0,0,0,0,7.960000038,8.256088257,3.414442539,0,0,0,0,10,0,0.038868666,0.004,0,0,0,0,0,0
NORWAY,385,1971,0,0,0,0,8.034000397,8.262817383,3.414442539,0,0,0,0,10,0,0.038868666,0.004,0,0,0,0,0,0
NORWAY,385,1972,0,0,0,0,8.321000099,8.269500732,3.414442539,0,0,0,0,10,0,0.038868666,0.004,0,0,0,0,0,0
NORWAY,385,1973,0,0,0,0,8.74600029,8.277157784,3.414442539,0,0,0,0,10,0,0.038868666,0.004,0,0,0,0,0,0
NORWAY,385,1974,0,0,0,0,9.069999695,8.284252167,3.414442539,0,0,0,0,10,0,0.038868666,0.004,0,0,0,0,0,0
NORWAY,385,1975,0,0,0,0,9.461000443,8.29029274,3.414442539,0,0,0,0,10,0,0.038868666,0.004,0,0,0,0,0,0
NORWAY,385,1976,0,0,0,0,9.772999763,8.295798302,3.414442539,0,0,0,0,10,0,0.038868666,0.004,0,0,0,0,0,0
NORWAY,385,1977,0,0,0,0,10.42800045,8.300528526,3.414442539,0,0,0,0,10,0,0.038868666,0.004,0,0,0,0,0,0
NORWAY,385,1978,0,0,0,0,10.72799969,8.304741859,3.414442539,0,1,0,0,10,0,0.038868666,0.004,0,0,0,0,0,0
NORWAY,385,1979,0,0,0,0,11.20499992,8.308691978,3.414442539,0,1,0,0,10,0,0.038868666,0.004,0,0,0,0,0,0
NORWAY,385,1980,0,0,0,0,11.71899986,8.312134743,3.414442539,0,1,0,0,10,0,0.038868666,0.004,0,0,0,0,0,0
NORWAY,385,1981,0,0,0,0,12.14099979,8.316544533,3.414442539,0,1,0,0,10,0,0.038868666,0.004,0,0,0,0,0,0
NORWAY,385,1982,0,0,0,0,12.20600033,8.318741798,3.414442539,0,1,0,0,10,0,0.038868666,0.004,0,0,0,0,0,0
NORWAY,385,1983,0,0,0,0,12.17700005,8.322394371,3.414442539,0,1,0,0,10,0,0.038868666,0.004,0,0,0,0,0,0
NORWAY,385,1984,0,0,0,0,12.71399975,8.326758385,3.414442539,0,1,0,0,10,0,0.038868666,0.004,0,0,0,0,0,0
NORWAY,385,1985,0,0,0,0,13.44900036,8.328451157,3.414442539,0,1,0,0,10,0,0.038868666,0.004,0,0,0,0,0,0
NORWAY,385,1986,0,0,0,0,14.14400005,8.331585884,3.414442539,0,1,0,0,10,0,0.038868666,0.004,0,0,0,0,0,0
NORWAY,385,1987,0,0,0,0,14.68299961,8.335431099,3.414442539,0,1,0,0,10,0,0.038868666,0.004,0,0,0,0,0,0
NORWAY,385,1988,0,0,0,0,14.81200027,8.339739799,3.414442539,0,1,0,0,10,0,0.038868666,0.004,0,0,0,0,0,0
NORWAY,385,1989,0,0,0,0,14.67399979,8.34498024,3.414442539,0,1,0,0,10,0,0.038868666,0.004,0,0,0,0,0,0
NORWAY,385,1990,0,0,0,0,14.63000011,8.349247932,3.414442539,0,1,0,0,10,0,0.038868666,0.004,0,0,0,0,0,0
NORWAY,385,1991,0,0,0,0,14.90200043,8.352789879,3.414442539,0,1,0,0,10,0,0.038868666,0.004,0,0,0,0,0,0
NORWAY,385,1992,0,0,0,0,15.04699993,8.357493401,3.414442539,0,1,0,0,10,0,0.038868666,0.004,0,0,0,0,0,0
NORWAY,385,1993,0,0,0,0,15.51799965,8.363109589,3.414442539,0,1,0,0,10,0,0.038868666,0.004,0,0,0,0,0,0
NORWAY,385,1994,0,0,0,0,15.84799957,8.369156837,3.414442539,0,1,0,0,10,0,0.038868666,0.004,0,0,0,0,0,0
NORWAY,385,1995,0,0,0,0,16.62299919,8.374845505,3.414442539,0,1,0,0,10,0,0.038868666,0.004,0,0,0,0,0,0
NORWAY,385,1996,0,0,0,0,17.17000008,8.380227089,3.414442539,0,1,0,0,10,0,0.038868666,0.004,0,0,0,0,0,0
NORWAY,385,1997,0,0,0,0,17.92499924,8.385032654,3.414442539,0,1,0,0,10,0,0.038868666,0.004,0,0,0,0,0,0
NORWAY,385,1998,0,0,0,0,18.66699982,8.390291214,3.414442539,0,1,0,0,10,0,0.038868666,0.004,0,0,0,0,0,0
NORWAY,385,1999,0,0,0,0,18.92099953,8.396154404,3.414442539,0,1,0,0,10,0,0.038868666,0.004,0,0,0,0,0,0
DENMARK,390,1945,0,0,0,0,4.048999786,8.292298317,0,1,0,0,0,10,0,0.049075663,0.01,0,0,0,4.27E-09,4.27E-09,0
DENMARK,390,1946,0,0,0,0,4.048999786,8.292298317,0,1,0,0,0,10,0,0.049075663,0.01,0,0,0,4.27E-09,4.27E-09,0
DENMARK,390,1947,0,0,0,0,4.035999775,8.319717407,0,1,0,0,0,10,0,0.049075663,0.01,0,0,0,4.27E-09,4.27E-09,0
DENMARK,390,1948,0,0,0,0,4.354000092,8.329898834,0,1,0,0,0,10,0,0.049075663,0.01,0,0,0,4.27E-09,4.27E-09,0
DENMARK,390,1949,0,0,0,0,4.296000004,8.340456009,0,1,0,0,0,10,0,0.049075663,0.01,0,0,0,4.27E-09,4.27E-09,0
DENMARK,390,1950,0,0,0,0,4.618999958,8.349957466,0,1,0,0,0,10,0,0.049075663,0.01,0,0,0,4.27E-09,4.27E-09,0
DENMARK,390,1951,0,0,0,0,5.263000011,8.359602928,0,1,0,0,0,10,0,0.049075663,0.01,0,0,0,4.27E-09,4.27E-09,0
DENMARK,390,1952,0,0,0,0,5.044000149,8.367300034,0,1,0,0,0,10,0,0.049075663,0.01,0,0,0,4.27E-09,4.27E-09,0
DENMARK,390,1953,0,0,0,0,5.081999779,8.3751688,0,1,0,0,0,10,0,0.049075663,0.01,0,0,0,4.27E-09,4.27E-09,0
DENMARK,390,1954,0,0,0,0,5.375999928,8.382975578,0,1,0,0,0,10,0,0.049075663,0.01,0,0,0,4.27E-09,4.27E-09,0
DENMARK,390,1955,0,0,0,0,5.554999828,8.390722275,0,1,0,0,0,10,0,0.049075663,0.01,0,0,0,4.27E-09,4.27E-09,0
DENMARK,390,1956,0,0,0,0,5.434000015,8.398184776,0,1,0,0,0,10,0,0.049075663,0.01,0,0,0,4.27E-09,4.27E-09,0
DENMARK,390,1957,0,0,0,0,5.559000015,8.404696465,0,1,0,0,0,10,0,0.049075663,0.01,0,0,0,4.27E-09,4.27E-09,0
DENMARK,390,1958,0,0,0,0,5.768000126,8.410943031,0,1,0,0,0,10,0,0.049075663,0.01,0,0,0,4.27E-09,4.27E-09,0
DENMARK,390,1959,0,0,0,0,5.822999954,8.417151451,0,1,0,0,0,10,0,0.049075663,0.01,0,0,0,4.27E-09,4.27E-09,0
DENMARK,390,1960,0,0,0,0,6.350999832,8.423321724,0,1,0,0,0,10,0,0.049075663,0.01,0,0,0,4.27E-09,4.27E-09,0
DENMARK,390,1961,0,0,0,0,6.760000229,8.429672241,0,1,0,0,0,10,0,0.049075663,0.01,0,0,0,4.27E-09,4.27E-09,0
DENMARK,390,1962,0,0,0,0,7.142000198,8.435982704,0,1,0,0,0,10,0,0.049075663,0.01,0,0,0,4.27E-09,4.27E-09,0
DENMARK,390,1963,0,0,0,0,7.512000084,8.443977356,0,1,0,0,0,10,0,0.049075663,0.01,0,0,0,4.27E-09,4.27E-09,0
DENMARK,390,1964,0,0,0,0,7.403999805,8.451908112,0,1,0,0,0,10,0,0.049075663,0.01,0,0,0,4.27E-09,4.27E-09,0
DENMARK,390,1965,0,0,0,0,8.126999855,8.459564209,0,1,0,0,0,10,0,0.049075663,0.01,0,0,0,4.27E-09,4.27E-09,0
DENMARK,390,1966,0,0,0,0,8.43599987,8.467582703,0,1,0,0,0,10,0,0.049075663,0.01,0,0,0,4.27E-09,4.27E-09,0
DENMARK,390,1967,0,0,0,0,8.562000275,8.475954056,0,1,0,0,0,10,0,0.049075663,0.01,0,0,0,4.27E-09,4.27E-09,0
DENMARK,390,1968,0,0,0,0,8.777999878,8.484463692,0,1,0,0,0,10,0,0.049075663,0.01,0,0,0,4.27E-09,4.27E-09,0
DENMARK,390,1969,0,0,0,0,9.031000137,8.490233421,0,1,0,0,0,10,0,0.049075663,0.01,0,0,0,4.27E-09,4.27E-09,0
DENMARK,390,1970,0,0,0,0,9.595000267,8.495152473,0,1,0,0,0,10,0,0.049075663,0.01,0,0,0,4.27E-09,4.27E-09,0
DENMARK,390,1971,0,0,0,0,9.670000076,8.502891541,0,1,0,0,0,10,0,0.049075663,0.01,0,0,0,4.27E-09,4.27E-09,0
DENMARK,390,1972,0,0,0,0,9.859999657,8.509765625,0,1,0,0,0,10,0,0.049075663,0.01,0,0,0,4.27E-09,4.27E-09,0
DENMARK,390,1973,0,0,0,0,10.34399986,8.515591621,0,1,0,0,0,10,0,0.049075663,0.01,0,0,0,4.27E-09,4.27E-09,0
DENMARK,390,1974,0,0,0,0,10.61299992,8.521583557,0,1,0,0,0,10,0,0.049075663,0.01,0,0,0,4.27E-09,4.27E-09,0
DENMARK,390,1975,0,0,0,0,10.42800045,8.526152611,0,1,0,0,0,10,0,0.049075663,0.01,0,0,0,4.27E-09,4.27E-09,0
DENMARK,390,1976,0,0,0,0,10.23600006,8.529121399,0,1,0,0,0,10,0,0.049075663,0.01,0,0,0,4.27E-09,4.27E-09,0
DENMARK,390,1977,0,0,0,0,10.92099953,8.531687737,0,1,0,0,0,10,0,0.049075663,0.01,0,0,0,4.27E-09,4.27E-09,0
DENMARK,390,1978,0,0,0,0,11.04699993,8.534640312,0,1,0,0,0,10,0,0.049075663,0.01,0,0,0,4.27E-09,4.27E-09,0
DENMARK,390,1979,0,0,0,0,11.13700008,8.537779808,0,1,0,0,0,10,0,0.049075663,0.01,0,0,0,4.27E-09,4.27E-09,0
DENMARK,390,1980,0,0,0,0,11.48400021,8.540323257,0,1,0,0,0,10,0,0.049075663,0.01,0,0,0,4.27E-09,4.27E-09,0
DENMARK,390,1981,0,0,0,0,11.34200001,8.541495323,0,1,0,0,0,10,0,0.049075663,0.01,0,0,0,4.27E-09,4.27E-09,0
DENMARK,390,1982,0,0,0,0,11.15299988,8.54129982,0,1,0,0,0,10,0,0.049075663,0.01,0,0,0,4.27E-09,4.27E-09,0
DENMARK,390,1983,0,0,0,0,11.52600002,8.540518761,0,1,0,0,0,10,0,0.049075663,0.01,0,0,0,4.27E-09,4.27E-09,0
DENMARK,390,1984,0,0,0,0,11.82800007,8.539736748,0,1,0,0,0,10,0,0.049075663,0.01,0,0,0,4.27E-09,4.27E-09,0
DENMARK,390,1985,0,0,0,0,12.41899967,8.539345741,0,1,0,0,0,10,0,0.049075663,0.01,0,0,0,4.27E-09,4.27E-09,0
DENMARK,390,1986,0,0,0,0,12.96899986,8.539736748,0,1,0,0,0,10,0,0.049075663,0.01,0,0,0,4.27E-09,4.27E-09,0
DENMARK,390,1987,0,0,0,0,13.47399998,8.54110527,0,1,0,0,0,10,0,0.049075663,0.01,0,0,0,4.27E-09,4.27E-09,0
DENMARK,390,1988,0,0,0,0,13.44900036,8.542276382,0,1,0,0,0,10,0,0.049075663,0.01,0,0,0,4.27E-09,4.27E-09,0
DENMARK,390,1989,0,0,0,0,13.5710001,8.542860985,0,1,0,0,0,10,0,0.049075663,0.01,0,0,0,4.27E-09,4.27E-09,0
DENMARK,390,1990,0,0,0,0,13.66300011,8.543445587,0,1,0,0,0,10,0,0.049075663,0.01,0,0,0,4.27E-09,4.27E-09,0
DENMARK,390,1991,0,0,0,0,13.9090004,8.545002937,0,1,0,0,0,10,0,0.049075663,0.01,0,0,0,4.27E-09,4.27E-09,0
DENMARK,390,1992,0,0,0,0,14.01500034,8.547528267,0,1,0,0,0,10,0,0.049075663,0.01,0,0,0,4.27E-09,4.27E-09,0
DENMARK,390,1993,0,0,0,0,14.0909996,8.550627708,0,1,0,0,0,10,0,0.049075663,0.01,0,0,0,4.27E-09,4.27E-09,0
DENMARK,390,1994,0,0,0,0,14.03899956,8.554296494,0,1,0,0,0,10,0,0.049075663,0.01,0,0,0,4.27E-09,4.27E-09,0
DENMARK,390,1995,0,0,0,0,14.76099968,8.557374954,0,1,0,0,0,10,0,0.049075663,0.01,0,0,0,4.27E-09,4.27E-09,0
DENMARK,390,1996,0,0,0,0,15.10099983,8.561783791,0,1,0,0,0,10,0,0.049075663,0.01,0,0,0,4.27E-09,4.27E-09,0
DENMARK,390,1997,0,0,0,0,15.38099957,8.568266869,0,1,0,0,0,10,0,0.049075663,0.01,0,0,0,4.27E-09,4.27E-09,0
DENMARK,390,1998,0,0,0,0,15.79699993,8.572480202,0,1,0,0,0,10,0,0.049075663,0.01,0,0,0,4.27E-09,4.27E-09,0
DENMARK,390,1999,0,0,0,0,16.14699936,8.576006889,0,1,0,0,0,10,0,0.049075663,0.01,0,0,0,4.27E-09,4.27E-09,0
GUINEA BISSAU,404,1974,6,0,0,0,0.871999979,6.391917229,0,0,0,1,0,-7,0,0.803756952,0.219999999,1,1,1,.,.,.
GUINEA BISSAU,404,1975,6,0,0,0,0.871999979,6.391917229,0,0,0,1,0,-7,0,0.803756952,0.219999999,1,1,1,.,.,.
GUINEA BISSAU,404,1976,6,0,0,0,0.769999981,6.440946579,0,0,0,0,0,-7,0,0.803756952,0.219999999,1,1,1,.,.,.
GUINEA BISSAU,404,1977,6,0,0,0,0.749000013,6.49375391,0,0,0,0,0,-7,0,0.803756952,0.219999999,1,1,1,.,.,.
GUINEA BISSAU,404,1978,6,0,0,0,0.595000029,6.552507877,0,0,0,0,0,-7,0,0.803756952,0.219999999,1,1,1,.,.,.
GUINEA BISSAU,404,1979,6,0,0,0,0.619000018,6.609349251,0,0,0,0,0,-7,0,0.803756952,0.219999999,1,1,1,.,.,.
GUINEA BISSAU,404,1980,6,0,0,0,0.555999994,6.65801096,0,0,0,0,0,-7,0,0.803756952,0.219999999,1,1,1,.,.,.
GUINEA BISSAU,404,1981,6,0,0,0,0.470999986,6.695798874,0,0,0,0,0,-7,0,0.803756952,0.219999999,1,1,1,.,.,.
GUINEA BISSAU,404,1982,6,0,0,0,0.573000014,6.714170456,0,0,0,0,0,-7,0,0.803756952,0.219999999,1,1,1,.,.,.
GUINEA BISSAU,404,1983,6,0,0,0,0.633000016,6.732210636,0,0,0,0,0,-7,0,0.803756952,0.219999999,1,1,1,.,.,.
GUINEA BISSAU,404,1984,6,0,0,0,0.606000006,6.749931335,0,0,0,0,0,-7,0,0.803756952,0.219999999,1,1,1,.,.,.
GUINEA BISSAU,404,1985,6,0,0,0,0.626999974,6.768493176,0,0,0,0,0,-8,0,0.803756952,0.219999999,1,1,1,.,.,.
GUINEA BISSAU,404,1986,6,0,0,0,0.649999976,6.786716938,0,0,0,0,0,-8,0,0.803756952,0.219999999,1,1,1,.,.,.
GUINEA BISSAU,404,1987,6,0,0,0,0.626999974,6.805722713,0,0,0,0,0,-8,0,0.803756952,0.219999999,1,1,1,.,.,.
GUINEA BISSAU,404,1988,6,0,0,0,0.626999974,6.825459957,0,0,0,0,0,-8,0,0.803756952,0.219999999,1,1,1,.,.,.
GUINEA BISSAU,404,1989,6,0,0,0,0.653999984,6.844815254,0,0,0,0,0,-8,0,0.803756952,0.219999999,1,1,1,.,.,.
GUINEA BISSAU,404,1990,6,0,0,0,0.698000014,6.86589098,0,0,0,0,0,-8,0,0.803756952,0.219999999,1,1,1,.,.,.
GUINEA BISSAU,404,1991,6,0,0,0,0.68900001,6.887552738,0,0,0,0,0,-6,0,0.803756952,0.219999999,1,1,1,.,.,.
GUINEA BISSAU,404,1992,6,0,0,0,0.592999995,6.908754826,0,0,0,0,0,-6,0,0.803756952,0.219999999,1,1,1,.,.,.
GUINEA BISSAU,404,1993,6,0,0,0,0.634000003,6.929516792,0,0,0,0,0,-6,0,0.803756952,0.219999999,1,1,1,.,.,.
GUINEA BISSAU,404,1994,6,0,0,0,0.633000016,6.942050457,0,0,0,0,0,-6,0,0.803756952,0.219999999,1,1,1,.,.,.
GUINEA BISSAU,404,1995,6,0,0,0,0.638000011,6.96543932,0,0,0,0,1,5,1,0.803756952,0.219999999,1,1,1,.,.,.
GUINEA BISSAU,404,1996,6,0,0,0,0.649999976,6.99025631,0,0,0,0,1,5,1,0.803756952,0.219999999,1,1,1,.,.,.
GUINEA BISSAU,404,1997,6,0,0,0,0.663999975,7.013843536,0,0,0,0,1,5,1,0.803756952,0.219999999,1,1,1,.,.,.
GUINEA BISSAU,404,1998,6,1,1,0,0.685000002,7.036201477,0,0,0,0,0,5,1,0.803756952,0.219999999,1,1,1,.,.,.
GUINEA BISSAU,404,1999,6,0,0,1,0.481999993,7.057321072,0,0,0,0,1,0,1,0.803756952,0.219999999,.,.,.,.,.,.
GAMBIA,420,1965,6,0,0,0,0.723999977,6.0330863,0,0,0,1,0,8,0,0.727814794,0.180000007,0,0,0,.,.,.
GAMBIA,420,1966,6,0,0,0,0.723999977,6.0330863,0,0,0,1,0,8,0,0.727814794,0.180000007,0,0,0,.,.,.
GAMBIA,420,1967,6,0,0,0,0.746999979,6.054439545,0,0,0,0,0,8,0,0.727814794,0.180000007,0,0,0,.,.,.
GAMBIA,420,1968,6,0,0,0,0.725000024,6.075345993,0,0,0,0,0,8,0,0.727814794,0.180000007,0,0,0,.,.,.
GAMBIA,420,1969,6,0,0,0,0.727999985,6.095824718,0,0,0,0,0,8,0,0.727814794,0.180000007,0,0,0,.,.,.
GAMBIA,420,1970,6,0,0,0,0.726999998,6.115891933,0,0,0,0,0,8,0,0.727814794,0.180000007,0,0,0,.,.,.
GAMBIA,420,1971,6,0,0,0,0.722000003,6.137727261,0,0,0,0,0,8,0,0.727814794,0.180000007,0,0,0,.,.,.
GAMBIA,420,1972,6,0,0,0,0.86500001,6.165417671,0,0,0,0,0,8,0,0.727814794,0.180000007,0,0,0,.,.,.
GAMBIA,420,1973,6,0,0,0,0.856000006,6.192362309,0,0,0,0,0,8,0,0.727814794,0.180000007,0,0,0,.,.,.
GAMBIA,420,1974,6,0,0,0,0.869000018,6.218600273,0,0,0,0,0,8,0,0.727814794,0.180000007,0,0,0,.,.,.
GAMBIA,420,1975,6,0,0,0,0.880999982,6.24804306,0,0,0,0,0,8,0,0.727814794,0.180000007,0,0,0,.,.,.
GAMBIA,420,1976,6,0,0,0,0.799000025,6.278521538,0,0,0,0,0,8,0,0.727814794,0.180000007,0,0,0,.,.,.
GAMBIA,420,1977,6,0,0,0,0.981999993,6.313548088,0,0,0,0,0,8,0,0.727814794,0.180000007,0,0,0,.,.,.
GAMBIA,420,1978,6,0,0,0,1.001999974,6.347389221,0,0,0,0,0,8,0,0.727814794,0.180000007,0,0,0,.,.,.
GAMBIA,420,1979,6,0,0,0,1.17900002,6.38181591,0,0,0,0,0,8,0,0.727814794,0.180000007,0,0,0,.,.,.
GAMBIA,420,1980,6,0,0,0,1.031000018,6.416732311,0,0,0,0,0,8,0,0.727814794,0.180000007,0,0,0,.,.,.
GAMBIA,420,1981,6,0,0,0,1.01699996,6.452048779,0,0,0,0,0,8,0,0.727814794,0.180000007,0,0,0,.,.,.
GAMBIA,420,1982,6,0,0,0,0.888999999,6.486160755,0,0,0,0,0,7,0,0.727814794,0.180000007,0,0,0,.,.,.
GAMBIA,420,1983,6,0,0,0,0.871999979,6.519147396,0,0,0,0,0,7,0,0.727814794,0.180000007,0,0,0,.,.,.
GAMBIA,420,1984,6,0,0,0,0.721000016,6.552507877,0,0,0,0,0,7,0,0.727814794,0.180000007,0,0,0,.,.,.
GAMBIA,420,1985,6,0,0,0,0.800999999,6.584791183,0,0,0,0,0,7,0,0.727814794,0.180000007,0,0,0,.,.,.
GAMBIA,420,1986,6,0,0,0,0.768999994,6.61740303,0,0,0,0,0,7,0,0.727814794,0.180000007,0,0,0,.,.,.
GAMBIA,420,1987,6,0,0,0,0.842999995,6.648984432,0,0,0,0,0,7,0,0.727814794,0.180000007,0,0,0,.,.,.
GAMBIA,420,1988,6,0,0,0,0.852999985,6.680854797,0,0,0,0,0,7,0,0.727814794,0.180000007,0,0,0,.,.,.
GAMBIA,420,1989,6,0,0,0,0.80400002,6.712956429,0,0,0,0,0,7,0,0.727814794,0.180000007,0,0,0,.,.,.
GAMBIA,420,1990,6,0,0,0,0.808000028,6.744059086,0,0,0,0,0,7,0,0.727814794,0.180000007,0,0,0,.,.,.
GAMBIA,420,1991,6,0,0,0,0.799000025,6.774223804,0,0,0,0,0,8,0,0.727814794,0.180000007,0,0,0,.,.,.
GAMBIA,420,1992,6,0,0,0,0.788999975,6.784457207,0,0,0,0,0,8,0,0.727814794,0.180000007,0,0,0,.,.,.
GAMBIA,420,1993,6,0,0,0,0.782999992,6.790097237,0,0,0,0,0,8,0,0.727814794,0.180000007,0,0,0,.,.,.
GAMBIA,420,1994,6,0,0,0,0.776000023,6.94653368,0,0,0,0,0,8,0,0.727814794,0.180000007,1,1,1,.,.,.
GAMBIA,420,1995,6,0,0,0,0.750999987,6.981275082,0,0,0,0,1,-7,0,0.727814794,0.180000007,1,1,1,.,.,.
GAMBIA,420,1996,6,0,0,0,0.734000027,7.013015747,0,0,0,0,1,-7,0,0.727814794,0.180000007,1,1,1,.,.,.
GAMBIA,420,1997,6,0,0,0,0.727999985,7.043928146,0,0,0,0,1,-6,0,0.727814794,0.180000007,1,1,1,.,.,.
GAMBIA,420,1998,6,0,0,0,0.740999997,7.074015141,0,0,0,0,0,-5,1,0.727814794,0.180000007,1,1,1,.,.,.
GAMBIA,420,1999,6,0,0,0,0.754000008,7.103272438,0,0,0,0,0,-5,1,0.727814794,0.180000007,1,1,1,.,.,.
MALI,432,1960,6,0,0,0,0.535000026,8.33686924,0.336472243,0,0,1,0,-7,0,0.778310716,0.150000006,0,0,0,.,.,.
MALI,432,1961,6,0,0,0,0.535000026,8.33686924,0.336472243,0,0,1,0,-7,0,0.778310716,0.150000006,0,0,0,.,.,.
MALI,432,1962,6,0,0,0,0.515999973,8.361241341,0.336472243,0,0,0,0,-7,0,0.778310716,0.150000006,0,0,0,.,.,.
MALI,432,1963,6,0,0,0,0.503000021,8.385260582,0.336472243,0,0,0,0,-7,0,0.778310716,0.150000006,0,0,0,.,.,.
MALI,432,1964,6,0,0,0,0.512000024,8.409162521,0.336472243,0,0,0,0,-7,0,0.778310716,0.150000006,0,0,0,.,.,.
MALI,432,1965,6,0,0,0,0.421000004,8.433376312,0.336472243,0,0,0,0,-7,0,0.778310716,0.150000006,0,0,0,.,.,.
MALI,432,1966,6,0,0,0,0.435000002,8.457655907,0.336472243,0,0,0,0,-7,0,0.778310716,0.150000006,0,0,0,.,.,.
MALI,432,1967,6,0,0,0,0.426999986,8.482394218,0.336472243,0,0,0,0,-7,0,0.778310716,0.150000006,0,0,0,.,.,.
MALI,432,1968,6,0,0,0,0.425000012,8.507143021,0.336472243,0,0,0,0,-7,0,0.778310716,0.150000006,0,0,0,.,.,.
MALI,432,1969,6,0,0,0,0.416000009,8.532279015,0.336472243,0,0,0,0,-7,0,0.778310716,0.150000006,0,0,0,.,.,.
MALI,432,1970,6,0,0,0,0.400000006,8.557183266,0.336472243,0,0,0,0,-7,0,0.778310716,0.150000006,0,0,0,.,.,.
MALI,432,1971,6,0,0,0,0.419,8.582044601,0.336472243,0,0,0,0,-7,0,0.778310716,0.150000006,0,0,0,.,.,.
MALI,432,1972,6,0,0,0,0.421000004,8.603370667,0.336472243,0,0,0,0,-7,0,0.778310716,0.150000006,0,0,0,.,.,.
MALI,432,1973,6,0,0,0,0.439999998,8.624073029,0.336472243,0,0,0,0,-7,0,0.778310716,0.150000006,0,0,0,.,.,.
MALI,432,1974,6,0,0,0,0.423999995,8.644353867,0.336472243,0,0,0,0,-7,0,0.778310716,0.150000006,0,0,0,.,.,.
MALI,432,1975,6,0,0,0,0.432000011,8.664060593,0.336472243,0,0,0,0,-7,0,0.778310716,0.150000006,0,0,0,.,.,.
MALI,432,1976,6,0,0,0,0.460999995,8.683554649,0.336472243,0,0,0,0,-7,0,0.778310716,0.150000006,0,0,0,.,.,.
MALI,432,1977,6,0,0,0,0.495000005,8.704833984,0.336472243,0,0,0,0,-7,0,0.778310716,0.150000006,0,0,0,.,.,.
MALI,432,1978,6,0,0,0,0.501999974,8.726643562,0.336472243,0,0,0,0,-7,0,0.778310716,0.150000006,0,0,0,.,.,.
MALI,432,1979,6,0,0,0,0.510999978,8.748939514,0.336472243,0,0,0,0,-7,0,0.778310716,0.150000006,0,0,0,.,.,.
MALI,432,1980,6,0,0,0,0.550999999,8.771215439,0.336472243,0,0,0,0,-7,0,0.778310716,0.150000006,0,0,0,.,.,.
MALI,432,1981,6,0,0,0,0.532000005,8.793308258,0.336472243,0,0,0,0,-7,0,0.778310716,0.150000006,0,0,0,.,.,.
MALI,432,1982,6,0,0,0,0.512000024,8.814776421,0.336472243,0,0,0,0,-7,0,0.778310716,0.150000006,0,0,0,.,.,.
MALI,432,1983,6,0,0,0,0.523999989,8.836810112,0.336472243,0,0,0,0,-7,0,0.778310716,0.150000006,0,0,0,.,.,.
MALI,432,1984,6,0,0,0,0.503000021,8.859505653,0.336472243,0,0,0,0,-7,0,0.778310716,0.150000006,0,0,0,.,.,.
MALI,432,1985,6,0,0,0,0.505999982,8.883224487,0.336472243,0,0,0,0,-7,0,0.778310716,0.150000006,0,0,0,.,.,.
MALI,432,1986,6,0,0,0,0.532000005,8.907747269,0.336472243,0,0,0,0,-7,0,0.778310716,0.150000006,0,0,0,.,.,.
MALI,432,1987,6,0,0,0,0.550000012,8.93313694,0.336472243,0,0,0,0,-7,0,0.778310716,0.150000006,0,0,0,.,.,.
MALI,432,1988,6,0,0,0,0.529999971,8.959311485,0.336472243,0,0,0,0,-7,0,0.778310716,0.150000006,0,0,0,.,.,.
MALI,432,1989,6,1,2,0,0.515999973,8.986446381,0.336472243,0,0,0,0,-7,0,0.778310716,0.150000006,0,0,0,.,.,.
MALI,432,1990,6,0,0,1,0.555999994,9.014325142,0.336472243,0,0,0,0,-7,0,0.778310716,0.150000006,0,0,0,.,.,.
MALI,432,1991,6,0,0,1,0.531000018,9.043104172,0.336472243,0,0,0,0,-7,0,0.778310716,0.150000006,0,0,0,.,.,.
MALI,432,1992,6,0,0,1,0.495000005,9.071882248,0.336472243,0,0,0,1,0,1,0.778310716,0.150000006,0,0,0,.,.,.
MALI,432,1993,6,0,0,1,0.522000015,9.192176819,0.336472243,0,0,0,1,7,0,0.778310716,0.150000006,0,0,0,.,.,.
MALI,432,1994,6,0,0,1,0.497999996,9.126681328,0.336472243,0,0,0,1,7,0,0.778310716,0.150000006,0,0,0,.,.,.
MALI,432,1995,6,0,0,1,0.49000001,9.153738976,0.336472243,0,0,0,1,7,0,0.778310716,0.150000006,0,0,0,.,.,.
MALI,432,1996,6,0,0,0,0.508000016,9.18039608,0.336472243,0,0,0,0,7,0,0.778310716,0.150000006,0,0,0,.,.,.
MALI,432,1997,6,0,0,0,0.512000024,9.209674835,0.336472243,0,0,0,0,7,0,0.778310716,0.150000006,0,0,0,.,.,.
MALI,432,1998,6,0,0,0,0.533999979,9.238952637,0.336472243,0,0,0,0,6,0,0.778310716,0.150000006,0,0,0,.,.,.
MALI,432,1999,6,0,0,0,0.538999975,9.268231392,0.336472243,0,0,0,0,6,0,0.778310716,0.150000006,0,0,0,.,.,.
SENEGAL,433,1960,6,0,0,0,1.047000051,8.159946442,0,0,0,1,0,-1,1,0.722772241,0.239999995,1,1,1,.,.,.
SENEGAL,433,1961,6,0,0,0,1.047000051,8.159946442,0,0,0,1,0,-1,1,0.722772241,0.239999995,1,1,1,.,.,.
SENEGAL,433,1962,6,0,0,0,1.072000027,8.183397293,0,0,0,0,0,-1,1,0.722772241,0.239999995,1,1,1,.,.,.
SENEGAL,433,1963,6,0,0,0,1.103999972,8.206583977,0,0,0,0,1,-4,1,0.722772241,0.239999995,1,1,1,.,.,.
SENEGAL,433,1964,6,0,0,0,1.133999944,8.229777336,0,0,0,0,1,-7,0,0.722772241,0.239999995,1,1,1,.,.,.
SENEGAL,433,1965,6,0,0,0,1.133000016,8.252966881,0,0,0,0,1,-7,0,0.722772241,0.239999995,1,1,1,.,.,.
SENEGAL,433,1966,6,0,0,0,1.143000007,8.276394844,0,0,0,0,1,-7,0,0.722772241,0.239999995,1,1,1,.,.,.
SENEGAL,433,1967,6,0,0,0,1.154999971,8.299782753,0,0,0,0,0,-7,0,0.722772241,0.239999995,1,1,1,.,.,.
SENEGAL,433,1968,6,0,0,0,1.120000005,8.322879791,0,0,0,0,0,-7,0,0.722772241,0.239999995,1,1,1,.,.,.
SENEGAL,433,1969,6,0,0,0,1.171000004,8.346167564,0,0,0,0,0,-7,0,0.722772241,0.239999995,1,1,1,.,.,.
SENEGAL,433,1970,6,0,0,0,1.036000013,8.36938858,0,0,0,0,0,-7,0,0.722772241,0.239999995,1,1,1,.,.,.
SENEGAL,433,1971,6,0,0,0,1.146000028,8.332789421,0,0,0,0,0,-7,0,0.722772241,0.239999995,1,1,1,.,.,.
SENEGAL,433,1972,6,0,0,0,1.136999965,8.361474991,0,0,0,0,0,-7,0,0.722772241,0.239999995,1,1,1,.,.,.
SENEGAL,433,1973,6,0,0,0,1.133000016,8.3904953,0,0,0,0,0,-7,0,0.722772241,0.239999995,1,1,1,.,.,.
SENEGAL,433,1974,6,0,0,0,1.062000036,8.41958046,0,0,0,0,0,-7,0,0.722772241,0.239999995,1,1,1,.,.,.
SENEGAL,433,1975,6,0,0,0,1.062000036,8.448699951,0,0,0,0,0,-6,0,0.722772241,0.239999995,1,1,1,.,.,.
SENEGAL,433,1976,6,0,0,0,1.123000026,8.477620125,0,0,0,0,0,-6,0,0.722772241,0.239999995,1,1,1,.,.,.
SENEGAL,433,1977,6,0,0,0,1.164999962,8.506334305,0,0,0,0,0,-6,0,0.722772241,0.239999995,1,1,1,.,.,.
SENEGAL,433,1978,6,0,0,0,1.156000018,8.534836769,0,0,0,0,0,-6,0,0.722772241,0.239999995,1,1,1,.,.,.
SENEGAL,433,1979,6,0,0,0,1.110000014,8.563121796,0,0,0,0,1,-2,1,0.722772241,0.239999995,1,1,1,.,.,.
SENEGAL,433,1980,6,0,0,0,1.174000025,8.59137249,0,0,0,0,1,-2,1,0.722772241,0.239999995,1,1,1,.,.,.
SENEGAL,433,1981,6,0,0,0,1.133999944,8.61938858,0,0,1,0,1,-2,1,0.722772241,0.239999995,0,0,0,.,.,.
SENEGAL,433,1982,6,0,0,0,1.139000058,8.647343636,0,0,0,0,0,-1,1,0.722772241,0.239999995,0,0,0,.,.,.
SENEGAL,433,1983,6,0,0,0,1.202999949,8.675051689,0,0,0,0,0,-1,1,0.722772241,0.239999995,0,0,0,.,.,.
SENEGAL,433,1984,6,0,0,0,1.187999964,8.702676773,0,0,0,0,0,-1,1,0.722772241,0.239999995,0,0,0,.,.,.
SENEGAL,433,1985,6,0,0,0,1.126999974,8.731013298,0,0,0,0,0,-1,1,0.722772241,0.239999995,0,0,0,.,.,.
SENEGAL,433,1986,6,0,0,0,1.162999988,8.760139465,0,0,0,0,0,-1,1,0.722772241,0.239999995,0,0,0,.,.,.
SENEGAL,433,1987,6,0,0,0,1.154999971,8.789507866,0,0,0,0,0,-1,1,0.722772241,0.239999995,0,0,0,.,.,.
SENEGAL,433,1988,6,0,0,0,1.171000004,8.819073677,0,0,0,0,0,-1,1,0.722772241,0.239999995,0,0,0,.,.,.
SENEGAL,433,1989,6,1,2,0,1.172000051,8.8490839,0,0,0,0,0,-1,1,0.722772241,0.239999995,0,0,0,.,.,.
SENEGAL,433,1990,6,0,0,1,1.139000058,8.879333496,0,0,0,0,0,-1,1,0.722772241,0.239999995,0,0,0,.,.,.
SENEGAL,433,1991,6,0,0,1,1.144999981,8.909775734,0,0,0,0,0,-1,1,0.722772241,0.239999995,0,0,0,.,.,.
SENEGAL,433,1992,6,0,0,1,1.120000005,8.939188004,0,0,0,0,0,-1,1,0.722772241,0.239999995,0,0,0,.,.,.
SENEGAL,433,1993,6,0,0,1,1.116000056,8.954156876,0,0,0,0,0,-1,1,0.722772241,0.239999995,0,0,0,.,.,.
SENEGAL,433,1994,6,0,0,1,1.062999964,8.974782944,0,0,0,0,0,-1,1,0.722772241,0.239999995,0,0,0,.,.,.
SENEGAL,433,1995,6,0,0,1,1.065999985,9.001137733,0,0,0,0,0,-1,1,0.722772241,0.239999995,0,0,0,.,.,.
SENEGAL,433,1996,6,0,0,1,1.092000008,9.027618408,0,0,0,0,0,-1,1,0.722772241,0.239999995,0,0,0,.,.,.
SENEGAL,433,1997,6,0,0,1,1.116999984,9.05434227,0,0,0,0,0,-1,1,0.722772241,0.239999995,0,0,0,.,.,.
SENEGAL,433,1998,6,0,0,1,1.141000032,9.081413269,0,0,0,0,0,-1,1,0.722772241,0.239999995,0,0,0,.,.,.
SENEGAL,433,1999,6,0,0,1,1.174000025,9.108579636,0,0,0,0,0,-1,1,0.722772241,0.239999995,0,0,0,.,.,.
BENIN,434,1960,6,0,0,0,1.100000024,7.625595093,0,0,0,1,0,2,1,0.618177533,0.224999994,1,1,1,.,.,.
BENIN,434,1961,6,0,0,0,1.100000024,7.625595093,0,0,0,1,0,2,1,0.618177533,0.224999994,1,1,1,.,.,.
BENIN,434,1962,6,0,0,0,1.116000056,7.649692535,0,0,0,0,0,2,1,0.618177533,0.224999994,1,1,1,.,.,.
BENIN,434,1963,6,0,0,0,1.078999996,7.676010132,0,0,0,0,0,2,1,0.618177533,0.224999994,0,0,0,.,.,.
BENIN,434,1964,6,0,0,0,1.128999949,7.702104568,0,0,0,0,1,-1,1,0.618177533,0.224999994,1,1,1,.,.,.
BENIN,434,1965,6,0,0,0,1.128999949,7.727975368,0,0,0,0,1,-4,1,0.618177533,0.224999994,0,0,0,.,.,.
BENIN,434,1966,6,0,0,0,1.190999985,7.754481316,0,0,0,0,1,-7,0,0.618177533,0.224999994,0,0,0,.,.,.
BENIN,434,1967,6,0,0,0,1.17900002,7.780303001,0,0,0,0,1,-7,0,0.618177533,0.224999994,1,1,1,.,.,.
BENIN,434,1968,6,0,0,0,1.148000002,7.806696415,0,0,0,0,1,-7,0,0.618177533,0.224999994,.,.,.,.,.,.
BENIN,434,1969,6,0,0,0,1.103000045,7.832807541,0,0,0,0,0,-7,0,0.618177533,0.224999994,.,.,.,.,.,.
BENIN,434,1970,6,0,0,0,1.059000015,7.859026909,0,0,0,0,0,-7,0,0.618177533,0.224999994,1,1,1,.,.,.
BENIN,434,1971,6,0,0,0,1.118000031,7.884953022,0,0,0,0,1,-2,1,0.618177533,0.224999994,1,1,1,.,.,.
BENIN,434,1972,6,0,0,0,1.09800005,7.910957336,0,0,0,0,1,-2,1,0.618177533,0.224999994,1,1,1,.,.,.
BENIN,434,1973,6,0,0,0,1.131999969,7.937374592,0,0,0,0,1,-7,0,0.618177533,0.224999994,1,1,1,.,.,.
BENIN,434,1974,6,0,0,0,1.149000049,7.96380806,0,0,0,0,1,-7,0,0.618177533,0.224999994,1,1,1,.,.,.
BENIN,434,1975,6,0,0,0,1.110000014,7.989899158,0,0,0,0,1,-7,0,0.618177533,0.224999994,1,1,1,.,.,.
BENIN,434,1976,6,0,0,0,1.052000046,8.015987396,0,0,0,0,0,-7,0,0.618177533,0.224999994,1,1,1,.,.,.
BENIN,434,1977,6,0,0,0,1.001999974,8.041413307,0,0,0,0,0,-7,0,0.618177533,0.224999994,1,1,1,.,.,.
BENIN,434,1978,6,0,0,0,1.023000002,8.067462921,0,0,0,0,0,-7,0,0.618177533,0.224999994,1,1,1,.,.,.
BENIN,434,1979,6,0,0,0,1.01699996,8.094073296,0,0,0,0,0,-7,0,0.618177533,0.224999994,1,1,1,.,.,.
BENIN,434,1980,6,0,0,0,1.055999994,8.121777534,0,0,0,0,0,-7,0,0.618177533,0.224999994,1,1,1,.,.,.
BENIN,434,1981,6,0,0,0,1.113999963,8.150178909,0,0,0,0,0,-7,0,0.618177533,0.224999994,1,1,1,.,.,.
BENIN,434,1982,6,0,0,0,1.177000046,8.179760933,0,0,0,0,0,-7,0,0.618177533,0.224999994,1,1,1,.,.,.
BENIN,434,1983,6,0,0,0,1.018000007,8.210124016,0,0,0,0,0,-7,0,0.618177533,0.224999994,1,1,1,.,.,.
BENIN,434,1984,6,0,0,0,1.008000016,8.241176605,0,0,0,0,0,-7,0,0.618177533,0.224999994,1,1,1,.,.,.
BENIN,434,1985,6,0,0,0,1.032999992,8.272826195,0,0,0,0,0,-7,0,0.618177533,0.224999994,1,1,1,.,.,.
BENIN,434,1986,6,0,0,0,1.10800004,8.304741859,0,0,0,0,0,-7,0,0.618177533,0.224999994,1,1,1,.,.,.
BENIN,434,1987,6,0,0,0,1.062999964,8.33686924,0,0,0,0,0,-7,0,0.618177533,0.224999994,1,1,1,.,.,.
BENIN,434,1988,6,0,0,0,0.995000005,8.368925095,0,0,0,0,0,-7,0,0.618177533,0.224999994,1,1,1,.,.,.
BENIN,434,1989,6,0,0,0,0.995000005,8.400883675,0,0,0,0,0,-7,0,0.618177533,0.224999994,1,1,1,.,.,.
BENIN,434,1990,6,0,0,0,0.921000004,8.432506561,0,0,0,0,0,-7,0,0.618177533,0.224999994,1,1,1,.,.,.
BENIN,434,1991,6,0,0,0,0.920000017,8.463792801,0,0,0,0,1,0,1,0.618177533,0.224999994,0,0,0,.,.,.
BENIN,434,1992,6,0,0,0,0.94599998,8.494129181,0,0,0,0,1,6,0,0.618177533,0.224999994,0,0,0,.,.,.
BENIN,434,1993,6,0,0,0,0.954999983,8.527143478,0,0,0,0,1,6,0,0.618177533,0.224999994,0,0,0,.,.,.
BENIN,434,1994,6,0,0,0,0.961000025,8.551934242,0,0,0,0,1,6,0,0.618177533,0.224999994,0,0,0,.,.,.
BENIN,434,1995,6,0,0,0,0.975000024,8.58016777,0,0,0,0,0,6,0,0.618177533,0.224999994,0,0,0,.,.,.
BENIN,434,1996,6,0,0,0,0.991999984,8.60794735,0,0,0,0,0,6,0,0.618177533,0.224999994,1,1,1,.,.,.
BENIN,434,1997,6,0,0,0,1.018000007,8.636205673,0,0,0,0,0,6,0,0.618177533,0.224999994,1,1,1,.,.,.
BENIN,434,1998,6,0,0,0,1.047000051,8.664938927,0,0,0,0,0,6,0,0.618177533,0.224999994,1,1,1,.,.,.
BENIN,434,1999,6,0,0,0,1.065000057,8.694149971,0,0,0,0,0,6,0,0.618177533,0.224999994,1,1,1,.,.,.
MAURITANIA,435,1960,6,0,0,0,0.779999971,6.882437706,0,0,0,1,0,-4,1,0.335417271,0.409999996,0,0,0,.,.,.
MAURITANIA,435,1961,6,0,0,0,0.779999971,6.882437706,0,0,0,1,0,-4,1,0.335417271,0.409999996,0,0,0,.,.,.
MAURITANIA,435,1962,6,0,0,0,0.846000016,6.904750824,0,0,0,0,0,-4,1,0.335417271,0.409999996,0,0,0,.,.,.
MAURITANIA,435,1963,6,0,0,0,0.824000001,6.927557945,0,0,0,0,1,-7,0,0.335417271,0.409999996,0,0,0,.,.,.
MAURITANIA,435,1964,6,0,0,0,0.736000001,6.949856281,0,0,0,0,1,-7,0,0.335417271,0.409999996,0,0,0,.,.,.
MAURITANIA,435,1965,6,0,0,0,0.838999987,6.97166872,0,0,0,0,1,-7,0,0.335417271,0.409999996,0,0,0,.,.,.
MAURITANIA,435,1966,6,0,0,0,0.882000029,6.994850159,0,0,0,0,0,-7,0,0.335417271,0.409999996,0,0,0,.,.,.
MAURITANIA,435,1967,6,0,0,0,0.856000006,7.016609669,0,0,0,0,0,-7,0,0.335417271,0.409999996,0,0,0,.,.,.
MAURITANIA,435,1968,6,0,0,0,0.842999995,7.039660454,0,0,0,0,0,-7,0,0.335417271,0.409999996,0,0,0,.,.,.
MAURITANIA,435,1969,6,0,0,0,0.853999972,7.062191486,0,0,0,0,0,-7,0,0.335417271,0.409999996,0,0,0,.,.,.
MAURITANIA,435,1970,6,0,0,0,0.856999993,7.084226608,0,0,0,0,0,-7,0,0.335417271,0.409999996,0,0,0,.,.,.
MAURITANIA,435,1971,6,0,0,0,0.871999979,7.10742569,0,0,0,0,0,-7,0,0.335417271,0.409999996,0,0,0,.,.,.
MAURITANIA,435,1972,6,0,0,0,0.860000014,7.130098343,0,0,0,0,0,-7,0,0.335417271,0.409999996,0,0,0,.,.,.
MAURITANIA,435,1973,6,0,0,0,0.856999993,7.152268887,0,0,0,0,0,-7,0,0.335417271,0.409999996,0,0,0,.,.,.
MAURITANIA,435,1974,6,0,0,0,0.850000024,7.175489902,0,0,0,0,0,-7,0,0.335417271,0.409999996,0,0,0,.,.,.
MAURITANIA,435,1975,6,0,0,0,0.966000021,7.198931217,0,0,0,0,0,-7,0,0.335417271,0.409999996,0,0,0,.,.,.
MAURITANIA,435,1976,6,0,0,0,0.915000021,7.223295689,0,0,0,0,0,-7,0,0.335417271,0.409999996,0,0,0,.,.,.
MAURITANIA,435,1977,6,0,0,0,1.116999984,7.249215126,0,0,0,0,0,-7,0,0.335417271,0.409999996,0,0,0,.,.,.
MAURITANIA,435,1978,6,0,0,0,1.055999994,7.274479389,0,0,0,0,0,-7,0,0.335417271,0.409999996,0,0,0,.,.,.
MAURITANIA,435,1979,6,0,0,0,0.958999991,7.299797535,0,0,0,0,0,-7,0,0.335417271,0.409999996,0,0,0,.,.,.
MAURITANIA,435,1980,6,0,0,0,0.930999994,7.323830605,0,0,0,0,0,-7,0,0.335417271,0.409999996,0,0,0,.,.,.
MAURITANIA,435,1981,6,0,0,0,0.88499999,7.346655369,0,0,0,0,0,-7,0,0.335417271,0.409999996,0,0,0,.,.,.
MAURITANIA,435,1982,6,0,0,0,0.888000011,7.368970394,0,0,0,0,0,-7,0,0.335417271,0.409999996,0,0,0,.,.,.
MAURITANIA,435,1983,6,0,0,0,0.88499999,7.390181541,0,0,0,0,0,-7,0,0.335417271,0.409999996,0,0,0,.,.,.
MAURITANIA,435,1984,6,0,0,0,0.93900001,7.410952091,0,0,0,0,0,-7,0,0.335417271,0.409999996,0,0,0,.,.,.
MAURITANIA,435,1985,6,0,0,0,0.847000003,7.432483673,0,0,0,0,0,-7,0,0.335417271,0.409999996,0,0,0,.,.,.
MAURITANIA,435,1986,6,0,0,0,0.824000001,7.455298424,0,0,0,0,0,-7,0,0.335417271,0.409999996,0,0,0,.,.,.
MAURITANIA,435,1987,6,0,0,0,0.838999987,7.479299545,0,0,0,0,0,-7,0,0.335417271,0.409999996,0,0,0,.,.,.
MAURITANIA,435,1988,6,0,0,0,0.809000015,7.50439167,0,0,0,0,0,-7,0,0.335417271,0.409999996,0,0,0,.,.,.
MAURITANIA,435,1989,6,0,0,0,0.787999988,7.530479908,0,0,0,0,0,-7,0,0.335417271,0.409999996,0,0,0,.,.,.
MAURITANIA,435,1990,6,0,0,0,0.808000028,7.557472706,0,0,0,0,0,-7,0,0.335417271,0.409999996,0,0,0,.,.,.
MAURITANIA,435,1991,6,0,0,0,0.791000009,7.585280895,0,0,0,0,0,-7,0,0.335417271,0.409999996,0,0,0,.,.,.
MAURITANIA,435,1992,6,0,0,0,0.801999986,7.613325119,0,0,0,0,0,-6,0,0.335417271,0.409999996,0,0,0,.,.,.
MAURITANIA,435,1993,6,0,0,0,0.837000012,7.639642239,0,0,0,0,0,-6,0,0.335417271,0.409999996,0,0,0,.,.,.
MAURITANIA,435,1994,6,0,0,0,0.859000027,7.697434425,0,0,0,0,0,-6,0,0.335417271,0.409999996,0,0,0,.,.,.
MAURITANIA,435,1995,6,0,0,0,0.873000026,7.725312233,0,0,0,0,0,-6,0,0.335417271,0.409999996,0,0,0,.,.,.
MAURITANIA,435,1996,6,0,0,0,0.888999999,7.753194332,0,0,0,0,0,-6,0,0.335417271,0.409999996,0,0,0,.,.,.
MAURITANIA,435,1997,6,0,0,0,0.912,7.7808671,0,0,0,0,0,-6,0,0.335417271,0.409999996,0,0,0,.,.,.
MAURITANIA,435,1998,6,0,0,0,0.916000009,7.808327198,0,0,0,0,0,-6,0,0.335417271,0.409999996,0,0,0,.,.,.
MAURITANIA,435,1999,6,0,0,0,0.924000025,7.83558321,0,0,0,0,0,-6,0,0.335417271,0.409999996,0,0,0,.,.,.
NIGER,436,1960,6,0,0,0,0.532000005,8.081475258,1.131402135,0,0,1,0,-7,0,0.732588053,0.239999995,1,1,1,.,.,.
NIGER,436,1961,6,0,0,0,0.532000005,8.081475258,1.131402135,0,0,1,0,-7,0,0.732588053,0.239999995,1,1,1,.,.,.
NIGER,436,1962,6,0,0,0,0.552999973,8.106212616,1.131402135,0,0,0,0,-7,0,0.732588053,0.239999995,1,1,1,.,.,.
NIGER,436,1963,6,0,0,0,0.611999989,8.131236076,1.131402135,0,0,0,0,-7,0,0.732588053,0.239999995,1,1,1,.,.,.
NIGER,436,1964,6,0,0,0,0.625,8.155936241,1.131402135,0,0,0,0,-7,0,0.732588053,0.239999995,1,1,1,.,.,.
NIGER,436,1965,6,0,0,0,0.602999985,8.180880547,1.131402135,0,0,0,0,-7,0,0.732588053,0.239999995,1,1,1,.,.,.
NIGER,436,1966,6,0,0,0,0.640999973,8.205764771,1.131402135,0,0,0,0,-7,0,0.732588053,0.239999995,1,1,1,.,.,.
NIGER,436,1967,6,0,0,0,0.75999999,8.230577469,1.131402135,0,0,0,0,-7,0,0.732588053,0.239999995,1,1,1,.,.,.
NIGER,436,1968,6,0,0,0,0.755999982,8.255309105,1.131402135,0,0,0,0,-7,0,0.732588053,0.239999995,1,1,1,.,.,.
NIGER,436,1969,6,0,0,0,0.755999982,8.280203819,1.131402135,0,0,0,0,-7,0,0.732588053,0.239999995,1,1,1,.,.,.
NIGER,436,1970,6,0,0,0,0.691999972,8.304989815,1.131402135,0,0,0,0,-7,0,0.732588053,0.239999995,1,1,1,.,.,.
NIGER,436,1971,6,0,0,0,0.805000007,8.329898834,1.131402135,0,0,0,0,-7,0,0.732588053,0.239999995,1,1,1,.,.,.
NIGER,436,1972,6,0,0,0,0.824000001,8.352318764,1.131402135,0,0,0,0,-7,0,0.732588053,0.239999995,1,1,1,.,.,.
NIGER,436,1973,6,0,0,0,0.75999999,8.376320839,1.131402135,0,0,0,0,-7,0,0.732588053,0.239999995,1,1,1,.,.,.
NIGER,436,1974,6,0,0,0,0.579999983,8.401332855,1.131402135,0,0,0,0,-7,0,0.732588053,0.239999995,1,1,1,.,.,.
NIGER,436,1975,6,0,0,0,0.702000022,8.428143501,1.131402135,0,0,0,0,-7,0,0.732588053,0.239999995,1,1,1,.,.,.
NIGER,436,1976,6,0,0,0,0.596000016,8.456168175,1.131402135,0,0,0,0,-7,0,0.732588053,0.239999995,1,1,1,.,.,.
NIGER,436,1977,6,0,0,0,0.588,8.485496521,1.131402135,0,0,0,0,-7,0,0.732588053,0.239999995,1,1,1,.,.,.
NIGER,436,1978,6,0,0,0,0.626999974,8.516192436,1.131402135,0,0,0,0,-7,0,0.732588053,0.239999995,1,1,1,.,.,.
NIGER,436,1979,6,0,0,0,0.643000007,8.548304558,1.131402135,0,0,0,0,-7,0,0.732588053,0.239999995,1,1,1,.,.,.
NIGER,436,1980,6,0,0,0,0.70599997,8.58129406,1.131402135,0,0,0,0,-7,0,0.732588053,0.239999995,1,1,1,.,.,.
NIGER,436,1981,6,0,0,0,0.717000008,8.615226746,1.131402135,0,0,0,0,-7,0,0.732588053,0.239999995,1,1,1,.,.,.
NIGER,436,1982,6,0,0,0,0.708000004,8.649973869,1.131402135,0,0,0,0,-7,0,0.732588053,0.239999995,1,1,1,.,.,.
NIGER,436,1983,6,0,0,0,0.713999987,8.685585022,1.131402135,0,0,0,0,-7,0,0.732588053,0.239999995,1,1,1,.,.,.
NIGER,436,1984,6,0,0,0,0.675000012,8.721276283,1.131402135,0,0,0,0,-7,0,0.732588053,0.239999995,1,1,1,.,.,.
NIGER,436,1985,6,0,0,0,0.574000001,8.755894661,1.131402135,0,0,0,0,-7,0,0.732588053,0.239999995,1,1,1,.,.,.
NIGER,436,1986,6,0,0,0,0.559000015,8.78920269,1.131402135,0,0,0,0,-7,0,0.732588053,0.239999995,1,1,1,.,.,.
NIGER,436,1987,6,0,0,0,0.569999993,8.821436882,1.131402135,0,0,0,0,-7,0,0.732588053,0.239999995,1,1,1,.,.,.
NIGER,436,1988,6,0,0,0,0.542999983,8.852807999,1.131402135,0,0,0,0,-7,0,0.732588053,0.239999995,1,1,1,.,.,.
NIGER,436,1989,6,0,0,0,0.537,8.884056091,1.131402135,0,0,0,0,-7,0,0.732588053,0.239999995,1,1,1,.,.,.
NIGER,436,1990,6,0,0,0,0.504999995,8.914088249,1.131402135,0,0,0,0,-7,0,0.732588053,0.239999995,1,1,1,.,.,.
NIGER,436,1991,6,0,0,0,0.48300001,8.952993393,1.131402135,0,0,0,0,-7,0,0.732588053,0.239999995,1,1,1,.,.,.
NIGER,436,1992,6,0,0,0,0.479999989,8.98519516,1.131402135,0,0,0,1,1,1,0.732588053,0.239999995,1,1,1,.,.,.
NIGER,436,1993,6,0,0,0,0.433999985,9.017968178,1.131402135,0,0,0,1,8,0,0.732588053,0.239999995,0,0,0,.,.,.
NIGER,436,1994,6,0,0,0,0.425000012,9.053200722,1.131402135,0,0,0,1,8,0,0.732588053,0.239999995,0,0,0,.,.,.
NIGER,436,1995,6,0,0,0,0.426999986,9.087366104,1.131402135,0,0,0,1,8,0,0.732588053,0.239999995,0,0,0,.,.,.
NIGER,436,1996,6,0,0,0,0.423999995,9.121509552,1.131402135,0,0,0,0,8,0,0.732588053,0.239999995,0,0,0,.,.,.
NIGER,436,1997,6,0,0,0,0.423000008,9.155704498,1.131402135,0,0,0,1,-6,0,0.732588053,0.239999995,0,0,0,.,.,.
NIGER,436,1998,6,0,0,0,0.419999987,9.190013885,1.131402135,0,0,0,1,-6,0,0.732588053,0.239999995,0,0,0,.,.,.
NIGER,436,1999,6,0,0,0,0.448000014,9.224236488,1.131402135,0,0,0,1,-6,0,0.732588053,0.239999995,1,1,1,.,.,.
IVORY COAST,437,1960,6,0,0,0,1.120000005,8.246171951,0.336472243,0,0,1,0,-9,0,0.859293461,0.200000003,1,1,1,.,.,.
IVORY COAST,437,1961,6,0,0,0,1.120000005,8.246171951,0.336472243,0,0,1,0,-9,0,0.859293461,0.200000003,1,1,1,.,.,.
IVORY COAST,437,1962,6,0,0,0,1.154999971,8.282988548,0.336472243,0,0,0,0,-9,0,0.859293461,0.200000003,1,1,1,.,.,.
IVORY COAST,437,1963,6,0,0,0,1.180999994,8.319717407,0.336472243,0,0,0,0,-9,0,0.859293461,0.200000003,1,1,1,.,.,.
IVORY COAST,437,1964,6,0,0,0,1.281000018,8.356554985,0.336472243,0,0,0,0,-9,0,0.859293461,0.200000003,1,1,1,.,.,.
IVORY COAST,437,1965,6,0,0,0,1.422000051,8.393442154,0.336472243,0,0,0,0,-9,0,0.859293461,0.200000003,1,1,1,.,.,.
IVORY COAST,437,1966,6,0,0,0,1.399999976,8.430109024,0.336472243,0,0,0,0,-9,0,0.859293461,0.200000003,1,1,1,.,.,.
IVORY COAST,437,1967,6,0,0,0,1.406999946,8.466952324,0.336472243,0,0,0,0,-9,0,0.859293461,0.200000003,1,1,1,.,.,.
IVORY COAST,437,1968,6,0,0,0,1.399999976,8.503296852,0.336472243,0,0,0,0,-9,0,0.859293461,0.200000003,1,1,1,.,.,.
IVORY COAST,437,1969,6,0,0,0,1.514999986,8.540714264,0.336472243,0,0,0,0,-9,0,0.859293461,0.200000003,1,1,1,.,.,.
IVORY COAST,437,1970,6,0,0,0,1.496999979,8.577535629,0.336472243,0,0,0,0,-9,0,0.859293461,0.200000003,1,1,1,.,.,.
IVORY COAST,437,1971,6,0,0,0,1.61500001,8.614319801,0.336472243,0,0,0,0,-9,0,0.859293461,0.200000003,1,1,1,.,.,.
IVORY COAST,437,1972,6,0,0,0,1.657999992,8.655562401,0.336472243,0,0,0,0,-9,0,0.859293461,0.200000003,1,1,1,.,.,.
IVORY COAST,437,1973,6,0,0,0,1.654999971,8.696510315,0.336472243,0,0,0,0,-9,0,0.859293461,0.200000003,1,1,1,.,.,.
IVORY COAST,437,1974,6,0,0,0,1.694000006,8.73729229,0.336472243,0,0,0,0,-9,0,0.859293461,0.200000003,1,1,1,.,.,.
IVORY COAST,437,1975,6,0,0,0,1.720999956,8.777863503,0.336472243,0,0,0,0,-9,0,0.859293461,0.200000003,1,1,1,.,.,.
IVORY COAST,437,1976,6,0,0,0,1.815999985,8.818037987,0.336472243,0,0,0,0,-9,0,0.859293461,0.200000003,1,1,1,.,.,.
IVORY COAST,437,1977,6,0,0,0,1.970000029,8.858937263,0.336472243,0,0,0,0,-9,0,0.859293461,0.200000003,1,1,1,.,.,.
IVORY COAST,437,1978,6,0,0,0,2.059999943,8.898775101,0.336472243,0,0,0,0,-9,0,0.859293461,0.200000003,1,1,1,.,.,.
IVORY COAST,437,1979,6,0,0,0,2.236999989,8.937480927,0.336472243,0,0,0,0,-9,0,0.859293461,0.200000003,1,1,1,.,.,.
IVORY COAST,437,1980,6,0,0,0,2.227999926,8.974871635,0.336472243,0,0,0,0,-9,0,0.859293461,0.200000003,1,1,1,.,.,.
IVORY COAST,437,1981,6,0,0,0,1.789999962,9.011157036,0.336472243,0,0,0,0,-9,0,0.859293461,0.200000003,1,1,1,.,.,.
IVORY COAST,437,1982,6,0,0,0,1.789999962,9.046290398,0.336472243,0,0,0,0,-9,0,0.859293461,0.200000003,1,1,1,.,.,.
IVORY COAST,437,1983,6,0,0,0,1.697000027,9.079890251,0.336472243,0,0,0,0,-9,0,0.859293461,0.200000003,1,1,1,.,.,.
IVORY COAST,437,1984,6,0,0,0,1.618000031,9.113389015,0.336472243,0,0,0,0,-9,0,0.859293461,0.200000003,1,1,1,.,.,.
IVORY COAST,437,1985,6,0,0,0,1.539000034,9.148358345,0.336472243,0,0,0,0,-9,0,0.859293461,0.200000003,1,1,1,.,.,.
IVORY COAST,437,1986,6,0,0,0,1.544999957,9.185535431,0.336472243,0,0,0,0,-9,0,0.859293461,0.200000003,1,1,1,.,.,.
IVORY COAST,437,1987,6,0,0,0,1.557999969,9.224342346,0.336472243,0,0,0,0,-9,0,0.859293461,0.200000003,1,1,1,.,.,.
IVORY COAST,437,1988,6,0,0,0,1.519999981,9.264070511,0.336472243,0,0,0,0,-9,0,0.859293461,0.200000003,1,1,1,.,.,.
IVORY COAST,437,1989,6,0,0,0,1.41900003,9.304286003,0.336472243,0,0,0,0,-9,0,0.859293461,0.200000003,1,1,1,.,.,.
IVORY COAST,437,1990,6,0,0,0,1.335999966,9.344696045,0.336472243,0,0,0,0,-9,0,0.859293461,0.200000003,1,1,1,.,.,.
IVORY COAST,437,1991,6,0,0,0,1.213000059,9.384461403,0.336472243,0,0,0,0,-7,0,0.859293461,0.200000003,1,1,1,.,.,.
IVORY COAST,437,1992,6,0,0,0,1.157999992,9.422221184,0.336472243,0,0,0,0,-7,0,0.859293461,0.200000003,1,1,1,.,.,.
IVORY COAST,437,1993,6,0,0,0,1.103999972,9.463896751,0.336472243,0,0,0,0,-7,0,0.859293461,0.200000003,1,1,1,.,.,.
IVORY COAST,437,1994,6,0,0,0,1.067000031,9.452905655,0.336472243,0,0,0,0,-7,0,0.859293461,0.200000003,1,1,1,.,.,.
IVORY COAST,437,1995,6,0,0,0,1.05400002,9.482825279,0.336472243,0,0,0,0,-6,0,0.859293461,0.200000003,1,1,1,.,.,.
IVORY COAST,437,1996,6,0,0,0,1.093999982,9.512516975,0.336472243,0,0,0,0,-6,0,0.859293461,0.200000003,1,1,1,.,.,.
IVORY COAST,437,1997,6,0,0,0,1.13499999,9.538835526,0.336472243,0,0,0,0,-6,0,0.859293461,0.200000003,1,1,1,.,.,.
IVORY COAST,437,1998,6,0,0,0,1.175999999,9.561782837,0.336472243,0,0,0,0,-6,0,0.859293461,0.200000003,1,1,1,.,.,.
IVORY COAST,437,1999,6,0,0,0,1.195000052,9.581357956,0.336472243,0,0,0,0,-6,0,0.859293461,0.200000003,1,1,1,.,.,.
GUINEA,438,1958,6,0,0,0,0.57099998,8.029107094,1.435084581,0,0,1,0,-9,0,0.749607503,0.280000001,0,0,0,.,.,.
GUINEA,438,1959,6,0,0,0,0.57099998,8.029107094,1.435084581,0,0,1,0,-9,0,0.749607503,0.280000001,0,0,0,.,.,.
GUINEA,438,1960,6,0,0,0,0.492000014,8.233503342,1.435084581,0,0,0,0,-9,0,0.749607503,0.280000001,0,0,0,.,.,.
GUINEA,438,1961,6,0,0,0,0.559000015,8.255828857,1.435084581,0,0,0,0,-9,0,0.749607503,0.280000001,0,0,0,.,.,.
GUINEA,438,1962,6,0,0,0,0.601999998,8.270012856,1.435084581,0,0,0,0,-9,0,0.749607503,0.280000001,0,0,0,.,.,.
GUINEA,438,1963,6,0,0,0,0.588999987,8.284503937,1.435084581,0,0,0,0,-9,0,0.749607503,0.280000001,0,0,0,.,.,.
GUINEA,438,1964,6,0,0,0,0.586000025,8.29903698,1.435084581,0,0,0,0,-9,0,0.749607503,0.280000001,0,0,0,.,.,.
GUINEA,438,1965,6,0,0,0,0.529999971,8.313362122,1.435084581,0,0,0,0,-9,0,0.749607503,0.280000001,0,0,0,.,.,.
GUINEA,438,1966,6,0,0,0,0.545000017,8.327726364,1.435084581,0,0,0,0,-9,0,0.749607503,0.280000001,0,0,0,.,.,.
GUINEA,438,1967,6,0,0,0,0.55400002,8.344029427,1.435084581,0,0,0,0,-9,0,0.749607503,0.280000001,0,0,0,.,.,.
GUINEA,438,1968,6,0,0,0,0.524999976,8.360305786,1.435084581,0,0,0,0,-9,0,0.749607503,0.280000001,0,0,0,.,.,.
GUINEA,438,1969,6,0,0,0,0.527999997,8.376781464,1.435084581,0,0,0,0,-9,0,0.749607503,0.280000001,0,0,0,.,.,.
GUINEA,438,1970,6,0,0,0,0.518999994,8.393216133,1.435084581,0,0,0,0,-9,0,0.749607503,0.280000001,0,0,0,.,.,.
GUINEA,438,1971,6,0,0,0,0.467000008,8.409607887,1.435084581,0,0,0,0,-9,0,0.749607503,0.280000001,0,0,0,.,.,.
GUINEA,438,1972,6,0,0,0,0.572000027,8.271037102,1.435084581,0,0,0,0,-9,0,0.749607503,0.280000001,0,0,0,.,.,.
GUINEA,438,1973,6,0,0,0,0.541000009,8.286269188,1.435084581,0,0,0,0,-9,0,0.749607503,0.280000001,0,0,0,.,.,.
GUINEA,438,1974,6,0,0,0,0.573000014,8.30177021,1.435084581,0,0,0,0,-9,0,0.749607503,0.280000001,0,0,0,.,.,.
GUINEA,438,1975,6,0,0,0,0.643000007,8.316544533,1.435084581,0,0,0,0,-9,0,0.749607503,0.280000001,0,0,0,.,.,.
GUINEA,438,1976,6,0,0,0,0.68599999,8.330622673,1.435084581,0,0,0,0,-9,0,0.749607503,0.280000001,0,0,0,.,.,.
GUINEA,438,1977,6,0,0,0,0.744000018,8.34307766,1.435084581,0,0,0,0,-9,0,0.749607503,0.280000001,0,0,0,.,.,.
GUINEA,438,1978,6,0,0,0,0.755999982,8.356084824,1.435084581,0,0,0,0,-9,0,0.749607503,0.280000001,0,0,0,.,.,.
GUINEA,438,1979,6,0,0,0,0.768999994,8.370315552,1.435084581,0,0,0,0,-9,0,0.749607503,0.280000001,0,0,0,.,.,.
GUINEA,438,1980,6,0,0,0,0.75999999,8.38594532,1.435084581,0,0,0,0,-9,0,0.749607503,0.280000001,0,0,0,.,.,.
GUINEA,438,1981,6,0,0,0,0.816999972,8.403128624,1.435084581,0,0,0,0,-9,0,0.749607503,0.280000001,0,0,0,.,.,.
GUINEA,438,1982,6,0,0,0,0.769999981,8.422223091,1.435084581,0,0,0,0,-9,0,0.749607503,0.280000001,0,0,0,.,.,.
GUINEA,438,1983,6,0,0,0,0.782000005,8.443116188,1.435084581,0,0,0,0,-9,0,0.749607503,0.280000001,0,0,0,.,.,.
GUINEA,438,1984,6,0,0,0,0.746999979,8.465689659,1.435084581,0,0,0,0,-9,0,0.749607503,0.280000001,1,1,1,.,.,.
GUINEA,438,1985,6,0,0,0,0.699000001,8.489616394,1.435084581,0,0,0,0,-7,0,0.749607503,0.280000001,1,1,1,.,.,.
GUINEA,438,1986,6,0,0,0,0.712000012,8.514590263,1.435084581,0,0,0,0,-7,0,0.749607503,0.280000001,1,1,1,.,.,.
GUINEA,438,1987,6,0,0,0,0.73299998,8.540518761,1.435084581,0,0,0,0,-7,0,0.749607503,0.280000001,1,1,1,.,.,.
GUINEA,438,1988,6,0,0,0,0.742999971,8.567316055,1.435084581,0,0,0,0,-7,0,0.749607503,0.280000001,1,1,1,.,.,.
GUINEA,438,1989,6,0,0,0,0.774999976,8.594894409,1.435084581,0,0,0,0,-7,0,0.749607503,0.280000001,1,1,1,.,.,.
GUINEA,438,1990,6,0,0,0,0.774999976,8.622813225,1.435084581,0,0,0,0,-7,0,0.749607503,0.280000001,1,1,1,.,.,.
GUINEA,438,1991,6,0,0,0,0.76700002,8.651199341,1.435084581,0,0,0,0,-7,0,0.749607503,0.280000001,1,1,1,.,.,.
GUINEA,438,1992,6,0,0,0,0.763000011,8.679311752,1.435084581,0,0,0,0,-5,1,0.749607503,0.280000001,1,1,1,.,.,.
GUINEA,438,1993,6,0,0,0,0.74000001,8.71555233,1.435084581,0,0,0,0,-5,1,0.749607503,0.280000001,1,1,1,.,.,.
GUINEA,438,1994,6,0,0,0,0.754000008,8.742013931,1.435084581,0,0,0,0,-5,1,0.749607503,0.280000001,1,1,1,.,.,.
GUINEA,438,1995,6,0,0,0,0.764999986,8.768042564,1.435084581,0,0,0,0,-5,1,0.749607503,0.280000001,1,1,1,.,.,.
GUINEA,438,1996,6,0,0,0,0.777999997,8.793459892,1.435084581,0,0,0,1,-1,1,0.749607503,0.280000001,1,1,1,.,.,.
GUINEA,438,1997,6,0,0,0,0.79400003,8.818177223,1.435084581,0,0,0,1,-1,1,0.749607503,0.280000001,1,1,1,.,.,.
GUINEA,438,1998,6,0,0,0,0.811999977,8.842111588,1.435084581,0,0,0,1,-1,1,0.749607503,0.280000001,1,1,1,.,.,.
GUINEA,438,1999,6,0,0,0,0.828999996,8.865476608,1.435084581,0,0,0,0,-1,1,0.749607503,0.280000001,1,1,1,.,.,.
BURKINA FASO,439,1960,6,0,0,0,0.456,8.375629425,0,0,0,1,0,-7,0,0.678255439,0.140000001,0,0,0,.,.,.
BURKINA FASO,439,1961,6,0,0,0,0.456,8.375629425,0,0,0,1,0,-7,0,0.678255439,0.140000001,0,0,0,.,.,.
BURKINA FASO,439,1962,6,0,0,0,0.412999988,8.408047676,0,0,0,0,0,-7,0,0.678255439,0.140000001,0,0,0,.,.,.
BURKINA FASO,439,1963,6,0,0,0,0.428000003,8.440312386,0,0,0,0,0,-7,0,0.678255439,0.140000001,0,0,0,.,.,.
BURKINA FASO,439,1964,6,0,0,0,0.402999997,8.472823143,0,0,0,0,0,-7,0,0.678255439,0.140000001,0,0,0,.,.,.
BURKINA FASO,439,1965,6,0,0,0,0.405000001,8.505120277,0,0,0,0,0,-7,0,0.678255439,0.140000001,0,0,0,.,.,.
BURKINA FASO,439,1966,6,0,0,0,0.372999996,8.537584305,0,0,0,0,0,-7,0,0.678255439,0.140000001,1,1,1,.,.,.
BURKINA FASO,439,1967,6,0,0,0,0.367000014,8.557759285,0,0,0,0,0,-7,0,0.678255439,0.140000001,1,1,1,.,.,.
BURKINA FASO,439,1968,6,0,0,0,0.398999989,8.577912331,0,0,0,0,0,-7,0,0.678255439,0.140000001,1,1,1,.,.,.
BURKINA FASO,439,1969,6,0,0,0,0.411000013,8.59766674,0,0,0,0,0,-7,0,0.678255439,0.140000001,1,1,1,.,.,.
BURKINA FASO,439,1970,6,0,0,0,0.411000013,8.617219925,0,0,0,0,0,-6,0,0.678255439,0.140000001,1,1,1,.,.,.
BURKINA FASO,439,1971,6,0,0,0,0.374000013,8.636397362,0,0,0,0,0,-4,1,0.678255439,0.140000001,0,0,0,.,.,.
BURKINA FASO,439,1972,6,0,0,0,0.374000013,8.655388832,0,0,0,0,0,-4,1,0.678255439,0.140000001,0,0,0,.,.,.
BURKINA FASO,439,1973,6,0,0,0,0.377000004,8.673854828,0,0,0,0,0,-4,1,0.678255439,0.140000001,0,0,0,.,.,.
BURKINA FASO,439,1974,6,0,0,0,0.375999987,8.692658424,0,0,0,0,0,-4,1,0.678255439,0.140000001,1,1,1,.,.,.
BURKINA FASO,439,1975,6,0,0,0,0.393000007,8.712101936,0,0,0,0,0,-4,1,0.678255439,0.140000001,1,1,1,.,.,.
BURKINA FASO,439,1976,6,0,0,0,0.416000009,8.732626915,0,0,0,0,0,-4,1,0.678255439,0.140000001,1,1,1,.,.,.
BURKINA FASO,439,1977,6,0,0,0,0.435000002,8.754792213,0,0,0,0,0,-4,1,0.678255439,0.140000001,1,1,1,.,.,.
BURKINA FASO,439,1978,6,0,0,0,0.448000014,8.777555466,0,0,0,0,1,1,1,0.678255439,0.140000001,1,1,1,.,.,.
BURKINA FASO,439,1979,6,0,0,0,0.444999993,8.8007164,0,0,0,0,1,5,1,0.678255439,0.140000001,1,1,1,.,.,.
BURKINA FASO,439,1980,6,0,0,0,0.460999995,8.824383736,0,0,0,0,1,5,1,0.678255439,0.140000001,1,1,1,.,.,.
BURKINA FASO,439,1981,6,0,0,0,0.456999987,8.848221779,0,0,0,0,1,-7,0,0.678255439,0.140000001,1,1,1,.,.,.
BURKINA FASO,439,1982,6,0,0,0,0.465999991,8.872346878,0,0,0,0,1,-7,0,0.678255439,0.140000001,0,0,0,.,.,.
BURKINA FASO,439,1983,6,0,0,0,0.512000024,8.896724701,0,0,0,0,1,-7,0,0.678255439,0.140000001,1,1,1,.,.,.
BURKINA FASO,439,1984,6,0,0,0,0.501999974,8.921457291,0,0,0,0,0,-7,0,0.678255439,0.140000001,1,1,1,.,.,.
BURKINA FASO,439,1985,6,0,0,0,0.474000007,8.946635246,0,0,0,0,0,-7,0,0.678255439,0.140000001,1,1,1,.,.,.
BURKINA FASO,439,1986,6,0,0,0,0.495000005,8.97220993,0,0,0,0,0,-7,0,0.678255439,0.140000001,1,1,1,.,.,.
BURKINA FASO,439,1987,6,0,0,0,0.510999978,8.998260498,0,0,0,0,0,-7,0,0.678255439,0.140000001,0,0,0,.,.,.
BURKINA FASO,439,1988,6,0,0,0,0.510999978,9.024853706,0,0,0,0,0,-7,0,0.678255439,0.140000001,0,0,0,.,.,.
BURKINA FASO,439,1989,6,0,0,0,0.522000015,9.051813126,0,0,0,0,0,-7,0,0.678255439,0.140000001,0,0,0,.,.,.
BURKINA FASO,439,1990,6,0,0,0,0.518999994,9.079092026,0,0,0,0,0,-7,0,0.678255439,0.140000001,0,0,0,.,.,.
BURKINA FASO,439,1991,6,0,0,0,0.510999978,9.10675621,0,0,0,0,0,-7,0,0.678255439,0.140000001,0,0,0,.,.,.
BURKINA FASO,439,1992,6,0,0,0,0.522000015,9.134754181,0,0,0,0,0,-5,1,0.678255439,0.140000001,0,0,0,.,.,.
BURKINA FASO,439,1993,6,0,0,0,0.513999999,9.163877487,0,0,0,0,0,-5,1,0.678255439,0.140000001,0,0,0,.,.,.
BURKINA FASO,439,1994,6,0,0,0,0.497999996,9.161979675,0,0,0,0,0,-5,1,0.678255439,0.140000001,0,0,0,.,.,.
BURKINA FASO,439,1995,6,0,0,0,0.492000014,9.185538292,0,0,0,0,0,-5,1,0.678255439,0.140000001,0,0,0,.,.,.
BURKINA FASO,439,1996,6,0,0,0,0.5,9.209139824,0,0,0,0,0,-5,1,0.678255439,0.140000001,0,0,0,.,.,.
BURKINA FASO,439,1997,6,0,0,0,0.518000007,9.232590675,0,0,0,0,0,-5,1,0.678255439,0.140000001,0,0,0,.,.,.
BURKINA FASO,439,1998,6,0,0,0,0.528999984,9.256606102,0,0,0,0,0,-4,1,0.678255439,0.140000001,0,0,0,.,.,.
BURKINA FASO,439,1999,6,0,0,0,0.547999978,9.28082943,0,0,0,0,0,-4,1,0.678255439,0.140000001,0,0,0,.,.,.
LIBERIA,450,1945,6,0,0,0,.,6.406879902,0.470003635,0,0,0,0,-6,0,0.829912245,0.159999996,1,1,1,.,.,.
LIBERIA,450,1946,6,0,0,0,.,6.406879902,0.470003635,0,0,0,0,-6,0,0.829912245,0.159999996,1,1,1,.,.,.
LIBERIA,450,1947,6,0,0,0,0.601999998,6.498281956,0.470003635,0,0,0,0,-6,0,0.829912245,0.159999996,1,1,1,.,.,.
LIBERIA,450,1948,6,0,0,0,0.601000011,6.529418945,0.470003635,0,0,0,0,-6,0,0.829912245,0.159999996,1,1,1,.,.,.
LIBERIA,450,1949,6,0,0,0,0.600000024,6.561030865,0.470003635,0,0,0,0,-6,0,0.829912245,0.159999996,1,1,1,.,.,.
LIBERIA,450,1950,6,0,0,0,0.563000023,6.590301037,0.470003635,0,0,0,0,-6,0,0.829912245,0.159999996,1,1,1,.,.,.
LIBERIA,450,1951,6,0,0,0,0.610000014,6.608000755,0.470003635,0,0,0,0,-6,0,0.829912245,0.159999996,1,1,1,.,.,.
LIBERIA,450,1952,6,0,0,0,0.444999993,6.633318424,0.470003635,0,0,0,0,-6,0,0.829912245,0.159999996,1,1,1,.,.,.
LIBERIA,450,1953,6,0,0,0,0.460999995,6.659294128,0.470003635,0,0,0,0,-6,0,0.829912245,0.159999996,1,1,1,.,.,.
LIBERIA,450,1954,6,0,0,0,0.620999992,6.685861111,0.470003635,0,0,0,0,-6,0,0.829912245,0.159999996,1,1,1,.,.,.
LIBERIA,450,1955,6,0,0,0,0.776000023,6.712956429,0.470003635,0,0,0,0,-6,0,0.829912245,0.159999996,1,1,1,.,.,.
LIBERIA,450,1956,6,0,0,0,0.740999997,6.740519524,0.470003635,0,0,0,0,-6,0,0.829912245,0.159999996,1,1,1,.,.,.
LIBERIA,450,1957,6,0,0,0,0.621999979,6.768493176,0.470003635,0,0,0,0,-6,0,0.829912245,0.159999996,1,1,1,.,.,.
LIBERIA,450,1958,6,0,0,0,0.671999991,6.797940254,0.470003635,0,0,0,0,-6,0,0.829912245,0.159999996,1,1,1,.,.,.
LIBERIA,450,1959,6,0,0,0,0.718999982,6.826545238,0.470003635,0,0,0,0,-6,0,0.829912245,0.159999996,1,1,1,.,.,.
LIBERIA,450,1960,6,0,0,0,0.694999993,6.855408669,0.470003635,0,0,0,0,-6,0,0.829912245,0.159999996,1,1,1,.,.,.
LIBERIA,450,1961,6,0,0,0,0.717000008,6.956545353,0.470003635,0,0,0,0,-6,0,0.829912245,0.159999996,1,1,1,.,.,.
LIBERIA,450,1962,6,0,0,0,0.74000001,6.982862949,0.470003635,0,0,0,0,-6,0,0.829912245,0.159999996,1,1,1,.,.,.
LIBERIA,450,1963,6,0,0,0,0.734000027,7.009408951,0.470003635,0,0,0,0,-6,0,0.829912245,0.159999996,1,1,1,.,.,.
LIBERIA,450,1964,6,0,0,0,0.805000007,7.036148548,0.470003635,0,0,0,0,-6,0,0.829912245,0.159999996,1,1,1,.,.,.
LIBERIA,450,1965,6,0,0,0,0.80400002,7.063048363,0.470003635,0,0,0,0,-6,0,0.829912245,0.159999996,1,1,1,.,.,.
LIBERIA,450,1966,6,0,0,0,0.824000001,7.089242935,0.470003635,0,0,0,0,-6,0,0.829912245,0.159999996,1,1,1,.,.,.
LIBERIA,450,1967,6,0,0,0,0.88499999,7.115581989,0.470003635,0,0,0,0,-6,0,0.829912245,0.159999996,1,1,1,.,.,.
LIBERIA,450,1968,6,0,0,0,0.916999996,7.142036438,0.470003635,0,0,0,0,-6,0,0.829912245,0.159999996,1,1,1,.,.,.
LIBERIA,450,1969,6,0,0,0,0.912,7.168580055,0.470003635,0,0,0,0,-6,0,0.829912245,0.159999996,1,1,1,.,.,.
LIBERIA,450,1970,6,0,0,0,0.949000001,7.195187092,0.470003635,0,0,0,0,-6,0,0.829912245,0.159999996,1,1,1,.,.,.
LIBERIA,450,1971,6,0,0,0,0.981999993,7.239932537,0.470003635,0,0,0,0,-6,0,0.829912245,0.159999996,1,1,1,.,.,.
LIBERIA,450,1972,6,0,0,0,1.067999959,7.263329506,0.470003635,0,0,0,0,-6,0,0.829912245,0.159999996,1,1,1,.,.,.
LIBERIA,450,1973,6,0,0,0,0.944000006,7.293017864,0.470003635,0,0,0,0,-6,0,0.829912245,0.159999996,1,1,1,.,.,.
LIBERIA,450,1974,6,0,0,0,1.036999941,7.323170662,0.470003635,0,0,0,0,-6,0,0.829912245,0.159999996,1,1,1,.,.,.
LIBERIA,450,1975,6,0,0,0,1.052999973,7.353081703,0.470003635,0,0,0,0,-6,0,0.829912245,0.159999996,1,1,1,.,.,.
LIBERIA,450,1976,6,0,0,0,0.94599998,7.383368015,0.470003635,0,0,0,0,-6,0,0.829912245,0.159999996,1,1,1,.,.,.
LIBERIA,450,1977,6,0,0,0,0.991999984,7.41397047,0.470003635,0,0,0,0,-6,0,0.829912245,0.159999996,1,1,1,.,.,.
LIBERIA,450,1978,6,0,0,0,1.029000044,7.444833279,0.470003635,0,0,0,0,-6,0,0.829912245,0.159999996,1,1,1,.,.,.
LIBERIA,450,1979,6,0,0,0,1.034000039,7.475905895,0.470003635,0,0,0,0,-6,0,0.829912245,0.159999996,1,1,1,.,.,.
LIBERIA,450,1980,6,0,0,0,1.014999986,7.507141113,0.470003635,0,0,0,0,-6,0,0.829912245,0.159999996,1,1,1,.,.,.
LIBERIA,450,1981,6,0,0,0,0.926999986,7.538495064,0.470003635,0,0,0,0,-7,0,0.829912245,0.159999996,1,1,1,.,.,.
LIBERIA,450,1982,6,0,0,0,0.962000012,7.569927692,0.470003635,0,0,0,0,-7,0,0.829912245,0.159999996,1,1,1,.,.,.
LIBERIA,450,1983,6,0,0,0,0.93599999,7.601402283,0.470003635,0,0,0,0,-7,0,0.829912245,0.159999996,1,1,1,.,.,.
LIBERIA,450,1984,6,0,0,0,0.921000004,7.633369446,0.470003635,0,0,0,0,-7,0,0.829912245,0.159999996,1,1,1,.,.,.
LIBERIA,450,1985,6,0,0,0,0.869000018,7.664815903,0.470003635,0,0,0,0,-6,0,0.829912245,0.159999996,1,1,1,.,.,.
LIBERIA,450,1986,6,0,0,0,0.852999985,7.695757866,0.470003635,0,0,0,0,-6,0,0.829912245,0.159999996,1,1,1,.,.,.
LIBERIA,450,1987,6,0,0,0,0.787999988,7.726653576,0.470003635,0,0,0,0,-6,0,0.829912245,0.159999996,1,1,1,.,.,.
LIBERIA,450,1988,6,0,0,0,0.864000022,7.731930733,0.470003635,0,0,0,0,-6,0,0.829912245,0.159999996,1,1,1,.,.,.
LIBERIA,450,1989,6,1,1,0,0.870999992,7.757906437,0.470003635,0,0,0,0,-6,0,0.829912245,0.159999996,1,1,1,.,.,.
LIBERIA,450,1990,6,0,0,1,0.843999982,7.783224106,0.470003635,0,0,0,0,-6,0,0.829912245,0.159999996,1,1,1,.,.,.
LIBERIA,450,1991,6,0,0,1,0.801999986,7.807916641,0.470003635,0,0,0,1,0,1,0.829912245,0.159999996,1,1,1,.,.,.
LIBERIA,450,1992,6,0,0,1,0.744000018,7.832014084,0.470003635,0,0,0,1,0,1,0.829912245,0.159999996,1,1,1,.,.,.
LIBERIA,450,1993,6,0,0,1,.,7.855544567,0.470003635,0,0,0,1,0,1,0.829912245,0.159999996,1,1,1,.,.,.
LIBERIA,450,1994,6,0,0,1,.,7.862535954,0.470003635,0,0,0,1,0,1,0.829912245,0.159999996,1,1,1,.,.,.
LIBERIA,450,1995,6,0,0,1,.,7.887107372,0.470003635,0,0,0,1,0,1,0.829912245,0.159999996,0,0,0,.,.,.
LIBERIA,450,1996,6,0,0,1,.,7.913155079,0.470003635,0,0,0,1,0,1,0.829912245,0.159999996,1,1,1,.,.,.
LIBERIA,450,1997,6,0,0,1,.,7.940010548,0.470003635,0,0,0,1,0,1,0.829912245,0.159999996,1,1,1,.,.,.
LIBERIA,450,1998,6,0,0,0,.,7.967668533,0.470003635,0,0,0,1,0,1,0.829912245,0.159999996,1,1,1,.,.,.
LIBERIA,450,1999,6,0,0,0,.,7.996131897,0.470003635,0,0,0,1,0,1,0.829912245,0.159999996,1,1,1,.,.,.
SIERRA LEONE,451,1961,6,0,0,0,0.878000021,7.760467052,0.993251801,0,0,1,0,6,0,0.768846512,0.300000012,0,0,0,.,.,.
SIERRA LEONE,451,1962,6,0,0,0,0.878000021,7.760467052,0.993251801,0,0,1,0,6,0,0.768846512,0.300000012,0,0,0,.,.,.
SIERRA LEONE,451,1963,6,0,0,0,0.967999995,7.77401495,0.993251801,0,0,0,0,6,0,0.768846512,0.300000012,0,0,0,.,.,.
SIERRA LEONE,451,1964,6,0,0,0,1.039999962,7.787796974,0.993251801,0,0,0,0,6,0,0.768846512,0.300000012,0,0,0,.,.,.
SIERRA LEONE,451,1965,6,0,0,0,1.095000029,7.801391125,0.993251801,0,0,0,0,6,0,0.768846512,0.300000012,0,0,0,.,.,.
SIERRA LEONE,451,1966,6,0,0,0,1.113999963,7.8148036,0.993251801,0,0,0,0,6,0,0.768846512,0.300000012,0,0,0,.,.,.
SIERRA LEONE,451,1967,6,0,0,0,1.100000024,7.828436375,0.993251801,0,0,0,0,6,0,0.768846512,0.300000012,1,1,1,.,.,.
SIERRA LEONE,451,1968,6,0,0,0,1.018000007,7.841886044,0.993251801,0,0,0,1,-7,0,0.768846512,0.300000012,1,1,1,.,.,.
SIERRA LEONE,451,1969,6,0,0,0,1.097000003,7.855544567,0.993251801,0,0,0,1,1,1,0.768846512,0.300000012,1,1,1,.,.,.
SIERRA LEONE,451,1970,6,0,0,0,1.15199995,7.869019508,0.993251801,0,0,0,1,1,1,0.768846512,0.300000012,1,1,1,.,.,.
SIERRA LEONE,451,1971,6,0,0,0,1.434999943,7.882692337,0.993251801,0,0,0,1,1,1,0.768846512,0.300000012,1,1,1,.,.,.
SIERRA LEONE,451,1972,6,0,0,0,1.121000051,7.903596401,0.993251801,0,0,0,1,-6,0,0.768846512,0.300000012,1,1,1,.,.,.
SIERRA LEONE,451,1973,6,0,0,0,1.10800004,7.922986031,0.993251801,0,0,0,1,-6,0,0.768846512,0.300000012,1,1,1,.,.,.
SIERRA LEONE,451,1974,6,0,0,0,1.184000015,7.942717552,0.993251801,0,0,0,1,-6,0,0.768846512,0.300000012,1,1,1,.,.,.
SIERRA LEONE,451,1975,6,0,0,0,1.258999944,7.962763786,0.993251801,0,0,0,0,-6,0,0.768846512,0.300000012,1,1,1,.,.,.
SIERRA LEONE,451,1976,6,0,0,0,1.200000048,7.983098984,0.993251801,0,0,0,0,-6,0,0.768846512,0.300000012,1,1,1,.,.,.
SIERRA LEONE,451,1977,6,0,0,0,1.174999952,8.004031181,0.993251801,0,0,0,0,-6,0,0.768846512,0.300000012,1,1,1,.,.,.
SIERRA LEONE,451,1978,6,0,0,0,1.10800004,8.02551651,0.993251801,0,0,0,0,-6,0,0.768846512,0.300000012,1,1,1,.,.,.
SIERRA LEONE,451,1979,6,0,0,0,1.065000057,8.046869278,0.993251801,0,0,0,0,-7,0,0.768846512,0.300000012,1,1,1,.,.,.
SIERRA LEONE,451,1980,6,0,0,0,1.190000057,8.068403244,0.993251801,0,0,0,0,-7,0,0.768846512,0.300000012,1,1,1,.,.,.
SIERRA LEONE,451,1981,6,0,0,0,1.139000058,8.090402603,0.993251801,0,0,0,0,-7,0,0.768846512,0.300000012,1,1,1,.,.,.
SIERRA LEONE,451,1982,6,0,0,0,1.097000003,8.112527847,0.993251801,0,0,0,0,-7,0,0.768846512,0.300000012,1,1,1,.,.,.
SIERRA LEONE,451,1983,6,0,0,0,1.074000001,8.134760857,0.993251801,0,0,0,0,-7,0,0.768846512,0.300000012,1,1,1,.,.,.
SIERRA LEONE,451,1984,6,0,0,0,1.133000016,8.157083511,0.993251801,0,0,0,0,-7,0,0.768846512,0.300000012,1,1,1,.,.,.
SIERRA LEONE,451,1985,6,0,0,0,0.964999974,8.180040359,0.993251801,0,0,0,0,-7,0,0.768846512,0.300000012,1,1,1,.,.,.
SIERRA LEONE,451,1986,6,0,0,0,0.904999971,8.203577995,0.993251801,0,0,0,0,-7,0,0.768846512,0.300000012,1,1,1,.,.,.
SIERRA LEONE,451,1987,6,0,0,0,0.880999982,8.227643013,0.993251801,0,0,0,0,-7,0,0.768846512,0.300000012,1,1,1,.,.,.
SIERRA LEONE,451,1988,6,0,0,0,0.867999971,8.251924515,0.993251801,0,0,0,0,-7,0,0.768846512,0.300000012,1,1,1,.,.,.
SIERRA LEONE,451,1989,6,0,0,0,0.888999999,8.276903152,0.993251801,0,0,0,0,-7,0,0.768846512,0.300000012,1,1,1,.,.,.
SIERRA LEONE,451,1990,6,0,0,0,0.920000017,8.302018166,0.993251801,0,0,0,0,-7,0,0.768846512,0.300000012,1,1,1,.,.,.
SIERRA LEONE,451,1991,6,1,1,0,0.901000023,8.327484131,0.993251801,0,0,0,0,-7,0,0.768846512,0.300000012,1,1,1,.,.,.
SIERRA LEONE,451,1992,6,0,0,1,0.925999999,8.353025436,0.993251801,0,0,0,0,-6,0,0.768846512,0.300000012,1,1,1,.,.,.
SIERRA LEONE,451,1993,6,0,0,1,0.734000027,8.378849983,0.993251801,0,0,0,0,-7,0,0.768846512,0.300000012,1,1,1,.,.,.
SIERRA LEONE,451,1994,6,0,0,1,0.717000008,8.364741325,0.993251801,0,0,0,0,-7,0,0.768846512,0.300000012,1,1,1,.,.,.
SIERRA LEONE,451,1995,6,0,0,1,0.723999977,8.3891325,0.993251801,0,0,0,0,-7,0,0.768846512,0.300000012,1,1,1,.,.,.
SIERRA LEONE,451,1996,6,0,0,1,0.635999978,8.41405201,0.993251801,0,0,0,0,-7,0,0.768846512,0.300000012,0,0,0,.,.,.
SIERRA LEONE,451,1997,6,0,0,1,0.649999976,8.440312386,0.993251801,0,0,0,1,4,1,0.768846512,0.300000012,1,1,1,.,.,.
SIERRA LEONE,451,1998,6,0,0,1,0.522000015,8.465478897,0.993251801,0,0,0,1,0,1,0.768846512,0.300000012,0,0,0,.,.,.
SIERRA LEONE,451,1999,6,0,0,1,0.507000029,8.487677574,0.993251801,0,0,0,1,0,1,0.768846512,0.300000012,0,0,0,.,.,.
GHANA,452,1957,6,0,0,0,0.888000011,8.700680733,0,0,0,1,0,.,.,0.706123292,0.150000006,1,1,1,.,.,.
GHANA,452,1958,6,0,0,0,0.888000011,8.700680733,0,0,0,1,0,.,.,0.706123292,0.150000006,1,1,1,.,.,.
GHANA,452,1959,6,0,0,0,0.824000001,8.743850708,0,0,0,0,.,.,.,0.706123292,0.150000006,1,1,1,.,.,.
GHANA,452,1960,6,0,0,0,0.882000029,8.784927368,0,0,0,0,.,.,.,0.706123292,0.150000006,1,1,1,.,.,.
GHANA,452,1961,6,0,0,0,0.893999994,8.828640938,0,0,0,0,0,-8,0,0.706123292,0.150000006,1,1,1,.,.,.
GHANA,452,1962,6,0,0,0,0.93900001,8.855093002,0,0,0,0,0,-8,0,0.706123292,0.150000006,1,1,1,.,.,.
GHANA,452,1963,6,0,0,0,0.930000007,8.881558418,0,0,0,0,0,-9,0,0.706123292,0.150000006,1,1,1,.,.,.
GHANA,452,1964,6,0,0,0,0.934000015,8.908153534,0,0,0,0,0,-9,0,0.706123292,0.150000006,1,1,1,.,.,.
GHANA,452,1965,6,0,0,0,0.903999984,8.934719086,0,0,0,0,0,-9,0,0.706123292,0.150000006,1,1,1,.,.,.
GHANA,452,1966,6,0,0,0,0.883000016,8.961109161,0,0,0,0,0,-9,0,0.706123292,0.150000006,1,1,1,.,.,.
GHANA,452,1967,6,0,0,0,0.861999989,8.98193264,0,0,0,0,0,-7,0,0.706123292,0.150000006,1,1,1,.,.,.
GHANA,452,1968,6,0,0,0,0.90200001,9.002454758,0,0,0,0,0,-7,0,0.706123292,0.150000006,1,1,1,.,.,.
GHANA,452,1969,6,0,0,0,0.911000013,9.023287773,0,0,0,0,0,-7,0,0.706123292,0.150000006,0,0,0,.,.,.
GHANA,452,1970,6,0,0,0,0.927999973,9.043931961,0,0,0,0,1,-2,1,0.706123292,0.150000006,0,0,0,.,.,.
GHANA,452,1971,6,0,0,0,1.059000015,9.061143875,0,0,0,0,1,3,1,0.706123292,0.150000006,0,0,0,.,.,.
GHANA,452,1972,6,0,0,0,1.039999962,9.091218948,0,0,0,0,1,3,1,0.706123292,0.150000006,0,0,0,.,.,.
GHANA,452,1973,6,0,0,0,0.941999972,9.120197296,0,0,0,0,1,-7,0,0.706123292,0.150000006,0,0,0,.,.,.
GHANA,452,1974,6,0,0,0,0.97299999,9.147187233,0,0,0,0,1,-7,0,0.706123292,0.150000006,0,0,0,.,.,.
GHANA,452,1975,6,0,0,0,1.090999961,9.171703339,0,0,0,0,1,-7,0,0.706123292,0.150000006,0,0,0,.,.,.
GHANA,452,1976,6,0,0,0,0.913999975,9.193702698,0,0,0,0,0,-7,0,0.706123292,0.150000006,0,0,0,.,.,.
GHANA,452,1977,6,0,0,0,0.867999971,9.212637901,0,0,0,0,0,-7,0,0.706123292,0.150000006,0,0,0,.,.,.
GHANA,452,1978,6,0,0,0,0.917999983,9.227885246,0,0,0,0,0,-7,0,0.706123292,0.150000006,0,0,0,.,.,.
GHANA,452,1979,6,0,0,0,1.02699995,9.242033005,0,0,0,0,1,0,1,0.706123292,0.150000006,.,.,.,.,.,.
GHANA,452,1980,6,0,0,0,0.949000001,9.259225845,0,0,0,0,1,6,0,0.706123292,0.150000006,.,.,.,.,.,.
GHANA,452,1981,6,0,0,0,0.976000011,9.281730652,0,0,0,0,1,6,0,0.706123292,0.150000006,1,1,1,.,.,.
GHANA,452,1982,6,0,0,0,0.93599999,9.308374405,0,0,0,0,1,-1,1,0.706123292,0.150000006,1,1,1,.,.,.
GHANA,452,1983,6,0,0,0,0.795000017,9.338381767,0,0,0,0,1,-7,0,0.706123292,0.150000006,1,1,1,.,.,.
GHANA,452,1984,6,0,0,0,0.769999981,9.371353149,0,0,0,0,1,-7,0,0.706123292,0.150000006,1,1,1,.,.,.
GHANA,452,1985,6,0,0,0,0.785000026,9.406564713,0,0,0,0,1,-7,0,0.706123292,0.150000006,1,1,1,.,.,.
GHANA,452,1986,6,0,0,0,0.791999996,9.443037987,0,0,0,0,0,-7,0,0.706123292,0.150000006,1,1,1,.,.,.
GHANA,452,1987,6,0,0,0,0.806999981,9.478303909,0,0,0,0,0,-7,0,0.706123292,0.150000006,1,1,1,.,.,.
GHANA,452,1988,6,0,0,0,0.808000028,9.512369156,0,0,0,0,0,-7,0,0.706123292,0.150000006,1,1,1,.,.,.
GHANA,452,1989,6,0,0,0,0.81099999,9.545168877,0,0,0,0,0,-7,0,0.706123292,0.150000006,1,1,1,.,.,.
GHANA,452,1990,6,0,0,0,0.82099998,9.57671833,0,0,0,0,0,-7,0,0.706123292,0.150000006,1,1,1,.,.,.
GHANA,452,1991,6,0,0,0,0.90200001,9.60710144,0,0,0,0,0,-7,0,0.706123292,0.150000006,1,1,1,.,.,.
GHANA,452,1992,6,0,0,0,0.915000021,9.637958527,0,0,0,0,1,-4,1,0.706123292,0.150000006,1,1,1,.,.,.
GHANA,452,1993,6,0,0,0,0.95599997,9.667005539,0,0,0,0,1,-1,1,0.706123292,0.150000006,1,1,1,.,.,.
GHANA,452,1994,6,0,0,0,0.976000011,9.692793846,0,0,0,0,1,-1,1,0.706123292,0.150000006,1,1,1,.,.,.
GHANA,452,1995,6,0,0,0,0.981999993,9.719537735,0,0,0,0,1,-1,1,0.706123292,0.150000006,1,1,1,.,.,.
GHANA,452,1996,6,0,0,0,0.995000005,9.745370865,0,0,0,0,0,-1,1,0.706123292,0.150000006,1,1,1,.,.,.
GHANA,452,1997,6,0,0,0,1.014999986,9.771281242,0,0,0,0,1,2,1,0.706123292,0.150000006,1,1,1,.,.,.
GHANA,452,1998,6,0,0,0,1.031999946,9.797270775,0,0,0,0,1,2,1,0.706123292,0.150000006,1,1,1,.,.,.
GHANA,452,1999,6,0,0,0,1.055999994,9.823337555,0,0,0,0,1,2,1,0.706123292,0.150000006,1,1,1,.,.,.
TOGO,461,1960,6,0,0,0,0.367000014,7.322510242,0,0,0,1,0,-6,0,0.71069026,0.200000003,1,1,1,.,.,.
TOGO,461,1961,6,0,0,0,0.367000014,7.322510242,0,0,0,1,0,-6,0,0.71069026,0.200000003,1,1,1,.,.,.
TOGO,461,1962,6,0,0,0,0.365999997,7.351158142,0,0,0,0,0,-6,0,0.71069026,0.200000003,1,1,1,.,.,.
TOGO,461,1963,6,0,0,0,0.370999992,7.380255699,0,0,0,0,0,-6,0,0.71069026,0.200000003,1,1,1,.,.,.
TOGO,461,1964,6,0,0,0,0.356999993,7.409136295,0,0,0,0,0,-6,0,0.71069026,0.200000003,1,1,1,.,.,.
TOGO,461,1965,6,0,0,0,0.418000013,7.437795162,0,0,0,0,0,-6,0,0.71069026,0.200000003,1,1,1,.,.,.
TOGO,461,1966,6,0,0,0,0.488999993,7.466799259,0,0,0,0,0,-6,0,0.71069026,0.200000003,1,1,1,.,.,.
TOGO,461,1967,6,0,0,0,0.493000001,7.495542049,0,0,0,0,0,-6,0,0.71069026,0.200000003,1,1,1,.,.,.
TOGO,461,1968,6,0,0,0,0.529999971,7.524561405,0,0,0,0,0,-7,0,0.71069026,0.200000003,1,1,1,.,.,.
TOGO,461,1969,6,0,0,0,0.529999971,7.553286552,0,0,0,0,0,-7,0,0.71069026,0.200000003,1,1,1,.,.,.
TOGO,461,1970,6,0,0,0,0.56099999,7.582229137,0,0,0,0,0,-7,0,0.71069026,0.200000003,1,1,1,.,.,.
TOGO,461,1971,6,0,0,0,0.617999971,7.610852718,0,0,0,0,0,-7,0,0.71069026,0.200000003,1,1,1,.,.,.
TOGO,461,1972,6,0,0,0,0.563000023,7.635303974,0,0,0,0,0,-7,0,0.71069026,0.200000003,1,1,1,.,.,.
TOGO,461,1973,6,0,0,0,0.596000016,7.659643173,0,0,0,0,0,-7,0,0.71069026,0.200000003,1,1,1,.,.,.
TOGO,461,1974,6,0,0,0,0.601000011,7.683864117,0,0,0,0,0,-7,0,0.71069026,0.200000003,1,1,1,.,.,.
TOGO,461,1975,6,0,0,0,0.620999992,7.70841074,0,0,0,0,0,-7,0,0.71069026,0.200000003,1,1,1,.,.,.
TOGO,461,1976,6,0,0,0,0.617999971,7.732807636,0,0,0,0,0,-7,0,0.71069026,0.200000003,1,1,1,.,.,.
TOGO,461,1977,6,0,0,0,0.649999976,7.758333683,0,0,0,0,0,-7,0,0.71069026,0.200000003,1,1,1,.,.,.
TOGO,461,1978,6,0,0,0,0.676999986,7.784889221,0,0,0,0,0,-7,0,0.71069026,0.200000003,1,1,1,.,.,.
TOGO,461,1979,6,0,0,0,0.703999996,7.812378407,0,0,0,0,0,-7,0,0.71069026,0.200000003,1,1,1,.,.,.
TOGO,461,1980,6,0,0,0,0.67900002,7.840312958,0,0,0,0,0,-7,0,0.71069026,0.200000003,1,1,1,.,.,.
TOGO,461,1981,6,0,0,0,0.731000006,7.869019508,0,0,0,0,0,-7,0,0.71069026,0.200000003,1,1,1,.,.,.
TOGO,461,1982,6,0,0,0,0.683000028,7.898039818,0,0,0,0,0,-7,0,0.71069026,0.200000003,1,1,1,.,.,.
TOGO,461,1983,6,0,0,0,0.653999984,7.927685261,0,0,0,0,0,-7,0,0.71069026,0.200000003,1,1,1,.,.,.
TOGO,461,1984,6,0,0,0,0.588999987,7.957877159,0,0,0,0,0,-7,0,0.71069026,0.200000003,1,1,1,.,.,.
TOGO,461,1985,6,0,0,0,0.617999971,7.988203526,0,0,0,0,0,-7,0,0.71069026,0.200000003,1,1,1,.,.,.
TOGO,461,1986,6,0,0,0,0.637000024,8.018954277,0,0,0,0,0,-7,0,0.71069026,0.200000003,1,1,1,.,.,.
TOGO,461,1987,6,0,0,0,0.657000005,8.053251266,0,0,0,0,0,-7,0,0.71069026,0.200000003,1,1,1,.,.,.
TOGO,461,1988,6,0,0,0,0.633000016,8.088562012,0,0,0,0,0,-7,0,0.71069026,0.200000003,1,1,1,.,.,.
TOGO,461,1989,6,0,0,0,0.637000024,8.124743462,0,0,0,0,0,-7,0,0.71069026,0.200000003,1,1,1,.,.,.
TOGO,461,1990,6,0,0,0,0.637000024,8.161660194,0,0,0,0,0,-7,0,0.71069026,0.200000003,1,1,1,.,.,.
TOGO,461,1991,6,0,0,0,0.640999973,8.199189186,0,0,0,0,0,-7,0,0.71069026,0.200000003,1,1,1,.,.,.
TOGO,461,1992,6,0,0,0,0.611000001,8.235625267,0,0,0,0,1,-5,1,0.71069026,0.200000003,1,1,1,.,.,.
TOGO,461,1993,6,0,0,0,0.529999971,8.268732071,0,0,0,0,1,-3,1,0.71069026,0.200000003,1,1,1,.,.,.
TOGO,461,1994,6,0,0,0,0.43599999,8.26101017,0,0,0,0,1,-2,1,0.71069026,0.200000003,1,1,1,.,.,.
TOGO,461,1995,6,0,0,0,0.486000001,8.291546822,0,0,0,0,1,-2,1,0.71069026,0.200000003,1,1,1,.,.,.
TOGO,461,1996,6,0,0,0,0.509000003,8.321178436,0,0,0,0,0,-2,1,0.71069026,0.200000003,1,1,1,.,.,.
TOGO,461,1997,6,0,0,0,0.541999996,8.349957466,0,0,0,0,0,-2,1,0.71069026,0.200000003,1,1,1,.,.,.
TOGO,461,1998,6,0,0,0,0.550000012,8.376723289,0,0,0,0,0,-2,1,0.71069026,0.200000003,1,1,1,.,.,.
TOGO,461,1999,6,0,0,0,0.523999989,8.40205574,0,0,0,0,0,-2,1,0.71069026,0.200000003,1,1,1,.,.,.
CAMEROON,471,1960,6,0,0,0,0.640999973,8.581481934,2.92852354,0,0,1,0,-6,0,0.891898572,0.150000006,1,1,1,.,.,.
CAMEROON,471,1961,6,0,0,0,0.640999973,8.581481934,2.92852354,0,0,1,0,-6,0,0.891898572,0.150000006,1,1,1,.,.,.
CAMEROON,471,1962,6,0,0,0,0.660000026,8.599142075,2.92852354,0,0,0,0,-6,0,0.891898572,0.150000006,1,1,1,.,.,.
CAMEROON,471,1963,6,0,0,0,0.698000014,8.616857529,2.92852354,0,0,0,0,-6,0,0.891898572,0.150000006,1,1,1,.,.,.
CAMEROON,471,1964,6,0,0,0,0.676999986,8.634620667,2.92852354,0,0,0,0,-6,0,0.891898572,0.150000006,1,1,1,.,.,.
CAMEROON,471,1965,6,0,0,0,0.657000005,8.652248383,2.92852354,0,0,0,0,-6,0,0.891898572,0.150000006,1,1,1,.,.,.
CAMEROON,471,1966,6,0,0,0,0.672999978,8.669914246,2.92852354,0,0,0,0,-6,0,0.891898572,0.150000006,1,1,1,.,.,.
CAMEROON,471,1967,6,0,0,0,0.675999999,8.691986084,2.92852354,0,0,0,0,-7,0,0.891898572,0.150000006,1,1,1,.,.,.
CAMEROON,471,1968,6,0,0,0,0.74000001,8.714075089,2.92852354,0,0,0,0,-7,0,0.891898572,0.150000006,1,1,1,.,.,.
CAMEROON,471,1969,6,0,0,0,0.785000026,8.736329079,2.92852354,0,0,0,0,-7,0,0.891898572,0.150000006,1,1,1,.,.,.
CAMEROON,471,1970,6,0,0,0,0.808000028,8.758412361,2.92852354,0,0,0,0,-7,0,0.891898572,0.150000006,1,1,1,.,.,.
CAMEROON,471,1971,6,0,0,0,0.80400002,8.780480385,2.92852354,0,0,0,0,-7,0,0.891898572,0.150000006,1,1,1,.,.,.
CAMEROON,471,1972,6,0,0,0,0.81099999,8.804474831,2.92852354,0,0,0,0,-7,0,0.891898572,0.150000006,1,1,1,.,.,.
CAMEROON,471,1973,6,0,0,0,0.814999998,8.829957962,2.92852354,0,0,0,0,-8,0,0.891898572,0.150000006,1,1,1,.,.,.
CAMEROON,471,1974,6,0,0,0,0.829999983,8.85680294,2.92852354,0,0,0,0,-8,0,0.891898572,0.150000006,1,1,1,.,.,.
CAMEROON,471,1975,6,0,0,0,0.90200001,8.885025978,2.92852354,0,0,0,0,-8,0,0.891898572,0.150000006,1,1,1,.,.,.
CAMEROON,471,1976,6,0,0,0,0.859000027,8.914491653,2.92852354,0,0,0,0,-8,0,0.891898572,0.150000006,1,1,1,.,.,.
CAMEROON,471,1977,6,0,0,0,0.888000011,8.945201874,2.92852354,0,0,0,0,-8,0,0.891898572,0.150000006,1,1,1,.,.,.
CAMEROON,471,1978,6,0,0,0,0.893999994,8.977272987,2.92852354,0,0,0,0,-8,0,0.891898572,0.150000006,1,1,1,.,.,.
CAMEROON,471,1979,6,0,0,0,0.972000003,9.009814262,2.92852354,0,0,0,0,-8,0,0.891898572,0.150000006,1,1,1,.,.,.
CAMEROON,471,1980,6,0,0,0,1.072000027,9.041329384,2.92852354,0,0,0,0,-8,0,0.891898572,0.150000006,1,1,1,.,.,.
CAMEROON,471,1981,6,0,0,0,1.194000006,9.071193695,2.92852354,0,1,0,0,-8,0,0.891898572,0.150000006,1,1,1,.,.,.
CAMEROON,471,1982,6,0,0,0,1.29400003,9.099855423,2.92852354,0,1,0,0,-8,0,0.891898572,0.150000006,0,0,0,.,.,.
CAMEROON,471,1983,6,0,0,0,1.281000018,9.127502441,2.92852354,0,1,0,0,-7,0,0.891898572,0.150000006,0,0,0,.,.,.
CAMEROON,471,1984,6,0,0,0,1.342000008,9.154510498,2.92852354,0,1,0,0,-8,0,0.891898572,0.150000006,0,0,0,.,.,.
CAMEROON,471,1985,6,0,0,0,1.402999997,9.180912018,2.92852354,0,1,0,0,-8,0,0.891898572,0.150000006,0,0,0,.,.,.
CAMEROON,471,1986,6,0,0,0,1.486999989,9.207235336,2.92852354,0,0,0,0,-8,0,0.891898572,0.150000006,0,0,0,.,.,.
CAMEROON,471,1987,6,0,0,0,1.498999953,9.234447479,2.92852354,0,0,0,0,-8,0,0.891898572,0.150000006,0,0,0,.,.,.
CAMEROON,471,1988,6,0,0,0,1.43900001,9.262553215,2.92852354,0,1,0,0,-8,0,0.891898572,0.150000006,0,0,0,.,.,.
CAMEROON,471,1989,6,0,0,0,1.330000043,9.29155159,2.92852354,0,0,0,0,-8,0,0.891898572,0.150000006,0,0,0,.,.,.
CAMEROON,471,1990,6,0,0,0,1.360999942,9.321434021,2.92852354,0,1,0,0,-8,0,0.891898572,0.150000006,0,0,0,.,.,.
CAMEROON,471,1991,6,0,0,0,1.225999951,9.352187157,2.92852354,0,1,0,0,-8,0,0.891898572,0.150000006,0,0,0,.,.,.
CAMEROON,471,1992,6,0,0,0,1.110000014,9.382696152,2.92852354,0,1,0,0,-8,0,0.891898572,0.150000006,0,0,0,.,.,.
CAMEROON,471,1993,6,0,0,0,1.029000044,9.412628174,2.92852354,0,1,0,1,-4,1,0.891898572,0.150000006,0,0,0,.,.,.
CAMEROON,471,1994,6,0,0,0,0.968999982,9.431195259,2.92852354,0,1,0,1,-4,1,0.891898572,0.150000006,0,0,0,.,.,.
CAMEROON,471,1995,6,0,0,0,0.91900003,9.458929062,2.92852354,0,0,0,1,-4,1,0.891898572,0.150000006,0,0,0,.,.,.
CAMEROON,471,1996,6,0,0,0,0.922999978,9.486607552,2.92852354,0,0,0,0,-4,1,0.891898572,0.150000006,0,0,0,.,.,.
CAMEROON,471,1997,6,0,0,0,0.943000019,9.514375687,2.92852354,0,0,0,0,-4,1,0.891898572,0.150000006,0,0,0,.,.,.
CAMEROON,471,1998,6,0,0,0,0.964999974,9.542234421,2.92852354,0,0,0,0,-4,1,0.891898572,0.150000006,0,0,0,.,.,.
CAMEROON,471,1999,6,0,0,0,0.986000001,9.5701828,2.92852354,0,0,0,0,-4,1,0.891898572,0.150000006,0,0,0,.,.,.
NIGERIA,475,1960,6,0,0,0,0.566999972,10.85118008,1.223775506,0,0,1,0,8,0,0.86893177,0.200000003,0,0,0,.,.,.
NIGERIA,475,1961,6,0,0,0,0.566999972,10.85118008,1.223775506,0,0,1,0,8,0,0.86893177,0.200000003,0,0,0,.,.,.
NIGERIA,475,1962,6,0,0,0,0.550999999,10.8765173,1.223775506,0,0,0,0,8,0,0.86893177,0.200000003,0,0,0,.,.,.
NIGERIA,475,1963,6,0,0,0,0.552999973,10.90183735,1.223775506,0,0,0,0,8,0,0.86893177,0.200000003,0,0,0,.,.,.
NIGERIA,475,1964,6,0,0,0,0.582000017,10.92723274,1.223775506,0,0,0,0,8,0,0.86893177,0.200000003,0,0,0,.,.,.
NIGERIA,475,1965,6,0,0,0,0.606000006,10.95189381,1.223775506,0,0,0,0,7,0,0.86893177,0.200000003,0,0,0,.,.,.
NIGERIA,475,1966,6,0,0,0,0.624000013,10.97664547,1.223775506,0,0,0,0,7,0,0.86893177,0.200000003,1,1,1,.,.,.
NIGERIA,475,1967,6,1,2,0,0.582000017,11.00133324,1.223775506,0,1,0,1,-7,0,0.86893177,0.200000003,1,1,1,.,.,.
NIGERIA,475,1968,6,0,0,1,0.485000014,11.02597904,1.223775506,0,1,0,1,-7,0,0.86893177,0.200000003,1,1,1,.,.,.
NIGERIA,475,1969,6,0,0,1,0.481999993,11.05076313,1.223775506,0,1,0,1,-7,0,0.86893177,0.200000003,1,1,1,.,.,.
NIGERIA,475,1970,6,0,0,1,0.625,11.07545853,1.223775506,0,1,0,0,-7,0,0.86893177,0.200000003,1,1,1,.,.,.
NIGERIA,475,1971,6,0,0,1,0.76700002,11.10016346,1.223775506,0,1,0,0,-7,0,0.86893177,0.200000003,1,1,1,.,.,.
NIGERIA,475,1972,6,0,0,0,1.054999948,10.90963745,1.223775506,0,1,0,0,-7,0,0.86893177,0.200000003,1,1,1,.,.,.
NIGERIA,475,1973,6,0,0,0,1.001999974,10.93736553,1.223775506,0,1,0,0,-7,0,0.86893177,0.200000003,1,1,1,.,.,.
NIGERIA,475,1974,6,0,0,0,1.067999959,10.9653492,1.223775506,0,1,0,0,-7,0,0.86893177,0.200000003,1,1,1,.,.,.
NIGERIA,475,1975,6,0,0,0,1.192000031,10.9937315,1.223775506,0,1,0,0,-7,0,0.86893177,0.200000003,0,0,0,.,.,.
NIGERIA,475,1976,6,0,0,0,1.245000005,11.02257252,1.223775506,0,1,0,0,-7,0,0.86893177,0.200000003,1,1,1,.,.,.
NIGERIA,475,1977,6,0,0,0,1.281000018,11.05157185,1.223775506,0,1,0,0,-7,0,0.86893177,0.200000003,1,1,1,.,.,.
NIGERIA,475,1978,6,0,0,0,1.480000019,11.08108044,1.223775506,0,1,0,0,-7,0,0.86893177,0.200000003,1,1,1,.,.,.
NIGERIA,475,1979,6,0,0,0,1.513000011,11.11111832,1.223775506,0,1,0,1,0,1,0.86893177,0.200000003,0,0,0,.,.,.
NIGERIA,475,1980,6,0,0,0,1.393000007,11.14161491,1.223775506,0,1,0,1,7,0,0.86893177,0.200000003,0,0,0,.,.,.
NIGERIA,475,1981,6,0,0,0,1.437999964,11.17251778,1.223775506,0,1,0,1,7,0,0.86893177,0.200000003,0,0,0,.,.,.
NIGERIA,475,1982,6,0,0,0,1.514999986,11.20380211,1.223775506,0,1,0,1,7,0,0.86893177,0.200000003,0,0,0,.,.,.
NIGERIA,475,1983,6,0,0,0,1.41900003,11.23551083,1.223775506,0,1,0,0,7,0,0.86893177,0.200000003,0,0,0,.,.,.
NIGERIA,475,1984,6,0,0,0,1.258999944,11.26724243,1.223775506,0,1,0,0,7,0,0.86893177,0.200000003,0,0,0,.,.,.
NIGERIA,475,1985,6,0,0,0,1.067999959,11.29848099,1.223775506,0,1,0,1,-7,0,0.86893177,0.200000003,1,1,1,.,.,.
NIGERIA,475,1986,6,0,0,0,1.062000036,11.3289547,1.223775506,0,1,0,1,-7,0,0.86893177,0.200000003,1,1,1,.,.,.
NIGERIA,475,1987,6,0,0,0,0.97299999,11.35881805,1.223775506,0,1,0,1,-7,0,0.86893177,0.200000003,1,1,1,.,.,.
NIGERIA,475,1988,6,0,0,0,0.901000023,11.38818932,1.223775506,0,1,0,0,-7,0,0.86893177,0.200000003,1,1,1,.,.,.
NIGERIA,475,1989,6,0,0,0,0.939999998,11.41714096,1.223775506,0,1,0,0,-7,0,0.86893177,0.200000003,1,1,1,.,.,.
NIGERIA,475,1990,6,0,0,0,0.952000022,11.44577026,1.223775506,0,1,0,0,-5,1,0.86893177,0.200000003,1,1,1,.,.,.
NIGERIA,475,1991,6,0,0,0,0.995000005,11.47421551,1.223775506,0,1,0,0,-5,1,0.86893177,0.200000003,1,1,1,.,.,.
NIGERIA,475,1992,6,0,0,0,1.039999962,11.50270367,1.223775506,0,1,0,0,-5,1,0.86893177,0.200000003,1,1,1,.,.,.
NIGERIA,475,1993,6,0,0,0,0.977999985,11.5327282,1.223775506,0,1,0,0,-5,1,0.86893177,0.200000003,1,1,1,.,.,.
NIGERIA,475,1994,6,0,0,0,0.971000016,11.56069469,1.223775506,0,1,0,0,-7,0,0.86893177,0.200000003,1,1,1,.,.,.
NIGERIA,475,1995,6,0,0,0,0.944000006,11.59001923,1.223775506,0,1,0,0,-7,0,0.86893177,0.200000003,1,1,1,.,.,.
NIGERIA,475,1996,6,0,0,0,0.93900001,11.61974239,1.223775506,0,1,0,0,-6,0,0.86893177,0.200000003,1,1,1,.,.,.
NIGERIA,475,1997,6,0,0,0,0.952000022,11.64892483,1.223775506,0,1,0,0,-6,0,0.86893177,0.200000003,1,1,1,.,.,.
NIGERIA,475,1998,6,0,0,0,0.950999975,11.67756748,1.223775506,0,1,0,0,-6,0,0.86893177,0.200000003,1,1,1,.,.,.
NIGERIA,475,1999,6,0,0,0,0.943000019,11.7056694,1.223775506,0,1,0,1,-1,1,0.86893177,0.200000003,1,1,1,.,.,.
GABON,481,1960,6,0,0,0,1.789000034,6.13122654,0.067658648,0,0,1,0,-7,0,0.688142776,0.150000006,0,0,0,.,.,.
GABON,481,1961,6,0,0,0,1.789000034,6.13122654,0.067658648,0,0,1,0,-7,0,0.688142776,0.150000006,0,0,0,.,.,.
GABON,481,1962,6,0,0,0,1.978999972,6.139884472,0.067658648,0,0,0,0,-7,0,0.688142776,0.150000006,0,0,0,.,.,.
GABON,481,1963,6,0,0,0,2.111999989,6.148468494,0.067658648,0,0,0,0,-7,0,0.688142776,0.150000006,0,0,0,.,.,.
GABON,481,1964,6,0,0,0,2.372999907,6.159095287,0.067658648,0,0,0,0,-7,0,0.688142776,0.150000006,0,0,0,.,.,.
GABON,481,1965,6,0,0,0,2.461999893,6.167516708,0.067658648,0,0,0,0,-7,0,0.688142776,0.150000006,0,0,0,.,.,.
GABON,481,1966,6,0,0,0,2.586999893,6.177944183,0.067658648,0,0,0,0,-7,0,0.688142776,0.150000006,0,0,0,.,.,.
GABON,481,1967,6,0,0,0,2.690000057,6.186208725,0.067658648,0,0,0,0,-7,0,0.688142776,0.150000006,1,1,1,.,.,.
GABON,481,1968,6,0,0,0,2.726000071,6.194405556,0.067658648,0,0,0,0,-7,0,0.688142776,0.150000006,1,1,1,.,.,.
GABON,481,1969,6,0,0,0,3.311000109,6.204557896,0.067658648,0,1,0,0,-9,0,0.688142776,0.150000006,1,1,1,.,.,.
GABON,481,1970,6,0,0,0,3.654000044,6.212605953,0.067658648,0,1,0,0,-9,0,0.688142776,0.150000006,1,1,1,.,.,.
GABON,481,1971,6,0,0,0,3.703999996,6.222576141,0.067658648,0,1,0,0,-9,0,0.688142776,0.150000006,1,1,1,.,.,.
GABON,481,1972,6,0,0,0,3.868000031,6.26339817,0.067658648,0,1,0,0,-9,0,0.688142776,0.150000006,1,1,1,.,.,.
GABON,481,1973,6,0,0,0,4.046999931,6.309918404,0.067658648,0,1,0,0,-9,0,0.688142776,0.150000006,1,1,1,.,.,.
GABON,481,1974,6,0,0,0,4.178999901,6.359573841,0.067658648,0,1,0,0,-9,0,0.688142776,0.150000006,1,1,1,.,.,.
GABON,481,1975,6,0,0,0,5.03000021,6.408528805,0.067658648,0,1,0,0,-9,0,0.688142776,0.150000006,1,1,1,.,.,.
GABON,481,1976,6,0,0,0,5.690000057,6.456769466,0.067658648,0,1,0,0,-9,0,0.688142776,0.150000006,1,1,1,.,.,.
GABON,481,1977,6,0,0,0,6.965000153,6.504288197,0.067658648,0,1,0,0,-9,0,0.688142776,0.150000006,1,1,1,.,.,.
GABON,481,1978,6,0,0,0,6.170000076,6.548219204,0.067658648,0,1,0,0,-9,0,0.688142776,0.150000006,1,1,1,.,.,.
GABON,481,1979,6,0,0,0,5.407999992,6.590301037,0.067658648,0,1,0,0,-9,0,0.688142776,0.150000006,1,1,1,.,.,.
GABON,481,1980,6,0,0,0,4.842000008,6.634633541,0.067658648,0,1,0,0,-9,0,0.688142776,0.150000006,1,1,1,.,.,.
GABON,481,1981,6,0,0,0,4.796999931,6.680854797,0.067658648,0,1,0,0,-9,0,0.688142776,0.150000006,1,1,1,.,.,.
GABON,481,1982,6,0,0,0,4.504000187,6.727431774,0.067658648,0,1,0,0,-9,0,0.688142776,0.150000006,1,1,1,.,.,.
GABON,481,1983,6,0,0,0,4.225999832,6.774223804,0.067658648,0,1,0,0,-9,0,0.688142776,0.150000006,1,1,1,.,.,.
GABON,481,1984,6,0,0,0,4.301000118,6.820016384,0.067658648,0,1,0,0,-9,0,0.688142776,0.150000006,1,1,1,.,.,.
GABON,481,1985,6,0,0,0,4.458000183,6.863803387,0.067658648,0,1,0,0,-9,0,0.688142776,0.150000006,1,1,1,.,.,.
GABON,481,1986,6,0,0,0,4.072000027,6.904750824,0.067658648,0,1,0,0,-9,0,0.688142776,0.150000006,1,1,1,.,.,.
GABON,481,1987,6,0,0,0,4.03000021,6.930494785,0.067658648,0,1,0,0,-9,0,0.688142776,0.150000006,1,1,1,.,.,.
GABON,481,1988,6,0,0,0,3.431999922,6.956545353,0.067658648,0,1,0,0,-9,0,0.688142776,0.150000006,1,1,1,.,.,.
GABON,481,1989,6,0,0,0,3.282999992,6.981934547,0.067658648,0,1,0,0,-9,0,0.688142776,0.150000006,1,1,1,.,.,.
GABON,481,1990,6,0,0,0,3.832999945,7.007600784,0.067658648,0,1,0,0,-9,0,0.688142776,0.150000006,1,1,1,.,.,.
GABON,481,1991,6,0,0,0,3.957999945,7.035268784,0.067658648,0,1,0,1,-6,0,0.688142776,0.150000006,1,1,1,.,.,.
GABON,481,1992,6,0,0,0,3.696000099,7.063048363,0.067658648,0,1,0,1,-4,1,0.688142776,0.150000006,1,1,1,.,.,.
GABON,481,1993,6,0,0,0,3.621999979,7.090909958,0.067658648,0,1,0,1,-4,1,0.688142776,0.150000006,1,1,1,.,.,.
GABON,481,1994,6,0,0,0,3.615999937,6.951772213,0.067658648,0,1,0,0,-4,1,0.688142776,0.150000006,1,1,1,.,.,.
GABON,481,1995,6,0,0,0,3.650000095,6.976347923,0.067658648,0,1,0,0,-4,1,0.688142776,0.150000006,1,1,1,.,.,.
GABON,481,1996,6,0,0,0,3.808000088,7.001245499,0.067658648,0,1,0,0,-4,1,0.688142776,0.150000006,1,1,1,.,.,.
GABON,481,1997,6,0,0,0,3.907999992,7.025538445,0.067658648,0,1,0,0,-4,1,0.688142776,0.150000006,1,1,1,.,.,.
GABON,481,1998,6,0,0,0,4.03399992,7.049836159,0.067658648,0,1,0,0,-4,1,0.688142776,0.150000006,1,1,1,.,.,.
GABON,481,1999,6,0,0,0,4.020999908,7.07383728,0.067658648,0,1,0,0,-4,1,0.688142776,0.150000006,1,1,1,.,.,.
CENTRAL AFRICAN REP.,482,1960,6,0,0,0,0.703999996,7.380878925,1.686398983,0,0,1,0,-7,0,0.686299443,0.289999992,1,1,1,.,.,.
CENTRAL AFRICAN REP.,482,1961,6,0,0,0,0.703999996,7.380878925,1.686398983,0,0,1,0,-7,0,0.686299443,0.289999992,1,1,1,.,.,.
CENTRAL AFRICAN REP.,482,1962,6,0,0,0,0.722000003,7.396335125,1.686398983,0,0,0,0,-7,0,0.686299443,0.289999992,1,1,1,.,.,.
CENTRAL AFRICAN REP.,482,1963,6,0,0,0,0.690999985,7.412160397,1.686398983,0,0,0,0,-7,0,0.686299443,0.289999992,1,1,1,.,.,.
CENTRAL AFRICAN REP.,482,1964,6,0,0,0,0.666000009,7.427738667,1.686398983,0,0,0,0,-7,0,0.686299443,0.289999992,1,1,1,.,.,.
CENTRAL AFRICAN REP.,482,1965,6,0,0,0,0.683000028,7.443078518,1.686398983,0,0,0,0,-7,0,0.686299443,0.289999992,1,1,1,.,.,.
CENTRAL AFRICAN REP.,482,1966,6,0,0,0,0.662999988,7.458762646,1.686398983,0,0,0,0,-7,0,0.686299443,0.289999992,1,1,1,.,.,.
CENTRAL AFRICAN REP.,482,1967,6,0,0,0,0.656000018,7.474771976,1.686398983,0,0,0,0,-7,0,0.686299443,0.289999992,1,1,1,.,.,.
CENTRAL AFRICAN REP.,482,1968,6,0,0,0,0.672999978,7.490529537,1.686398983,0,0,0,0,-7,0,0.686299443,0.289999992,1,1,1,.,.,.
CENTRAL AFRICAN REP.,482,1969,6,0,0,0,0.698000014,7.506591797,1.686398983,0,0,0,0,-7,0,0.686299443,0.289999992,1,1,1,.,.,.
CENTRAL AFRICAN REP.,482,1970,6,0,0,0,0.720000029,7.522400379,1.686398983,0,0,0,0,-7,0,0.686299443,0.289999992,1,1,1,.,.,.
CENTRAL AFRICAN REP.,482,1971,6,0,0,0,0.746999979,7.538495064,1.686398983,0,0,0,0,-7,0,0.686299443,0.289999992,1,1,1,.,.,.
CENTRAL AFRICAN REP.,482,1972,6,0,0,0,0.731000006,7.550661087,1.686398983,0,0,0,0,-7,0,0.686299443,0.289999992,1,1,1,.,.,.
CENTRAL AFRICAN REP.,482,1973,6,0,0,0,0.734000027,7.564238548,1.686398983,0,0,0,0,-7,0,0.686299443,0.289999992,1,1,1,.,.,.
CENTRAL AFRICAN REP.,482,1974,6,0,0,0,0.731000006,7.579679012,1.686398983,0,0,0,0,-7,0,0.686299443,0.289999992,1,1,1,.,.,.
CENTRAL AFRICAN REP.,482,1975,6,0,0,0,0.721000016,7.597396374,1.686398983,0,0,0,0,-7,0,0.686299443,0.289999992,1,1,1,.,.,.
CENTRAL AFRICAN REP.,482,1976,6,0,0,0,0.711000025,7.617759705,1.686398983,0,0,0,0,-7,0,0.686299443,0.289999992,1,1,1,.,.,.
CENTRAL AFRICAN REP.,482,1977,6,0,0,0,0.73299998,7.640604019,1.686398983,0,0,0,0,-7,0,0.686299443,0.289999992,1,1,1,.,.,.
CENTRAL AFRICAN REP.,482,1978,6,0,0,0,0.763000011,7.667158127,1.686398983,0,0,0,0,-7,0,0.686299443,0.289999992,1,1,1,.,.,.
CENTRAL AFRICAN REP.,482,1979,6,0,0,0,0.776000023,7.694848061,1.686398983,0,0,0,0,-7,0,0.686299443,0.289999992,1,1,1,.,.,.
CENTRAL AFRICAN REP.,482,1980,6,0,0,0,0.737999976,7.722677708,1.686398983,0,0,0,0,-7,0,0.686299443,0.289999992,1,1,1,.,.,.
CENTRAL AFRICAN REP.,482,1981,6,0,0,0,0.70599997,7.749322414,1.686398983,0,0,0,0,-7,0,0.686299443,0.289999992,1,1,1,.,.,.
CENTRAL AFRICAN REP.,482,1982,6,0,0,0,0.648000002,7.772331715,1.686398983,0,0,0,0,-7,0,0.686299443,0.289999992,1,1,1,.,.,.
CENTRAL AFRICAN REP.,482,1983,6,0,0,0,0.670000017,7.796880245,1.686398983,0,0,0,0,-7,0,0.686299443,0.289999992,1,1,1,.,.,.
CENTRAL AFRICAN REP.,482,1984,6,0,0,0,0.586000025,7.822444916,1.686398983,0,0,0,0,-7,0,0.686299443,0.289999992,1,1,1,.,.,.
CENTRAL AFRICAN REP.,482,1985,6,0,0,0,0.621999979,7.848933697,1.686398983,0,0,0,0,-7,0,0.686299443,0.289999992,1,1,1,.,.,.
CENTRAL AFRICAN REP.,482,1986,6,0,0,0,0.629999995,7.875119209,1.686398983,0,0,0,0,-7,0,0.686299443,0.289999992,1,1,1,.,.,.
CENTRAL AFRICAN REP.,482,1987,6,0,0,0,0.617999971,7.901747704,1.686398983,0,0,0,0,-7,0,0.686299443,0.289999992,1,1,1,.,.,.
CENTRAL AFRICAN REP.,482,1988,6,0,0,0,0.584999979,7.928766251,1.686398983,0,0,0,0,-7,0,0.686299443,0.289999992,1,1,1,.,.,.
CENTRAL AFRICAN REP.,482,1989,6,0,0,0,0.588,7.956126213,1.686398983,0,0,0,0,-7,0,0.686299443,0.289999992,1,1,1,.,.,.
CENTRAL AFRICAN REP.,482,1990,6,0,0,0,0.584999979,7.982757568,1.686398983,0,0,0,0,-7,0,0.686299443,0.289999992,1,1,1,.,.,.
CENTRAL AFRICAN REP.,482,1991,6,0,0,0,0.578999996,8.009030342,1.686398983,0,0,0,0,-7,0,0.686299443,0.289999992,1,1,1,.,.,.
CENTRAL AFRICAN REP.,482,1992,6,0,0,0,0.550000012,8.034630775,1.686398983,0,0,0,0,-6,0,0.686299443,0.289999992,1,1,1,.,.,.
CENTRAL AFRICAN REP.,482,1993,6,0,0,0,0.513999999,8.061487198,1.686398983,0,0,0,0,-6,0,0.686299443,0.289999992,1,1,1,.,.,.
CENTRAL AFRICAN REP.,482,1994,6,0,0,0,0.504000008,8.05561161,1.686398983,0,0,0,1,6,0,0.686299443,0.289999992,1,1,1,.,.,.
CENTRAL AFRICAN REP.,482,1995,6,0,0,0,0.518000007,8.07716465,1.686398983,0,0,0,1,6,0,0.686299443,0.289999992,1,1,1,.,.,.
CENTRAL AFRICAN REP.,482,1996,6,1,2,0,0.54400003,8.098034859,1.686398983,0,0,0,1,6,0,0.686299443,0.289999992,1,1,1,.,.,.
CENTRAL AFRICAN REP.,482,1997,6,0,0,1,0.512000024,8.117936134,1.686398983,0,0,0,0,6,0,0.686299443,0.289999992,1,1,1,.,.,.
CENTRAL AFRICAN REP.,482,1998,6,0,0,1,0.528999984,8.136869431,1.686398983,0,0,0,0,6,0,0.686299443,0.289999992,1,1,1,.,.,.
CENTRAL AFRICAN REP.,482,1999,6,0,0,0,0.54400003,8.154833794,1.686398983,0,0,0,0,6,0,0.686299443,0.289999992,1,1,1,.,.,.
CHAD,483,1960,6,0,0,0,0.755999982,8.027476311,2.251291752,0,0,1,0,-9,0,0.826272845,0.319999993,0,0,0,.,.,.
CHAD,483,1961,6,0,0,0,0.755999982,8.027476311,2.251291752,0,0,1,0,-9,0,0.826272845,0.319999993,0,0,0,.,.,.
CHAD,483,1962,6,0,0,0,0.754000008,8.044946671,2.251291752,0,0,0,0,-9,0,0.826272845,0.319999993,0,0,0,.,.,.
CHAD,483,1963,6,0,0,0,0.805000007,8.062747955,2.251291752,0,0,0,0,-9,0,0.826272845,0.319999993,0,0,0,.,.,.
CHAD,483,1964,6,0,0,0,0.765999973,8.080237389,2.251291752,0,0,0,0,-9,0,0.826272845,0.319999993,0,0,0,.,.,.
CHAD,483,1965,6,1,2,0,0.744000018,8.097730637,2.251291752,0,0,0,0,-9,0,0.826272845,0.319999993,0,0,0,.,.,.
CHAD,483,1966,6,0,0,1,0.736000001,8.115221977,2.251291752,0,0,0,0,-9,0,0.826272845,0.319999993,0,0,0,.,.,.
CHAD,483,1967,6,0,0,1,0.76700002,8.132706642,2.251291752,0,0,0,0,-9,0,0.826272845,0.319999993,0,0,0,.,.,.
CHAD,483,1968,6,0,0,1,0.742999971,8.150467873,2.251291752,0,0,0,0,-9,0,0.826272845,0.319999993,0,0,0,.,.,.
CHAD,483,1969,6,0,0,1,0.646000028,8.167919159,2.251291752,0,0,0,0,-9,0,0.826272845,0.319999993,0,0,0,.,.,.
CHAD,483,1970,6,0,0,1,0.763000011,8.185350418,2.251291752,0,0,0,0,-9,0,0.826272845,0.319999993,0,0,0,.,.,.
CHAD,483,1971,6,0,0,1,0.660000026,8.203030586,2.251291752,0,0,0,0,-9,0,0.826272845,0.319999993,0,0,0,.,.,.
CHAD,483,1972,6,0,0,1,0.649999976,8.222285271,2.251291752,0,0,0,0,-9,0,0.826272845,0.319999993,0,0,0,.,.,.
CHAD,483,1973,6,0,0,1,0.662,8.241703033,2.251291752,0,0,0,0,-9,0,0.826272845,0.319999993,0,0,0,.,.,.
CHAD,483,1974,6,0,0,1,0.722000003,8.261268616,2.251291752,0,0,0,0,-9,0,0.826272845,0.319999993,0,0,0,.,.,.
CHAD,483,1975,6,0,0,1,0.575999975,8.281217575,2.251291752,0,0,0,0,-9,0,0.826272845,0.319999993,0,0,0,.,.,.
CHAD,483,1976,6,0,0,1,0.592000008,8.301521301,2.251291752,0,0,0,0,-7,0,0.826272845,0.319999993,0,0,0,.,.,.
CHAD,483,1977,6,0,0,1,0.637000024,8.321907997,2.251291752,0,0,0,0,-7,0,0.826272845,0.319999993,0,0,0,.,.,.
CHAD,483,1978,6,0,0,1,0.648000002,8.342601776,2.251291752,0,0,0,0,-7,0,0.826272845,0.319999993,0,0,0,.,.,.
CHAD,483,1979,6,0,0,1,0.628000021,8.363575935,2.251291752,0,0,0,1,-3,1,0.826272845,0.319999993,1,1,1,.,.,.
CHAD,483,1980,6,0,0,1,0.574000001,8.385032654,2.251291752,0,0,0,1,0,1,0.826272845,0.319999993,1,1,1,.,.,.
CHAD,483,1981,6,0,0,1,0.527999997,8.406708717,2.251291752,0,0,0,1,0,1,0.826272845,0.319999993,1,1,1,.,.,.
CHAD,483,1982,6,0,0,1,0.469000012,8.428798676,2.251291752,0,0,0,1,0,1,0.826272845,0.319999993,1,1,1,.,.,.
CHAD,483,1983,6,0,0,1,0.370000005,8.451053619,2.251291752,0,0,0,1,0,1,0.826272845,0.319999993,1,1,1,.,.,.
CHAD,483,1984,6,0,0,1,0.300000012,8.47386837,2.251291752,0,0,0,1,0,1,0.826272845,0.319999993,1,1,1,.,.,.
CHAD,483,1985,6,0,0,1,0.310000002,8.496990204,2.251291752,0,0,0,1,-4,1,0.826272845,0.319999993,1,1,1,.,.,.
CHAD,483,1986,6,0,0,1,0.409000009,8.520786285,2.251291752,0,0,0,1,-7,0,0.826272845,0.319999993,1,1,1,.,.,.
CHAD,483,1987,6,0,0,1,0.386999995,8.545002937,2.251291752,0,0,0,1,-7,0,0.826272845,0.319999993,1,1,1,.,.,.
CHAD,483,1988,6,0,0,1,0.368000001,8.569406509,2.251291752,0,0,0,1,-7,0,0.826272845,0.319999993,1,1,1,.,.,.
CHAD,483,1989,6,0,0,1,0.400000006,8.594339371,2.251291752,0,0,0,0,-7,0,0.826272845,0.319999993,1,1,1,.,.,.
CHAD,483,1990,6,0,0,1,0.412,8.61938858,2.251291752,0,0,0,0,-7,0,0.826272845,0.319999993,1,1,1,.,.,.
CHAD,483,1991,6,0,0,1,0.398999989,8.644706726,2.251291752,0,0,0,0,-7,0,0.826272845,0.319999993,1,1,1,.,.,.
CHAD,483,1992,6,0,0,1,0.426999986,8.670085907,2.251291752,0,0,0,1,-5,1,0.826272845,0.319999993,1,1,1,.,.,.
CHAD,483,1993,6,0,0,1,0.407999992,8.695673943,2.251291752,0,0,0,1,-4,1,0.826272845,0.319999993,1,1,1,.,.,.
CHAD,483,1994,6,1,2,1,0.333000004,8.740056992,2.251291752,0,0,0,1,-4,1,0.826272845,0.319999993,1,1,1,.,.,.
CHAD,483,1995,6,0,0,1,0.354999989,8.773983955,2.251291752,0,0,0,0,-4,1,0.826272845,0.319999993,1,1,1,.,.,.
CHAD,483,1996,6,0,0,1,0.345999986,8.810907364,2.251291752,0,0,0,0,-4,1,0.826272845,0.319999993,1,1,1,.,.,.
CHAD,483,1997,6,0,0,1,0.344000012,8.844675064,2.251291752,0,0,0,0,-2,1,0.826272845,0.319999993,1,1,1,.,.,.
CHAD,483,1998,6,0,0,1,0.349999994,8.875288963,2.251291752,0,0,0,0,-2,1,0.826272845,0.319999993,1,1,1,.,.,.
CHAD,483,1999,6,0,0,1,0.363999993,8.902747154,2.251291752,0,0,0,0,-2,1,0.826272845,0.319999993,1,1,1,.,.,.
CONGO,484,1960,6,0,0,0,1.123000026,6.856462002,0,0,0,1,0,4,1,0.657212377,0.189999998,0,0,0,.,.,.
CONGO,484,1961,6,0,0,0,1.123000026,6.856462002,0,0,0,1,0,4,1,0.657212377,0.189999998,0,0,0,.,.,.
CONGO,484,1962,6,0,0,0,1.123999953,6.879355907,0,0,0,0,0,4,1,0.657212377,0.189999998,0,0,0,.,.,.
CONGO,484,1963,6,0,0,0,1.126999974,6.902742863,0,0,0,0,0,4,1,0.657212377,0.189999998,1,1,1,.,.,.
CONGO,484,1964,6,0,0,0,1.069000006,6.925595284,0,0,0,0,1,-7,0,0.657212377,0.189999998,1,1,1,.,.,.
CONGO,484,1965,6,0,0,0,1.062000036,6.948897362,0,0,0,0,1,-7,0,0.657212377,0.189999998,1,1,1,.,.,.
CONGO,484,1966,6,0,0,0,1.083999991,6.97166872,0,0,0,0,1,-7,0,0.657212377,0.189999998,1,1,1,.,.,.
CONGO,484,1967,6,0,0,0,1.120000005,6.99668169,0,0,0,0,0,-7,0,0.657212377,0.189999998,1,1,1,.,.,.
CONGO,484,1968,6,0,0,0,1.24000001,7.021976471,0,0,0,0,0,-7,0,0.657212377,0.189999998,.,.,.,.,.,.
CONGO,484,1969,6,0,0,0,1.230000019,7.046647072,0,0,0,0,0,-7,0,0.657212377,0.189999998,1,1,1,.,.,.
CONGO,484,1970,6,0,0,0,1.404000044,7.071573257,0,0,0,0,0,-7,0,0.657212377,0.189999998,1,1,1,.,.,.
CONGO,484,1971,6,0,0,0,1.669999957,7.096721172,0,0,0,0,0,-7,0,0.657212377,0.189999998,1,1,1,.,.,.
CONGO,484,1972,6,0,0,0,1.679999948,7.122059822,0,0,0,0,0,-7,0,0.657212377,0.189999998,1,1,1,.,.,.
CONGO,484,1973,6,0,0,0,1.700000048,7.147559166,0,0,1,0,0,-7,0,0.657212377,0.189999998,1,1,1,.,.,.
CONGO,484,1974,6,0,0,0,1.710000038,7.173191547,0,0,1,0,0,-7,0,0.657212377,0.189999998,1,1,1,.,.,.
CONGO,484,1975,6,0,0,0,1.712000012,7.200424671,0,0,1,0,0,-7,0,0.657212377,0.189999998,1,1,1,.,.,.
CONGO,484,1976,6,0,0,0,1.725999951,7.229838848,0,0,1,0,0,-7,0,0.657212377,0.189999998,1,1,1,.,.,.
CONGO,484,1977,6,0,0,0,1.794999957,7.261225224,0,0,1,0,0,-7,0,0.657212377,0.189999998,1,1,1,.,.,.
CONGO,484,1978,6,0,0,0,1.639000058,7.294377327,0,0,1,0,0,-7,0,0.657212377,0.189999998,1,1,1,.,.,.
CONGO,484,1979,6,0,0,0,1.741999984,7.327780724,0,0,1,0,0,-7,0,0.657212377,0.189999998,1,1,1,.,.,.
CONGO,484,1980,6,0,0,0,1.725000024,7.362010479,0,0,1,0,0,-8,0,0.657212377,0.189999998,1,1,1,.,.,.
CONGO,484,1981,6,0,0,0,1.930999994,7.396335125,0,0,1,0,0,-8,0,0.657212377,0.189999998,1,1,1,.,.,.
CONGO,484,1982,6,0,0,0,2.04399991,7.431299686,0,0,1,0,0,-8,0,0.657212377,0.189999998,1,1,1,.,.,.
CONGO,484,1983,6,0,0,0,2.529000044,7.466227531,0,0,1,0,0,-8,0,0.657212377,0.189999998,1,1,1,.,.,.
CONGO,484,1984,6,0,0,0,2.549999952,7.501634598,0,0,1,0,0,-8,0,0.657212377,0.189999998,1,1,1,.,.,.
CONGO,484,1985,6,0,0,0,2.72300005,7.535830498,0,0,1,0,0,-8,0,0.657212377,0.189999998,1,1,1,.,.,.
CONGO,484,1986,6,0,0,0,2.697000027,7.569411755,0,0,1,0,0,-8,0,0.657212377,0.189999998,1,1,1,.,.,.
CONGO,484,1987,6,0,0,0,2.526000023,7.602401257,0,0,1,0,0,-8,0,0.657212377,0.189999998,1,1,1,.,.,.
CONGO,484,1988,6,0,0,0,2.384000063,7.634820461,0,0,1,0,0,-8,0,0.657212377,0.189999998,1,1,1,.,.,.
CONGO,484,1989,6,0,0,0,2.339999914,7.66669035,0,0,1,0,0,-8,0,0.657212377,0.189999998,1,1,1,.,.,.
CONGO,484,1990,6,0,0,0,2.316999912,7.69848299,0,0,1,0,0,-8,0,0.657212377,0.189999998,1,1,1,.,.,.
CONGO,484,1991,6,0,0,0,2.210999966,7.730175018,0,0,1,0,0,-8,0,0.657212377,0.189999998,1,1,1,.,.,.
CONGO,484,1992,6,0,0,0,2.404999971,7.762170792,0,0,1,0,1,-1,1,0.657212377,0.189999998,1,1,1,.,.,.
CONGO,484,1993,6,0,0,0,2.24000001,7.79482317,0,0,1,0,1,5,1,0.657212377,0.189999998,1,1,1,.,.,.
CONGO,484,1994,6,0,0,0,2.154999971,7.791361809,0,0,1,0,1,5,1,0.657212377,0.189999998,1,1,1,.,.,.
CONGO,484,1995,6,0,0,0,1.978999972,7.819817066,0,0,1,0,1,5,1,0.657212377,0.189999998,1,1,1,.,.,.
CONGO,484,1996,6,0,0,0,2.000999928,7.848153114,0,0,1,0,0,5,1,0.657212377,0.189999998,1,1,1,.,.,.
CONGO,484,1997,6,0,0,0,1.861999989,7.876152515,0,0,1,0,0,5,1,0.657212377,0.189999998,1,1,1,.,.,.
CONGO,484,1998,6,1,1,0,1.799999952,7.90381813,0,0,1,0,1,-6,0,0.657212377,0.189999998,1,1,1,.,.,.
CONGO,484,1999,6,0,0,1,1.817000031,7.931148052,0,0,1,0,1,-6,0,0.657212377,0.189999998,1,1,1,.,.,.
DEM. REP. CONGO,490,1960,6,1,1,0,0.488999993,9.679468155,1.648658633,0,0,1,0,0,1,0.901631832,0.103,1,1,1,.,.,.
DEM. REP. CONGO,490,1961,6,0,0,1,0.488999993,9.679468155,1.648658633,0,0,1,1,0,1,0.901631832,0.103,1,1,1,.,.,.
DEM. REP. CONGO,490,1962,6,0,0,1,0.463,9.698429108,1.648658633,0,0,0,1,0,1,0.901631832,0.103,1,1,1,.,.,.
DEM. REP. CONGO,490,1963,6,0,0,1,0.586000025,9.717398643,1.648658633,0,0,0,1,0,1,0.901631832,0.103,1,1,1,.,.,.
DEM. REP. CONGO,490,1964,6,0,0,1,0.560000002,9.736429214,1.648658633,0,0,0,1,-3,1,0.901631832,0.103,1,1,1,.,.,.
DEM. REP. CONGO,490,1965,6,0,0,1,0.533999979,9.755393028,1.648658633,0,0,0,1,-6,0,0.901631832,0.103,1,1,1,.,.,.
DEM. REP. CONGO,490,1966,6,0,0,1,0.547999978,9.774403572,1.648658633,0,0,0,1,-9,0,0.901631832,0.103,1,1,1,.,.,.
DEM. REP. CONGO,490,1967,6,0,0,0,0.61500001,9.79501152,1.648658633,0,0,0,1,-9,0,0.901631832,0.103,1,1,1,.,.,.
DEM. REP. CONGO,490,1968,6,0,0,0,0.598999977,9.815529823,1.648658633,0,0,0,1,-9,0,0.901631832,0.103,1,1,1,.,.,.
DEM. REP. CONGO,490,1969,6,0,0,0,0.596000016,9.836065292,1.648658633,0,0,0,0,-9,0,0.901631832,0.103,1,1,1,.,.,.
DEM. REP. CONGO,490,1970,6,0,0,0,0.624000013,9.856710434,1.648658633,0,0,0,0,-9,0,0.901631832,0.103,1,1,1,.,.,.
DEM. REP. CONGO,490,1971,6,0,0,0,0.68599999,9.891870499,1.648658633,0,0,0,0,-9,0,0.901631832,0.103,1,1,1,.,.,.
DEM. REP. CONGO,490,1972,6,0,0,0,0.675000012,9.943813324,1.648658633,0,0,0,0,-9,0,0.901631832,0.103,1,1,1,.,.,.
DEM. REP. CONGO,490,1973,6,0,0,0,0.646000028,9.970819473,1.648658633,0,0,0,0,-9,0,0.901631832,0.103,1,1,1,.,.,.
DEM. REP. CONGO,490,1974,6,0,0,0,0.68900001,9.99811554,1.648658633,0,0,0,0,-9,0,0.901631832,0.103,1,1,1,.,.,.
DEM. REP. CONGO,490,1975,6,0,0,0,0.693000019,10.0258379,1.648658633,0,0,0,0,-9,0,0.901631832,0.103,1,1,1,.,.,.
DEM. REP. CONGO,490,1976,6,0,0,0,0.637000024,10.05410385,1.648658633,0,0,0,0,-9,0,0.901631832,0.103,1,1,1,.,.,.
DEM. REP. CONGO,490,1977,6,1,1,0,0.584999979,10.08318043,1.648658633,0,0,0,0,-9,0,0.901631832,0.103,1,1,1,.,.,.
DEM. REP. CONGO,490,1978,6,0,0,1,0.556999981,10.11273479,1.648658633,0,0,0,0,-9,0,0.901631832,0.103,1,1,1,.,.,.
DEM. REP. CONGO,490,1979,6,0,0,1,0.518000007,10.14274025,1.648658633,0,0,0,0,-9,0,0.901631832,0.103,1,1,1,.,.,.
DEM. REP. CONGO,490,1980,6,0,0,0,0.49000001,10.1731329,1.648658633,0,0,0,0,-9,0,0.901631832,0.103,1,1,1,.,.,.
DEM. REP. CONGO,490,1981,6,0,0,0,0.476000011,10.20392513,1.648658633,0,0,0,0,-9,0,0.901631832,0.103,1,1,1,.,.,.
DEM. REP. CONGO,490,1982,6,0,0,0,0.493000001,10.23408508,1.648658633,0,0,0,0,-9,0,0.901631832,0.103,1,1,1,.,.,.
DEM. REP. CONGO,490,1983,6,0,0,0,0.481999993,10.26545334,1.648658633,0,0,0,0,-9,0,0.901631832,0.103,1,1,1,.,.,.
DEM. REP. CONGO,490,1984,6,0,0,0,0.460999995,10.29762173,1.648658633,0,0,0,0,-9,0,0.901631832,0.103,1,1,1,.,.,.
DEM. REP. CONGO,490,1985,6,0,0,0,0.458000004,10.33022499,1.648658633,0,0,0,0,-9,0,0.901631832,0.103,1,1,1,.,.,.
DEM. REP. CONGO,490,1986,6,0,0,0,0.442000002,10.36303043,1.648658633,0,0,0,0,-9,0,0.901631832,0.103,1,1,1,.,.,.
DEM. REP. CONGO,490,1987,6,0,0,0,0.453999996,10.39607811,1.648658633,0,0,0,0,-9,0,0.901631832,0.103,1,1,1,.,.,.
DEM. REP. CONGO,490,1988,6,0,0,0,0.463,10.42948723,1.648658633,0,0,0,0,-9,0,0.901631832,0.103,1,1,1,.,.,.
DEM. REP. CONGO,490,1989,6,0,0,0,0.460000008,10.46296024,1.648658633,0,0,0,0,-9,0,0.901631832,0.103,1,1,1,.,.,.
DEM. REP. CONGO,490,1990,6,0,0,0,0.423999995,10.4962616,1.648658633,0,0,0,0,-9,0,0.901631832,0.103,1,1,1,.,.,.
DEM. REP. CONGO,490,1991,6,0,0,0,0.382999986,10.47903252,1.648658633,0,0,0,0,-8,0,0.901631832,0.103,1,1,1,.,.,.
DEM. REP. CONGO,490,1992,6,0,0,0,0.340000004,10.50976849,1.648658633,0,0,0,0,-8,0,0.901631832,0.103,1,1,1,.,.,.
DEM. REP. CONGO,490,1993,6,0,0,0,0.294,10.59362984,1.648658633,0,0,0,1,0,1,0.901631832,0.103,1,1,1,.,.,.
DEM. REP. CONGO,490,1994,6,0,0,0,0.246999994,10.62526512,1.648658633,0,0,0,1,0,1,0.901631832,0.103,1,1,1,.,.,.
DEM. REP. CONGO,490,1995,6,0,0,0,0.230000004,10.65700817,1.648658633,0,0,0,1,0,1,0.901631832,0.103,1,1,1,.,.,.
DEM. REP. CONGO,490,1996,6,1,1,0,0.224000007,10.68848419,1.648658633,0,0,0,1,0,1,0.901631832,0.103,1,1,1,.,.,.
DEM. REP. CONGO,490,1997,6,0,0,1,0.215000004,10.720047,1.648658633,0,0,0,1,0,1,0.901631832,0.103,1,1,1,.,.,.
DEM. REP. CONGO,490,1998,6,1,1,1,0.196999997,10.75169563,1.648658633,0,0,0,1,0,1,0.901631832,0.103,1,1,1,.,.,.
DEM. REP. CONGO,490,1999,6,0,0,1,0.195999995,10.78343105,1.648658633,0,0,0,1,0,1,0.901631832,0.103,1,1,1,.,.,.
UGANDA,500,1962,6,0,0,0,0.584999979,8.871645927,2.341805696,0,0,1,0,7,0,0.899465322,0.079999998,1,1,1,.,.,.
UGANDA,500,1963,6,0,0,0,0.584999979,8.871645927,2.341805696,0,0,1,0,7,0,0.899465322,0.079999998,1,1,1,.,.,.
UGANDA,500,1964,6,0,0,0,0.601000011,8.912877083,2.341805696,0,0,0,0,7,0,0.899465322,0.079999998,1,1,1,.,.,.
UGANDA,500,1965,6,0,0,0,0.606000006,8.95402813,2.341805696,0,0,0,0,7,0,0.899465322,0.079999998,1,1,1,.,.,.
UGANDA,500,1966,6,0,0,0,0.614000022,8.995288849,2.341805696,0,0,0,0,7,0,0.899465322,0.079999998,1,1,1,.,.,.
UGANDA,500,1967,6,0,0,0,0.643999994,9.036462784,2.341805696,0,0,0,1,0,1,0.899465322,0.079999998,1,1,1,.,.,.
UGANDA,500,1968,6,0,0,0,0.63499999,9.077722549,2.341805696,0,0,0,1,-6,0,0.899465322,0.079999998,1,1,1,.,.,.
UGANDA,500,1969,6,0,0,0,0.626999974,9.118992805,2.341805696,0,0,0,1,-6,0,0.899465322,0.079999998,1,1,1,.,.,.
UGANDA,500,1970,6,0,0,0,0.652999997,9.160203934,2.341805696,0,0,0,1,-7,0,0.899465322,0.079999998,1,1,1,.,.,.
UGANDA,500,1971,6,0,0,0,0.647000015,9.191361427,2.341805696,0,0,0,0,-7,0,0.899465322,0.079999998,1,1,1,.,.,.
UGANDA,500,1972,6,0,0,0,0.670000017,9.222269058,2.341805696,0,0,0,0,-7,0,0.899465322,0.079999998,1,1,1,.,.,.
UGANDA,500,1973,6,0,0,0,0.660000026,9.24956131,2.341805696,0,0,0,0,-7,0,0.899465322,0.079999998,1,1,1,.,.,.
UGANDA,500,1974,6,0,0,0,0.634000003,9.274816513,2.341805696,0,0,0,0,-7,0,0.899465322,0.079999998,1,1,1,.,.,.
UGANDA,500,1975,6,0,0,0,0.626999974,9.299998283,2.341805696,0,0,0,0,-7,0,0.899465322,0.079999998,1,1,1,.,.,.
UGANDA,500,1976,6,0,0,0,0.617999971,9.326166153,2.341805696,0,0,0,0,-7,0,0.899465322,0.079999998,1,1,1,.,.,.
UGANDA,500,1977,6,0,0,0,0.605000019,9.353054047,2.341805696,0,0,0,0,-7,0,0.899465322,0.079999998,1,1,1,.,.,.
UGANDA,500,1978,6,0,0,0,0.601999998,9.381094933,2.341805696,0,0,0,0,-7,0,0.899465322,0.079999998,1,1,1,.,.,.
UGANDA,500,1979,6,0,0,0,0.574000001,9.408945084,2.341805696,0,0,0,0,-7,0,0.899465322,0.079999998,0,0,0,.,.,.
UGANDA,500,1980,6,0,0,0,0.572000027,9.434762955,2.341805696,0,0,0,0,.,.,0.899465322,0.079999998,1,1,1,.,.,.
UGANDA,500,1981,6,1,2,0,0.533999979,9.457747459,2.341805696,0,0,0,0,3,1,0.899465322,0.079999998,1,1,1,.,.,.
UGANDA,500,1982,6,0,0,1,0.89200002,9.47876358,2.341805696,0,0,0,0,3,1,0.899465322,0.079999998,1,1,1,.,.,.
UGANDA,500,1983,6,0,0,1,0.977999985,9.498522758,2.341805696,0,0,0,0,3,1,0.899465322,0.079999998,1,1,1,.,.,.
UGANDA,500,1984,6,0,0,1,1.095000029,9.517530441,2.341805696,0,0,0,0,3,1,0.899465322,0.079999998,1,1,1,.,.,.
UGANDA,500,1985,6,0,0,1,0.575999975,9.536545753,2.341805696,0,0,0,0,3,1,0.899465322,0.079999998,1,1,1,.,.,.
UGANDA,500,1986,6,0,0,1,0.540000021,9.55633831,2.341805696,0,0,0,1,0,1,0.899465322,0.079999998,1,1,1,.,.,.
UGANDA,500,1987,6,0,0,1,0.504999995,9.579141617,2.341805696,0,0,0,1,-7,0,0.899465322,0.079999998,1,1,1,.,.,.
UGANDA,500,1988,6,0,0,1,0.509000003,9.605013847,2.341805696,0,0,0,1,-7,0,0.899465322,0.079999998,1,1,1,.,.,.
UGANDA,500,1989,6,0,0,0,0.52700001,9.633907318,2.341805696,0,0,0,1,-7,0,0.899465322,0.079999998,1,1,1,.,.,.
UGANDA,500,1990,6,0,0,0,0.547999978,9.665801048,2.341805696,0,0,0,0,-7,0,0.899465322,0.079999998,1,1,1,.,.,.
UGANDA,500,1991,6,0,0,0,0.55400002,9.700758934,2.341805696,0,0,0,0,-7,0,0.899465322,0.079999998,1,1,1,.,.,.
UGANDA,500,1992,6,0,0,0,0.563000023,9.735010147,2.341805696,0,0,0,0,-7,0,0.899465322,0.079999998,1,1,1,.,.,.
UGANDA,500,1993,6,1,2,0,0.546999991,9.76761055,2.341805696,0,0,0,0,-7,0,0.899465322,0.079999998,1,1,1,.,.,.
UGANDA,500,1994,6,0,0,1,0.574000001,9.799803734,2.341805696,0,0,0,1,-4,1,0.899465322,0.079999998,1,1,1,.,.,.
UGANDA,500,1995,6,0,0,1,0.592000008,9.83088398,2.341805696,0,0,0,1,-4,1,0.899465322,0.079999998,1,1,1,.,.,.
UGANDA,500,1996,6,0,0,1,0.640999973,9.8609972,2.341805696,0,0,0,1,-4,1,0.899465322,0.079999998,1,1,1,.,.,.
UGANDA,500,1997,6,0,0,1,0.677999973,9.890444756,2.341805696,0,0,0,0,-4,1,0.899465322,0.079999998,1,1,1,.,.,.
UGANDA,500,1998,6,0,0,1,0.689999998,9.919224739,2.341805696,0,0,0,0,-4,1,0.899465322,0.079999998,1,1,1,.,.,.
UGANDA,500,1999,6,0,0,1,0.708999991,9.947339058,2.341805696,0,0,0,0,-4,1,0.899465322,0.079999998,1,1,1,.,.,.
KENYA,501,1963,6,0,0,0,0.621999979,9.100302696,3.306886673,0,0,1,0,2,1,0.833253801,0.140000001,0,0,0,.,.,.
KENYA,501,1964,6,0,0,0,0.621999979,9.100302696,3.306886673,0,0,1,0,2,1,0.833253801,0.140000001,0,0,0,.,.,.
KENYA,501,1965,6,0,0,0,0.621999979,9.135939598,3.306886673,0,0,0,0,2,1,0.833253801,0.140000001,0,0,0,.,.,.
KENYA,501,1966,6,0,0,0,0.614000022,9.171599388,3.306886673,0,0,0,0,2,1,0.833253801,0.140000001,0,0,0,.,.,.
KENYA,501,1967,6,0,0,0,0.660000026,9.207335472,3.306886673,0,0,0,0,0,1,0.833253801,0.140000001,0,0,0,.,.,.
KENYA,501,1968,6,0,0,0,0.67900002,9.242904663,3.306886673,0,0,0,0,0,1,0.833253801,0.140000001,0,0,0,.,.,.
KENYA,501,1969,6,0,0,0,0.698000014,9.278653145,3.306886673,0,0,0,0,0,1,0.833253801,0.140000001,0,0,0,.,.,.
KENYA,501,1970,6,0,0,0,0.711000025,9.314159393,3.306886673,0,0,0,1,-7,0,0.833253801,0.140000001,0,0,0,.,.,.
KENYA,501,1971,6,0,0,0,0.586000025,9.349928856,3.306886673,0,0,0,1,-7,0,0.833253801,0.140000001,0,0,0,.,.,.
KENYA,501,1972,6,0,0,0,0.749000013,9.384461403,3.306886673,0,0,0,1,-7,0,0.833253801,0.140000001,0,0,0,.,.,.
KENYA,501,1973,6,0,0,0,0.838999987,9.419547081,3.306886673,0,0,0,0,-7,0,0.833253801,0.140000001,0,0,0,.,.,.
KENYA,501,1974,6,0,0,0,0.80400002,9.455088615,3.306886673,0,0,0,0,-7,0,0.833253801,0.140000001,0,0,0,.,.,.
KENYA,501,1975,6,0,0,0,0.847000003,9.491299629,3.306886673,0,0,0,0,-7,0,0.833253801,0.140000001,0,0,0,.,.,.
KENYA,501,1976,6,0,0,0,0.837000012,9.528139114,3.306886673,0,0,0,0,-7,0,0.833253801,0.140000001,0,0,0,.,.,.
KENYA,501,1977,6,0,0,0,0.80400002,9.565073013,3.306886673,0,0,0,0,-7,0,0.833253801,0.140000001,0,0,0,.,.,.
KENYA,501,1978,6,0,0,0,0.842999995,9.602720261,3.306886673,0,0,0,0,-7,0,0.833253801,0.140000001,1,1,1,.,.,.
KENYA,501,1979,6,0,0,0,0.898000002,9.641017914,3.306886673,0,0,0,0,-7,0,0.833253801,0.140000001,1,1,1,.,.,.
KENYA,501,1980,6,0,0,0,0.930999994,9.679843903,3.306886673,0,0,0,0,-6,0,0.833253801,0.140000001,1,1,1,.,.,.
KENYA,501,1981,6,0,0,0,0.911000013,9.719083786,3.306886673,0,0,0,0,-6,0,0.833253801,0.140000001,1,1,1,.,.,.
KENYA,501,1982,6,0,0,0,0.870000005,9.758692741,3.306886673,0,0,0,0,-6,0,0.833253801,0.140000001,1,1,1,.,.,.
KENYA,501,1983,6,0,0,0,0.860000014,9.798737526,3.306886673,0,0,0,0,-7,0,0.833253801,0.140000001,1,1,1,.,.,.
KENYA,501,1984,6,0,0,0,0.836000025,9.838628769,3.306886673,0,0,0,0,-7,0,0.833253801,0.140000001,1,1,1,.,.,.
KENYA,501,1985,6,0,0,0,0.833000004,9.877656937,3.306886673,0,0,0,0,-7,0,0.833253801,0.140000001,1,1,1,.,.,.
KENYA,501,1986,6,0,0,0,0.79400003,9.915465355,3.306886673,0,0,0,0,-7,0,0.833253801,0.140000001,1,1,1,.,.,.
KENYA,501,1987,6,0,0,0,0.856999993,9.952278137,3.306886673,0,0,0,0,-7,0,0.833253801,0.140000001,1,1,1,.,.,.
KENYA,501,1988,6,0,0,0,0.880999982,9.988242149,3.306886673,0,0,0,0,-7,0,0.833253801,0.140000001,1,1,1,.,.,.
KENYA,501,1989,6,0,0,0,0.90200001,10.02348995,3.306886673,0,0,0,0,-7,0,0.833253801,0.140000001,1,1,1,.,.,.
KENYA,501,1990,6,0,0,0,0.913999975,10.05818081,3.306886673,0,0,0,0,-7,0,0.833253801,0.140000001,1,1,1,.,.,.
KENYA,501,1991,6,0,0,0,0.911000013,10.09245396,3.306886673,0,0,0,0,-7,0,0.833253801,0.140000001,1,1,1,.,.,.
KENYA,501,1992,6,0,0,0,0.90200001,10.12687111,3.306886673,0,0,0,0,-5,1,0.833253801,0.140000001,1,1,1,.,.,.
KENYA,501,1993,6,0,0,0,0.913999975,10.15303898,3.306886673,0,0,0,0,-5,1,0.833253801,0.140000001,1,1,1,.,.,.
KENYA,501,1994,6,0,0,0,0.893000007,10.15749454,3.306886673,0,0,0,0,-5,1,0.833253801,0.140000001,1,1,1,.,.,.
KENYA,501,1995,6,0,0,0,0.893999994,10.18515587,3.306886673,0,0,0,0,-5,1,0.833253801,0.140000001,1,1,1,.,.,.
KENYA,501,1996,6,0,0,0,0.912,10.21156025,3.306886673,0,0,0,0,-5,1,0.833253801,0.140000001,1,1,1,.,.,.
KENYA,501,1997,6,0,0,0,0.92900002,10.23703003,3.306886673,0,0,0,0,-5,1,0.833253801,0.140000001,1,1,1,.,.,.
KENYA,501,1998,6,0,0,0,0.926999986,10.26156712,3.306886673,0,0,0,1,-2,1,0.833253801,0.140000001,1,1,1,.,.,.
KENYA,501,1999,6,0,0,0,0.921000004,10.28516865,3.306886673,0,0,0,1,-2,1,0.833253801,0.140000001,1,1,1,.,.,.
TANZANIA,510,1961,6,0,0,0,0.303000003,9.242711067,3.122364998,0,0,1,0,-7,0,0.925034761,0.100000001,.,.,.,.,.,.
TANZANIA,510,1962,6,0,0,0,0.303000003,9.242711067,3.122364998,0,0,1,0,-7,0,0.925034761,0.100000001,.,.,.,.,.,.
TANZANIA,510,1963,6,0,0,0,0.326000005,9.272657394,3.122364998,0,0,0,0,-7,0,0.925034761,0.100000001,.,.,.,.,.,.
TANZANIA,510,1964,6,0,0,0,0.328999996,9.302555084,3.122364998,0,0,0,0,-7,0,0.925034761,0.100000001,.,.,.,.,.,.
TANZANIA,510,1965,6,0,0,0,0.370999992,9.332292557,3.122364998,0,0,0,0,-7,0,0.925034761,0.100000001,.,.,.,.,.,.
TANZANIA,510,1966,6,0,0,0,0.370999992,9.362202644,3.122364998,0,0,0,0,-7,0,0.925034761,0.100000001,.,.,.,.,.,.
TANZANIA,510,1967,6,0,0,0,0.384000003,9.3920784,3.122364998,0,0,0,0,-7,0,0.925034761,0.100000001,.,.,.,.,.,.
TANZANIA,510,1968,6,0,0,0,0.397000015,9.421815872,3.122364998,0,0,0,0,-7,0,0.925034761,0.100000001,.,.,.,.,.,.
TANZANIA,510,1969,6,0,0,0,0.419,9.451638222,3.122364998,0,0,0,0,-7,0,0.925034761,0.100000001,.,.,.,.,.,.
TANZANIA,510,1970,6,0,0,0,0.419,9.481588364,3.122364998,0,0,0,0,-7,0,0.925034761,0.100000001,.,.,.,.,.,.
TANZANIA,510,1971,6,0,0,0,0.423999995,9.511407852,3.122364998,0,0,0,0,-7,0,0.925034761,0.100000001,.,.,.,.,.,.
TANZANIA,510,1972,6,0,0,0,0.437999994,9.537987709,3.122364998,0,0,0,0,-7,0,0.925034761,0.100000001,.,.,.,.,.,.
TANZANIA,510,1973,6,0,0,0,0.432000011,9.562615395,3.122364998,0,0,0,0,-7,0,0.925034761,0.100000001,.,.,.,.,.,.
TANZANIA,510,1974,6,0,0,0,0.469000012,9.586856842,3.122364998,0,0,0,0,-7,0,0.925034761,0.100000001,.,.,.,.,.,.
TANZANIA,510,1975,6,0,0,0,0.508000016,9.612533569,3.122364998,0,0,0,0,-7,0,0.925034761,0.100000001,.,.,.,.,.,.
TANZANIA,510,1976,6,0,0,0,0.509000003,9.640758514,3.122364998,0,0,0,0,-7,0,0.925034761,0.100000001,.,.,.,.,.,.
TANZANIA,510,1977,6,0,0,0,0.495000005,9.672626495,3.122364998,0,0,0,0,-7,0,0.925034761,0.100000001,.,.,.,.,.,.
TANZANIA,510,1978,6,0,0,0,0.481999993,9.705158234,3.122364998,0,0,0,0,-7,0,0.925034761,0.100000001,.,.,.,.,.,.
TANZANIA,510,1979,6,0,0,0,0.542999983,9.740968704,3.122364998,0,0,0,0,-7,0,0.925034761,0.100000001,.,.,.,.,.,.
TANZANIA,510,1980,6,0,0,0,0.535000026,9.770870209,3.122364998,0,0,0,0,-7,0,0.925034761,0.100000001,.,.,.,.,.,.
TANZANIA,510,1981,6,0,0,0,0.479999989,9.803556442,3.122364998,0,0,0,0,-7,0,0.925034761,0.100000001,.,.,.,.,.,.
TANZANIA,510,1982,6,0,0,0,0.460999995,9.835850716,3.122364998,0,0,0,0,-7,0,0.925034761,0.100000001,.,.,.,.,.,.
TANZANIA,510,1983,6,0,0,0,0.465999991,9.867756844,3.122364998,0,0,0,0,-7,0,0.925034761,0.100000001,.,.,.,.,.,.
TANZANIA,510,1984,6,0,0,0,0.421999991,9.899077415,3.122364998,0,0,0,0,-7,0,0.925034761,0.100000001,.,.,.,.,.,.
TANZANIA,510,1985,6,0,0,0,0.463,9.929788589,3.122364998,0,0,0,0,-7,0,0.925034761,0.100000001,1,1,1,.,.,.
TANZANIA,510,1986,6,0,0,0,0.47299999,9.959915161,3.122364998,0,0,0,0,-7,0,0.925034761,0.100000001,1,1,1,.,.,.
TANZANIA,510,1987,6,0,0,0,0.540000021,9.987415314,3.122364998,0,0,0,0,-7,0,0.925034761,0.100000001,1,1,1,.,.,.
TANZANIA,510,1988,6,0,0,0,0.537999988,10.01547623,3.122364998,0,0,0,0,-7,0,0.925034761,0.100000001,1,1,1,.,.,.
TANZANIA,510,1989,6,0,0,0,0.533999979,10.04411888,3.122364998,0,0,0,0,-7,0,0.925034761,0.100000001,1,1,1,.,.,.
TANZANIA,510,1990,6,0,0,0,0.537,10.11868,3.122364998,0,0,0,0,-7,0,0.925034761,0.100000001,1,1,1,.,.,.
TANZANIA,510,1991,6,0,0,0,0.556999981,10.15171432,3.122364998,0,0,0,0,-7,0,0.925034761,0.100000001,1,1,1,.,.,.
TANZANIA,510,1992,6,0,0,0,0.550999999,10.19988155,3.122364998,0,0,0,0,-7,0,0.925034761,0.100000001,1,1,1,.,.,.
TANZANIA,510,1993,6,0,0,0,0.537999988,10.23386955,3.122364998,0,0,0,0,-6,0,0.925034761,0.100000001,1,1,1,.,.,.
TANZANIA,510,1994,6,0,0,0,0.527999997,10.2379427,3.122364998,0,0,0,0,-6,0,0.925034761,0.100000001,1,1,1,.,.,.
TANZANIA,510,1995,6,0,0,0,0.519999981,10.26788712,3.122364998,0,0,0,0,-6,0,0.925034761,0.100000001,.,.,.,.,.,.
TANZANIA,510,1996,6,0,0,0,0.523000002,10.2970829,3.122364998,0,0,0,1,-1,1,0.925034761,0.100000001,.,.,.,.,.,.
TANZANIA,510,1997,6,0,0,0,0.532000005,10.32508278,3.122364998,0,0,0,1,-1,1,0.925034761,0.100000001,.,.,.,.,.,.
TANZANIA,510,1998,6,0,0,0,0.536000013,10.3518877,3.122364998,0,0,0,1,-1,1,0.925034761,0.100000001,.,.,.,.,.,.
TANZANIA,510,1999,6,0,0,0,0.54400003,10.37749863,3.122364998,0,0,0,0,-1,1,0.925034761,0.100000001,.,.,.,.,.,.
BURUNDI,516,1962,6,0,0,0,0.512000024,8.008698463,4.324132442,0,0,1,0,0,1,0.035510659,0.180000007,1,1,1,.,.,.
BURUNDI,516,1963,6,0,0,0,0.512000024,8.008698463,4.324132442,0,0,1,0,0,1,0.035510659,0.180000007,1,1,1,.,.,.
BURUNDI,516,1964,6,0,0,0,0.512000024,8.022240639,4.324132442,0,0,0,1,-3,1,0.035510659,0.180000007,1,1,1,.,.,.
BURUNDI,516,1965,6,0,0,0,0.453000009,8.03560257,4.324132442,0,0,0,1,-3,1,0.035510659,0.180000007,1,1,1,.,.,.
BURUNDI,516,1966,6,0,0,0,0.389999986,8.049107552,4.324132442,0,0,0,1,-5,1,0.035510659,0.180000007,1,1,1,.,.,.
BURUNDI,516,1967,6,0,0,0,0.402999997,8.062747955,4.324132442,0,0,0,1,-7,0,0.035510659,0.180000007,1,1,1,.,.,.
BURUNDI,516,1968,6,0,0,0,0.419,8.0762043,4.324132442,0,0,0,1,-7,0,0.035510659,0.180000007,1,1,1,.,.,.
BURUNDI,516,1969,6,0,0,0,0.419,8.089789391,4.324132442,0,0,0,0,-7,0,0.035510659,0.180000007,1,1,1,.,.,.
BURUNDI,516,1970,6,0,0,0,0.414999992,8.103191376,4.324132442,0,0,0,0,-7,0,0.035510659,0.180000007,1,1,1,.,.,.
BURUNDI,516,1971,6,0,0,0,0.340999991,8.116715431,4.324132442,0,0,0,0,-7,0,0.035510659,0.180000007,1,1,1,.,.,.
BURUNDI,516,1972,6,1,2,0,0.449999988,8.171033859,4.324132442,0,0,0,0,-7,0,0.035510659,0.180000007,1,1,1,.,.,.
BURUNDI,516,1973,6,0,0,1,0.430999994,8.177796364,4.324132442,0,0,0,0,-7,0,0.035510659,0.180000007,1,1,1,.,.,.
BURUNDI,516,1974,6,0,0,0,0.446999997,8.186185837,4.324132442,0,0,0,0,-7,0,0.035510659,0.180000007,1,1,1,.,.,.
BURUNDI,516,1975,6,0,0,0,0.433999985,8.196988106,4.324132442,0,0,0,0,-7,0,0.035510659,0.180000007,1,1,1,.,.,.
BURUNDI,516,1976,6,0,0,0,0.446999997,8.21066761,4.324132442,0,0,0,0,-7,0,0.035510659,0.180000007,1,1,1,.,.,.
BURUNDI,516,1977,6,0,0,0,0.451000005,8.227910042,4.324132442,0,0,0,0,-7,0,0.035510659,0.180000007,1,1,1,.,.,.
BURUNDI,516,1978,6,0,0,0,0.508000016,8.249313354,4.324132442,0,0,0,0,-7,0,0.035510659,0.180000007,1,1,1,.,.,.
BURUNDI,516,1979,6,0,0,0,0.488999993,8.273846626,4.324132442,0,0,0,0,-7,0,0.035510659,0.180000007,1,1,1,.,.,.
BURUNDI,516,1980,6,0,0,0,0.486999989,8.299782753,4.324132442,0,0,0,0,-7,0,0.035510659,0.180000007,1,1,1,.,.,.
BURUNDI,516,1981,6,0,0,0,0.479999989,8.326032639,4.324132442,0,0,0,0,-7,0,0.035510659,0.180000007,1,1,1,.,.,.
BURUNDI,516,1982,6,0,0,0,0.505999982,8.353025436,4.324132442,0,0,0,0,-7,0,0.035510659,0.180000007,1,1,1,.,.,.
BURUNDI,516,1983,6,0,0,0,0.503000021,8.380685806,4.324132442,0,0,0,0,-7,0,0.035510659,0.180000007,1,1,1,.,.,.
BURUNDI,516,1984,6,0,0,0,0.486999989,8.408717155,4.324132442,0,0,0,0,-7,0,0.035510659,0.180000007,1,1,1,.,.,.
BURUNDI,516,1985,6,0,0,0,0.48300001,8.437283516,4.324132442,0,0,0,0,-7,0,0.035510659,0.180000007,1,1,1,.,.,.
BURUNDI,516,1986,6,0,0,0,0.52700001,8.465899467,4.324132442,0,0,0,0,-7,0,0.035510659,0.180000007,1,1,1,.,.,.
BURUNDI,516,1987,6,0,0,0,0.550999999,8.494743347,4.324132442,0,0,0,0,-7,0,0.035510659,0.180000007,1,1,1,.,.,.
BURUNDI,516,1988,6,1,2,0,0.537999988,8.523771286,4.324132442,0,0,0,0,-7,0,0.035510659,0.180000007,1,1,1,.,.,.
BURUNDI,516,1989,6,0,0,1,0.559000015,8.552753448,4.324132442,0,0,0,0,-7,0,0.035510659,0.180000007,1,1,1,.,.,.
BURUNDI,516,1990,6,0,0,0,0.532000005,8.581856728,4.324132442,0,0,0,0,-7,0,0.035510659,0.180000007,1,1,1,.,.,.
BURUNDI,516,1991,6,0,0,0,0.550000012,8.611047745,4.324132442,0,0,0,0,-7,0,0.035510659,0.180000007,1,1,1,.,.,.
BURUNDI,516,1992,6,0,0,0,0.560000002,8.639941216,4.324132442,0,0,0,0,-7,0,0.035510659,0.180000007,1,1,1,.,.,.
BURUNDI,516,1993,6,1,2,0,0.569000006,8.667679787,4.324132442,0,0,0,1,-3,1,0.035510659,0.180000007,1,1,1,.,.,.
BURUNDI,516,1994,6,0,0,1,0.523999989,8.680784225,4.324132442,0,0,0,1,0,1,0.035510659,0.180000007,0,0,0,.,.,.
BURUNDI,516,1995,6,0,0,1,0.492000014,8.703631401,4.324132442,0,0,0,1,0,1,0.035510659,0.180000007,0,0,0,.,.,.
BURUNDI,516,1996,6,0,0,1,0.446999997,8.725182533,4.324132442,0,0,0,1,0,1,0.035510659,0.180000007,1,1,1,.,.,.
BURUNDI,516,1997,6,0,0,1,0.400999993,8.747127533,4.324132442,0,0,0,1,-5,1,0.035510659,0.180000007,1,1,1,.,.,.
BURUNDI,516,1998,6,0,0,1,0.393999994,8.769465446,4.324132442,0,0,0,1,-5,1,0.035510659,0.180000007,1,1,1,.,.,.
BURUNDI,516,1999,6,0,0,1,0.405000001,8.792197227,4.324132442,0,0,0,1,-1,1,0.035510659,0.180000007,1,1,1,.,.,.
RWANDA,517,1962,6,1,2,0,0.467000008,7.979339123,4.309455872,0,0,1,0,-5,1,0.12921083,0.100000001,0,0,0,.,.,.
RWANDA,517,1963,6,0,0,1,0.467000008,7.979339123,4.309455872,0,0,1,0,-5,1,0.12921083,0.100000001,0,0,0,.,.,.
RWANDA,517,1964,6,0,0,1,0.448000014,8.008698463,4.309455872,0,0,0,0,-5,1,0.12921083,0.100000001,0,0,0,.,.,.
RWANDA,517,1965,6,0,0,1,0.368000001,8.038188934,4.309455872,0,0,0,0,-5,1,0.12921083,0.100000001,0,0,0,.,.,.
RWANDA,517,1966,6,0,0,1,0.349999994,8.067462921,4.309455872,0,0,0,0,-5,1,0.12921083,0.100000001,0,0,0,.,.,.
RWANDA,517,1967,6,0,0,0,0.486999989,8.096817017,4.309455872,0,0,0,0,-5,1,0.12921083,0.100000001,0,0,0,.,.,.
RWANDA,517,1968,6,0,0,0,0.545000017,8.12622261,4.309455872,0,0,0,0,-5,1,0.12921083,0.100000001,0,0,0,.,.,.
RWANDA,517,1969,6,0,0,0,0.54400003,8.155936241,4.309455872,0,0,0,0,-5,1,0.12921083,0.100000001,0,0,0,.,.,.
RWANDA,517,1970,6,0,0,0,0.592000008,8.185071945,4.309455872,0,0,0,0,-5,1,0.12921083,0.100000001,0,0,0,.,.,.
RWANDA,517,1971,6,0,0,0,0.647000015,8.214735985,4.309455872,0,0,0,0,-5,1,0.12921083,0.100000001,0,0,0,.,.,.
RWANDA,517,1972,6,0,0,0,0.643000007,8.248267174,4.309455872,0,0,0,0,-5,1,0.12921083,0.100000001,0,0,0,.,.,.
RWANDA,517,1973,6,0,0,0,0.628000021,8.282483101,4.309455872,0,0,0,0,-5,1,0.12921083,0.100000001,0,0,0,.,.,.
RWANDA,517,1974,6,0,0,0,0.620999992,8.317033768,4.309455872,0,0,0,0,-7,0,0.12921083,0.100000001,0,0,0,.,.,.
RWANDA,517,1975,6,0,0,0,0.624000013,8.351374626,4.309455872,0,0,0,0,-7,0,0.12921083,0.100000001,0,0,0,.,.,.
RWANDA,517,1976,6,0,0,0,0.639999986,8.385716438,4.309455872,0,0,0,0,-7,0,0.12921083,0.100000001,0,0,0,.,.,.
RWANDA,517,1977,6,0,0,0,0.656000018,8.420241356,4.309455872,0,0,0,0,-7,0,0.12921083,0.100000001,0,0,0,.,.,.
RWANDA,517,1978,6,0,0,0,0.66900003,8.454040527,4.309455872,0,0,0,0,-7,0,0.12921083,0.100000001,0,0,0,.,.,.
RWANDA,517,1979,6,0,0,0,0.693000019,8.48673439,4.309455872,0,0,0,0,-7,0,0.12921083,0.100000001,0,0,0,.,.,.
RWANDA,517,1980,6,0,0,0,0.714999974,8.518591881,4.309455872,0,0,0,0,-7,0,0.12921083,0.100000001,0,0,0,.,.,.
RWANDA,517,1981,6,0,0,0,0.757000029,8.549273491,4.309455872,0,0,0,0,-7,0,0.12921083,0.100000001,0,0,0,.,.,.
RWANDA,517,1982,6,0,0,0,0.846000016,8.578852654,4.309455872,0,0,0,0,-7,0,0.12921083,0.100000001,0,0,0,.,.,.
RWANDA,517,1983,6,0,0,0,0.82099998,8.607216835,4.309455872,0,0,0,0,-7,0,0.12921083,0.100000001,0,0,0,.,.,.
RWANDA,517,1984,6,0,0,0,0.833999991,8.63515377,4.309455872,0,0,0,0,-7,0,0.12921083,0.100000001,0,0,0,.,.,.
RWANDA,517,1985,6,0,0,0,0.768999994,8.663541794,4.309455872,0,0,0,0,-7,0,0.12921083,0.100000001,0,0,0,.,.,.
RWANDA,517,1986,6,0,0,0,0.776000023,8.692825317,4.309455872,0,0,0,0,-7,0,0.12921083,0.100000001,0,0,0,.,.,.
RWANDA,517,1987,6,0,0,0,0.774999976,8.722416878,4.309455872,0,0,0,0,-7,0,0.12921083,0.100000001,0,0,0,.,.,.
RWANDA,517,1988,6,0,0,0,0.769999981,8.75210762,4.309455872,0,0,0,0,-7,0,0.12921083,0.100000001,0,0,0,.,.,.
RWANDA,517,1989,6,0,0,0,0.753000021,8.7820158,4.309455872,0,0,0,0,-7,0,0.12921083,0.100000001,0,0,0,.,.,.
RWANDA,517,1990,6,1,2,0,0.730000019,8.812099457,4.309455872,0,0,0,0,-7,0,0.12921083,0.100000001,0,0,0,.,.,.
RWANDA,517,1991,6,0,0,1,0.755999982,8.842315674,4.309455872,0,0,0,0,-7,0,0.12921083,0.100000001,0,0,0,.,.,.
RWANDA,517,1992,6,0,0,1,0.755999982,8.871364594,4.309455872,0,0,0,0,-7,0,0.12921083,0.100000001,0,0,0,.,.,.
RWANDA,517,1993,6,0,0,1,0.762000024,8.898365974,4.309455872,0,0,0,0,-7,0,0.12921083,0.100000001,0,0,0,.,.,.
RWANDA,517,1994,6,0,0,1,0.680999994,8.927977562,4.309455872,0,0,0,1,-6,0,0.12921083,0.100000001,0,0,0,.,.,.
RWANDA,517,1995,6,0,0,1,0.411000013,8.737132072,4.309455872,0,0,0,1,-6,0,0.12921083,0.100000001,0,0,0,.,.,.
RWANDA,517,1996,6,0,0,1,0.537,8.764053345,4.309455872,0,0,0,1,-6,0,0.12921083,0.100000001,0,0,0,.,.,.
RWANDA,517,1997,6,0,0,1,0.592000008,8.813884735,4.309455872,0,0,0,0,-6,0,0.12921083,0.100000001,0,0,0,.,.,.
RWANDA,517,1998,6,0,0,1,0.569000006,8.974007607,4.309455872,0,0,0,0,-6,0,0.12921083,0.100000001,0,0,0,.,.,.
RWANDA,517,1999,6,0,0,1,0.606999993,9.000236511,4.309455872,0,0,0,0,-6,0,0.12921083,0.100000001,0,0,0,.,.,.
SOMALIA,520,1960,6,0,0,0,1.103000045,7.94449234,2.610069752,0,0,1,0,7,0,0.076742947,0.219999999,0,0,0,.,.,.
SOMALIA,520,1961,6,0,0,0,1.103000045,7.94449234,2.610069752,0,0,1,0,7,0,0.076742947,0.219999999,0,0,0,.,.,.
SOMALIA,520,1962,6,0,0,0,1.152999997,7.955330372,2.610069752,0,0,0,0,7,0,0.076742947,0.219999999,0,0,0,.,.,.
SOMALIA,520,1963,6,0,0,0,1.213000059,7.976045609,2.610069752,0,0,0,0,7,0,0.076742947,0.219999999,0,0,0,.,.,.
SOMALIA,520,1964,6,0,0,0,1.202999949,8.00275135,2.610069752,0,0,0,0,7,0,0.076742947,0.219999999,0,0,0,.,.,.
SOMALIA,520,1965,6,0,0,0,1.07099998,8.032314301,2.610069752,0,0,0,0,7,0,0.076742947,0.219999999,0,0,0,.,.,.
SOMALIA,520,1966,6,0,0,0,0.958999991,8.062433243,2.610069752,0,0,0,0,7,0,0.076742947,0.219999999,0,0,0,.,.,.
SOMALIA,520,1967,6,0,0,0,1.003999949,8.091556549,2.610069752,0,0,0,0,7,0,0.076742947,0.219999999,1,1,1,.,.,.
SOMALIA,520,1968,6,0,0,0,1.019999981,8.118821144,2.610069752,0,0,0,0,7,0,0.076742947,0.219999999,1,1,1,.,.,.
SOMALIA,520,1969,6,0,0,0,1.01699996,8.143930435,2.610069752,0,0,0,0,7,0,0.076742947,0.219999999,1,1,1,.,.,.
SOMALIA,520,1970,6,0,0,0,0.833000004,8.167093277,2.610069752,0,0,0,1,-7,0,0.076742947,0.219999999,1,1,1,.,.,.
SOMALIA,520,1971,6,0,0,0,0.921000004,8.188966751,2.610069752,0,0,0,1,-7,0,0.076742947,0.219999999,1,1,1,.,.,.
SOMALIA,520,1972,6,0,0,0,0.782000005,8.193455696,2.610069752,0,0,0,1,-7,0,0.076742947,0.219999999,1,1,1,.,.,.
SOMALIA,520,1973,6,0,0,0,0.800999999,8.207216263,2.610069752,0,0,0,0,-7,0,0.076742947,0.219999999,1,1,1,.,.,.
SOMALIA,520,1974,6,0,0,0,0.778999984,8.233577728,2.610069752,0,0,0,0,-7,0,0.076742947,0.219999999,1,1,1,.,.,.
SOMALIA,520,1975,6,0,0,0,0.601999998,8.273773193,2.610069752,0,0,0,0,-7,0,0.076742947,0.219999999,1,1,1,.,.,.
SOMALIA,520,1976,6,0,0,0,0.797999978,8.327000618,2.610069752,0,0,0,0,-7,0,0.076742947,0.219999999,1,1,1,.,.,.
SOMALIA,520,1977,6,0,0,0,0.750999987,8.393342972,2.610069752,0,0,0,0,-7,0,0.076742947,0.219999999,1,1,1,.,.,.
SOMALIA,520,1978,6,0,0,0,0.963,8.473416328,2.610069752,0,0,0,0,-7,0,0.076742947,0.219999999,1,1,1,.,.,.
SOMALIA,520,1979,6,0,0,0,0.921000004,8.554972649,2.610069752,0,0,0,0,-7,0,0.076742947,0.219999999,1,1,1,.,.,.
SOMALIA,520,1980,6,0,0,0,0.949000001,8.623966217,2.610069752,0,0,0,0,-7,0,0.076742947,0.219999999,1,1,1,.,.,.
SOMALIA,520,1981,6,1,2,0,0.744000018,8.67470932,2.610069752,0,0,0,0,-7,0,0.076742947,0.219999999,1,1,1,.,.,.
SOMALIA,520,1982,6,0,0,1,0.867999971,8.712470055,2.610069752,0,0,0,0,-7,0,0.076742947,0.219999999,1,1,1,.,.,.
SOMALIA,520,1983,6,0,0,1,0.865999997,8.740466118,2.610069752,0,0,0,0,-7,0,0.076742947,0.219999999,1,1,1,.,.,.
SOMALIA,520,1984,6,0,0,1,0.80400002,8.76047802,2.610069752,0,0,0,0,-7,0,0.076742947,0.219999999,1,1,1,.,.,.
SOMALIA,520,1985,6,0,0,1,0.777999997,8.774888039,2.610069752,0,0,0,0,-7,0,0.076742947,0.219999999,1,1,1,.,.,.
SOMALIA,520,1986,6,0,0,1,0.652999997,8.786762238,2.610069752,0,0,0,0,-7,0,0.076742947,0.219999999,1,1,1,.,.,.
SOMALIA,520,1987,6,0,0,1,0.816999972,8.799887657,2.610069752,0,0,0,0,-7,0,0.076742947,0.219999999,1,1,1,.,.,.
SOMALIA,520,1988,6,0,0,1,0.800999999,8.818742752,2.610069752,0,0,0,0,-7,0,0.076742947,0.219999999,1,1,1,.,.,.
SOMALIA,520,1989,6,0,0,1,0.791999996,8.848274231,2.610069752,0,0,0,0,-7,0,0.076742947,0.219999999,1,1,1,.,.,.
SOMALIA,520,1990,6,0,0,1,0.774999976,8.893422127,2.610069752,0,0,0,0,-7,0,0.076742947,0.219999999,1,1,1,.,.,.
SOMALIA,520,1991,6,1,2,1,0.703000009,8.958411217,2.610069752,0,0,0,0,-7,0,0.076742947,0.219999999,1,1,1,.,.,.
SOMALIA,520,1992,6,0,0,1,0.670000017,9.005311966,2.610069752,0,0,0,1,0,1,0.076742947,0.219999999,.,.,.,.,.,.
SOMALIA,520,1993,6,0,0,1,.,9.03412056,2.610069752,0,0,0,1,0,1,0.076742947,0.219999999,.,.,.,.,.,.
SOMALIA,520,1994,6,0,0,1,.,9.044841766,2.610069752,0,0,0,1,0,1,0.076742947,0.219999999,.,.,.,.,.,.
SOMALIA,520,1995,6,0,0,1,.,9.037471771,2.610069752,0,0,0,1,0,1,0.076742947,0.219999999,.,.,.,.,.,.
SOMALIA,520,1996,6,0,0,1,.,9.012011528,2.610069752,0,0,0,1,0,1,0.076742947,0.219999999,.,.,.,.,.,.
SOMALIA,520,1997,6,0,0,1,.,9.045812607,2.610069752,0,0,0,1,0,1,0.076742947,0.219999999,.,.,.,.,.,.
SOMALIA,520,1998,6,0,0,1,.,9.079612732,2.610069752,0,0,0,1,0,1,0.076742947,0.219999999,.,.,.,.,.,.
SOMALIA,520,1999,6,0,0,1,.,9.113412857,2.610069752,0,0,0,1,0,1,0.076742947,0.219999999,.,.,.,.,.,.
DJIBOUTI,522,1977,6,0,0,0,1.514999986,5.59842205,1.589235187,0,0,1,0,-8,0,0.693339109,0.370000005,0,0,0,.,.,.
DJIBOUTI,522,1978,6,0,0,0,1.514999986,5.59842205,1.589235187,0,0,1,0,-8,0,0.693339109,0.370000005,0,0,0,.,.,.
DJIBOUTI,522,1979,6,0,0,0,1.511999965,5.641907215,1.589235187,0,0,0,0,-8,0,0.693339109,0.370000005,0,0,0,.,.,.
DJIBOUTI,522,1980,6,0,0,0,1.537999988,5.680172443,1.589235187,0,0,0,0,-8,0,0.693339109,0.370000005,0,0,0,.,.,.
DJIBOUTI,522,1981,6,0,0,0,1.536000013,5.717027664,1.589235187,0,0,0,0,-8,0,0.693339109,0.370000005,0,0,0,.,.,.
DJIBOUTI,522,1982,6,0,0,0,1.363999963,5.749392986,1.589235187,0,0,0,0,-8,0,0.693339109,0.370000005,0,0,0,.,.,.
DJIBOUTI,522,1983,6,0,0,0,1.361999989,5.777652264,1.589235187,0,0,0,0,-8,0,0.693339109,0.370000005,0,0,0,.,.,.
DJIBOUTI,522,1984,6,0,0,0,1.156000018,5.940171242,1.589235187,0,0,0,0,-8,0,0.693339109,0.370000005,0,0,0,.,.,.
DJIBOUTI,522,1985,6,0,0,0,1.17900002,6.01615715,1.589235187,0,0,0,0,-8,0,0.693339109,0.370000005,0,0,0,.,.,.
DJIBOUTI,522,1986,6,0,0,0,1.136999965,6.063785076,1.589235187,0,0,0,0,-8,0,0.693339109,0.370000005,0,0,0,.,.,.
DJIBOUTI,522,1987,6,0,0,0,0.990999997,6.13122654,1.589235187,0,0,0,0,-8,0,0.693339109,0.370000005,0,0,0,.,.,.
DJIBOUTI,522,1988,6,0,0,0,1.202999949,5.91350317,1.589235187,0,0,0,0,-8,0,0.693339109,0.370000005,0,0,0,.,.,.
DJIBOUTI,522,1989,6,0,0,0,1.411999941,6.040254593,1.589235187,0,0,0,0,-8,0,0.693339109,0.370000005,0,0,0,.,.,.
DJIBOUTI,522,1990,6,0,0,0,1.381999969,6.063785076,1.589235187,0,0,0,0,-8,0,0.693339109,0.370000005,0,0,0,.,.,.
DJIBOUTI,522,1991,6,0,0,0,1.366999984,6.086774826,1.589235187,0,0,0,0,-8,0,0.693339109,0.370000005,0,0,0,.,.,.
DJIBOUTI,522,1992,6,0,0,0,1.363999963,6.109247684,1.589235187,0,0,0,0,-8,0,0.693339109,0.370000005,0,0,0,.,.,.
DJIBOUTI,522,1993,6,1,2,0,.,6.152732849,1.589235187,0,0,0,0,-7,0,0.693339109,0.370000005,0,0,0,.,.,.
DJIBOUTI,522,1994,6,0,0,1,.,6.338382244,1.589235187,0,0,0,0,-7,0,0.693339109,0.370000005,0,0,0,.,.,.
DJIBOUTI,522,1995,6,0,0,1,.,6.368478775,1.589235187,0,0,0,0,-7,0,0.693339109,0.370000005,0,0,0,.,.,.
DJIBOUTI,522,1996,6,0,0,0,.,6.398594856,1.589235187,0,0,0,0,-7,0,0.693339109,0.370000005,0,0,0,.,.,.
DJIBOUTI,522,1997,6,0,0,0,.,6.427587986,1.589235187,0,0,0,0,-6,0,0.693339109,0.370000005,0,0,0,.,.,.
DJIBOUTI,522,1998,6,0,0,0,.,6.455450058,1.589235187,0,0,0,0,-6,0,0.693339109,0.370000005,0,0,0,.,.,.
DJIBOUTI,522,1999,6,0,0,0,.,6.482204914,1.589235187,0,0,0,0,-6,0,0.693339109,0.370000005,0,0,0,.,.,.
ETHIOPIA,530,1945,6,0,0,0,.,9.570808411,4.268297672,0,0,0,0,-5,1,0.693593264,0.25,1,1,1,.,.,.
ETHIOPIA,530,1946,6,0,0,0,.,9.570808411,4.268297672,0,0,0,0,-5,1,0.693593264,0.25,1,1,1,.,.,.
ETHIOPIA,530,1947,6,0,0,0,0.215000004,9.587062836,4.268297672,0,0,0,1,-9,0,0.693593264,0.25,1,1,1,.,.,.
ETHIOPIA,530,1948,6,0,0,0,0.222000003,9.60326004,4.268297672,0,0,0,1,-9,0,0.693593264,0.25,1,1,1,.,.,.
ETHIOPIA,530,1949,6,0,0,0,0.226999998,9.619531631,4.268297672,0,0,0,1,-9,0,0.693593264,0.25,1,1,1,.,.,.
ETHIOPIA,530,1950,6,0,0,0,0.239999995,9.635804176,4.268297672,0,0,0,0,-9,0,0.693593264,0.25,1,1,1,.,.,.
ETHIOPIA,530,1951,6,0,0,0,0.221000001,9.749462128,4.268297672,0,0,0,0,-9,0,0.693593264,0.25,1,1,1,.,.,.
ETHIOPIA,530,1952,6,0,0,0,0.245000005,9.776789665,4.268297672,0,0,0,0,-9,0,0.693593264,0.25,1,1,1,.,.,.
ETHIOPIA,530,1953,6,0,0,0,0.245000005,9.804163933,4.268297672,0,0,0,0,-9,0,0.693593264,0.25,1,1,1,.,.,.
ETHIOPIA,530,1954,6,0,0,0,0.254999995,9.831454277,4.268297672,0,0,0,0,-9,0,0.693593264,0.25,1,1,1,.,.,.
ETHIOPIA,530,1955,6,0,0,0,0.254000008,9.858803749,4.268297672,0,0,0,0,-9,0,0.693593264,0.25,1,1,1,.,.,.
ETHIOPIA,530,1956,6,0,0,0,0.250999987,9.886137962,4.268297672,0,0,0,0,-9,0,0.693593264,0.25,1,1,1,.,.,.
ETHIOPIA,530,1957,6,0,0,0,0.256999999,9.913487434,4.268297672,0,0,0,0,-9,0,0.693593264,0.25,1,1,1,.,.,.
ETHIOPIA,530,1958,6,0,0,0,0.247999996,9.940831184,4.268297672,0,0,0,0,-9,0,0.693593264,0.25,1,1,1,.,.,.
ETHIOPIA,530,1959,6,0,0,0,0.246999994,9.968291283,4.268297672,0,0,0,0,-9,0,0.693593264,0.25,1,1,1,.,.,.
ETHIOPIA,530,1960,6,0,0,0,0.252000004,9.995519638,4.268297672,0,0,0,0,-9,0,0.693593264,0.25,1,1,1,.,.,.
ETHIOPIA,530,1961,6,0,0,0,0.256999999,10.02286911,4.268297672,0,0,0,0,-9,0,0.693593264,0.25,1,1,1,.,.,.
ETHIOPIA,530,1962,6,0,0,0,0.261000007,10.04685211,4.268297672,0,0,0,0,-9,0,0.693593264,0.25,1,1,1,.,.,.
ETHIOPIA,530,1963,6,0,0,0,0.264999986,10.07086468,4.268297672,0,0,0,0,-9,0,0.693593264,0.25,1,1,1,.,.,.
ETHIOPIA,530,1964,6,0,0,0,0.268000007,10.09481049,4.268297672,0,0,0,0,-9,0,0.693593264,0.25,1,1,1,.,.,.
ETHIOPIA,530,1965,6,0,0,0,0.27700001,10.11892128,4.268297672,0,0,0,0,-9,0,0.693593264,0.25,1,1,1,.,.,.
ETHIOPIA,530,1966,6,0,0,0,0.289999992,10.14289761,4.268297672,0,0,0,0,-9,0,0.693593264,0.25,1,1,1,.,.,.
ETHIOPIA,530,1967,6,0,0,0,0.294,10.16884708,4.268297672,0,0,0,0,-9,0,0.693593264,0.25,1,1,1,.,.,.
ETHIOPIA,530,1968,6,0,0,0,0.289999992,10.19492531,4.268297672,0,0,0,0,-9,0,0.693593264,0.25,1,1,1,.,.,.
ETHIOPIA,530,1969,6,0,0,0,0.296000004,10.22084999,4.268297672,0,0,0,0,-9,0,0.693593264,0.25,1,1,1,.,.,.
ETHIOPIA,530,1970,6,0,0,0,0.301999986,10.24682903,4.268297672,0,0,0,0,-9,0,0.693593264,0.25,1,1,1,.,.,.
ETHIOPIA,530,1971,6,0,0,0,0.296000004,10.27287674,4.268297672,0,0,0,0,-9,0,0.693593264,0.25,1,1,1,.,.,.
ETHIOPIA,530,1972,6,0,0,0,0.300000012,10.2970829,4.268297672,0,0,0,0,-9,0,0.693593264,0.25,1,1,1,.,.,.
ETHIOPIA,530,1973,6,0,0,0,0.307999998,10.32259274,4.268297672,0,0,0,0,-9,0,0.693593264,0.25,1,1,1,.,.,.
ETHIOPIA,530,1974,6,1,2,0,0.305999994,10.34894276,4.268297672,0,0,0,0,-9,0,0.693593264,0.25,0,0,0,.,.,.
ETHIOPIA,530,1975,6,0,0,1,0.300000012,10.37580109,4.268297672,0,0,0,1,0,1,0.693593264,0.25,0,0,0,.,.,.
ETHIOPIA,530,1976,6,0,0,1,0.305999994,10.40286827,4.268297672,0,0,0,1,-7,0,0.693593264,0.25,0,0,0,.,.,.
ETHIOPIA,530,1977,6,0,0,1,0.301999986,10.42998981,4.268297672,0,0,0,1,-7,0,0.693593264,0.25,1,1,1,.,.,.
ETHIOPIA,530,1978,6,0,0,1,0.305999994,10.45708561,4.268297672,0,0,0,1,-7,0,0.693593264,0.25,1,1,1,.,.,.
ETHIOPIA,530,1979,6,0,0,1,0.314999998,10.48405361,4.268297672,0,0,0,0,-7,0,0.693593264,0.25,1,1,1,.,.,.
ETHIOPIA,530,1980,6,0,0,1,0.316000015,10.51096821,4.268297672,0,0,0,0,-7,0,0.693593264,0.25,1,1,1,.,.,.
ETHIOPIA,530,1981,6,0,0,1,0.321999997,10.53786659,4.268297672,0,0,0,0,-7,0,0.693593264,0.25,1,1,1,.,.,.
ETHIOPIA,530,1982,6,0,0,1,0.321999997,10.56462765,4.268297672,0,0,0,0,-7,0,0.693593264,0.25,1,1,1,.,.,.
ETHIOPIA,530,1983,6,0,0,1,0.321999997,10.59101868,4.268297672,0,0,0,0,-7,0,0.693593264,0.25,1,1,1,.,.,.
ETHIOPIA,530,1984,6,0,0,1,0.331999987,10.61788273,4.268297672,0,0,0,0,-7,0,0.693593264,0.25,1,1,1,.,.,.
ETHIOPIA,530,1985,6,0,0,1,0.317999989,10.64637661,4.268297672,0,0,0,0,-8,0,0.693593264,0.25,1,1,1,.,.,.
ETHIOPIA,530,1986,6,0,0,1,0.298999995,10.67706203,4.268297672,0,0,0,0,-8,0,0.693593264,0.25,1,1,1,.,.,.
ETHIOPIA,530,1987,6,0,0,1,0.312000006,10.70927143,4.268297672,0,0,0,0,-8,0,0.693593264,0.25,1,1,1,.,.,.
ETHIOPIA,530,1988,6,0,0,1,0.344999999,10.76191616,4.268297672,0,0,0,0,-8,0,0.693593264,0.25,1,1,1,.,.,.
ETHIOPIA,530,1989,6,0,0,1,0.335000008,10.79111099,4.268297672,0,0,0,0,-8,0,0.693593264,0.25,1,1,1,.,.,.
ETHIOPIA,530,1990,6,0,0,1,0.326999992,10.82311249,4.268297672,0,0,0,0,-8,0,0.693593264,0.25,1,1,1,.,.,.
ETHIOPIA,530,1991,6,0,0,1,0.323000014,10.85300064,4.268297672,0,0,0,0,-8,0,0.693593264,0.25,1,1,1,.,.,.
ETHIOPIA,530,1992,6,0,0,1,0.298000008,10.88524723,4.268297672,0,0,0,1,0,1,0.693593264,0.25,1,1,1,.,.,.
ETHIOPIA,530,1993,6,0,0,1,0.273000002,10.9170866,4.268297672,0,0,0,1,0,1,0.693593264,0.25,1,1,1,.,.,.
ETHIOPIA,530,1994,6,0,0,0,0.317999989,10.88363552,4.268297672,0,0,0,1,0,1,0.693593264,0.25,1,1,1,.,.,.
ETHIOPIA,530,1995,6,0,0,0,0.319999993,10.91308689,4.268297672,0,0,0,1,1,1,0.693593264,0.25,1,1,1,.,.,.
ETHIOPIA,530,1996,6,0,0,0,0.328999996,10.94252682,4.268297672,0,0,0,1,1,1,0.693593264,0.25,1,1,1,.,.,.
ETHIOPIA,530,1997,6,1,2,0,0.354000002,10.97222424,4.268297672,0,0,0,1,1,1,0.693593264,0.25,1,1,1,.,.,.
ETHIOPIA,530,1998,6,0,0,1,0.363000005,10.9979248,4.268297672,0,0,0,0,1,1,0.693593264,0.25,1,1,1,.,.,.
ETHIOPIA,530,1999,6,0,0,1,0.349000007,11.02298069,4.268297672,0,0,0,0,1,1,0.693593264,0.25,1,1,1,.,.,.
ERITREA,531,1993,6,0,0,0,.,8.129528999,2.482239008,0,0,1,0,-6,0,0.587499976,0.310000002,0,0,0,.,.,.
ERITREA,531,1994,6,0,0,0,.,8.129528999,2.482239008,0,0,1,0,-6,0,0.587499976,0.310000002,0,0,0,.,.,.
ERITREA,531,1995,6,0,0,0,.,8.155485153,2.482239008,0,0,0,0,-6,0,0.587499976,0.310000002,0,0,0,.,.,.
ERITREA,531,1996,6,0,0,0,.,8.181440353,2.482239008,0,0,0,0,-6,0,0.587499976,0.310000002,0,0,0,.,.,.
ERITREA,531,1997,6,0,0,0,.,8.207946777,2.482239008,0,0,0,0,-6,0,0.587499976,0.310000002,0,0,0,.,.,.
ERITREA,531,1998,6,0,0,0,.,8.235625267,2.482239008,0,0,0,0,-6,0,0.587499976,0.310000002,0,0,0,.,.,.
ERITREA,531,1999,6,0,0,0,.,8.263332367,2.482239008,0,0,0,0,-6,0,0.587499976,0.310000002,0,0,0,.,.,.
ANGOLA,540,1975,6,1,2,0,0.731000006,8.807920456,2.370243788,1,1,1,0,-7,0,0.783281744,0.25999999,1,1,1,.,.,.
ANGOLA,540,1976,6,0,0,1,0.731000006,8.807920456,2.370243788,1,1,1,0,-7,0,0.783281744,0.25999999,1,1,1,.,.,.
ANGOLA,540,1977,6,0,0,1,0.648000002,8.832295418,2.370243788,1,1,0,0,-7,0,0.783281744,0.25999999,1,1,1,.,.,.
ANGOLA,540,1978,6,0,0,1,0.646000028,8.857373238,2.370243788,1,1,0,0,-7,0,0.783281744,0.25999999,1,1,1,.,.,.
ANGOLA,540,1979,6,0,0,1,0.662999988,8.882946968,2.370243788,1,1,0,0,-7,0,0.783281744,0.25999999,1,1,1,.,.,.
ANGOLA,540,1980,6,0,0,1,0.662,8.908288956,2.370243788,1,1,0,0,-7,0,0.783281744,0.25999999,1,1,1,.,.,.
ANGOLA,540,1981,6,0,0,1,0.675000012,8.933400154,2.370243788,1,1,0,0,-7,0,0.783281744,0.25999999,1,1,1,.,.,.
ANGOLA,540,1982,6,0,0,1,0.649999976,8.95969677,2.370243788,1,1,0,0,-7,0,0.783281744,0.25999999,1,1,1,.,.,.
ANGOLA,540,1983,6,0,0,1,0.67900002,8.985945702,2.370243788,1,1,0,0,-7,0,0.783281744,0.25999999,1,1,1,.,.,.
ANGOLA,540,1984,6,0,0,1,0.672999978,9.012133598,2.370243788,1,1,0,0,-7,0,0.783281744,0.25999999,1,1,1,.,.,.
ANGOLA,540,1985,6,0,0,1,0.690999985,9.0359869,2.370243788,1,1,0,0,-7,0,0.783281744,0.25999999,1,1,1,.,.,.
ANGOLA,540,1986,6,0,0,1,0.711000025,9.060098648,2.370243788,1,1,0,0,-7,0,0.783281744,0.25999999,1,1,1,.,.,.
ANGOLA,540,1987,6,0,0,1,0.708999991,9.087155342,2.370243788,1,1,0,0,-7,0,0.783281744,0.25999999,1,1,1,.,.,.
ANGOLA,540,1988,6,0,0,1,0.717000008,9.11427021,2.370243788,1,1,0,0,-7,0,0.783281744,0.25999999,1,1,1,.,.,.
ANGOLA,540,1989,6,0,0,1,0.73299998,9.141418457,2.370243788,1,1,0,0,-7,0,0.783281744,0.25999999,1,1,1,.,.,.
ANGOLA,540,1990,6,0,0,1,0.700999975,9.168476105,2.370243788,1,1,0,0,-7,0,0.783281744,0.25999999,1,1,1,.,.,.
ANGOLA,540,1991,6,0,0,1,0.677999973,9.212338448,2.370243788,1,1,0,0,-7,0,0.783281744,0.25999999,1,1,1,.,.,.
ANGOLA,540,1992,6,1,1,1,0.656000018,9.161149979,2.370243788,1,1,0,1,-3,1,0.783281744,0.25999999,1,1,1,.,.,.
ANGOLA,540,1993,6,0,0,1,0.601000011,9.269552231,2.370243788,1,1,0,1,0,1,0.783281744,0.25999999,1,1,1,.,.,.
ANGOLA,540,1994,6,0,0,1,0.442999989,9.238498688,2.370243788,1,1,0,1,-1,1,0.783281744,0.25999999,1,1,1,.,.,.
ANGOLA,540,1995,6,0,0,1,0.433999985,9.271147728,2.370243788,1,1,0,1,-1,1,0.783281744,0.25999999,1,1,1,.,.,.
ANGOLA,540,1996,6,0,0,1,0.463999987,9.30310154,2.370243788,1,1,0,1,-2,1,0.783281744,0.25999999,1,1,1,.,.,.
ANGOLA,540,1997,6,0,0,1,0.495000005,9.334076881,2.370243788,1,1,0,1,-2,1,0.783281744,0.25999999,1,1,1,.,.,.
ANGOLA,540,1998,6,0,0,1,0.50999999,9.363823891,2.370243788,1,1,0,1,-3,1,0.783281744,0.25999999,1,1,1,.,.,.
ANGOLA,540,1999,6,0,0,1,0.510999978,9.392870903,2.370243788,1,1,0,1,-3,1,0.783281744,0.25999999,1,1,1,.,.,.
MOZAMBIQUE,541,1975,6,0,0,0,1.182000041,9.269175529,1.223775506,0,0,1,0,-8,0,0.654930055,0.237000003,1,1,1,.,.,.
MOZAMBIQUE,541,1976,6,1,1,0,1.182000041,9.269175529,1.223775506,0,0,1,0,-8,0,0.654930055,0.237000003,1,1,1,.,.,.
MOZAMBIQUE,541,1977,6,0,0,1,1.095000029,9.295416832,1.223775506,0,0,0,0,-8,0,0.654930055,0.237000003,1,1,1,.,.,.
MOZAMBIQUE,541,1978,6,0,0,1,1.103000045,9.321792603,1.223775506,0,0,0,0,-8,0,0.654930055,0.237000003,1,1,1,.,.,.
MOZAMBIQUE,541,1979,6,0,0,1,1.072000027,9.348274231,1.223775506,0,0,0,0,-8,0,0.654930055,0.237000003,1,1,1,.,.,.
MOZAMBIQUE,541,1980,6,0,0,1,1.077999949,9.374752045,1.223775506,0,0,0,0,-8,0,0.654930055,0.237000003,1,1,1,.,.,.
MOZAMBIQUE,541,1981,6,0,0,1,0.922999978,9.401208878,1.223775506,0,0,0,0,-8,0,0.654930055,0.237000003,1,1,1,.,.,.
MOZAMBIQUE,541,1982,6,0,0,1,0.93900001,9.427546501,1.223775506,0,0,0,0,-8,0,0.654930055,0.237000003,1,1,1,.,.,.
MOZAMBIQUE,541,1983,6,0,0,1,0.904999971,9.453757286,1.223775506,0,0,0,0,-8,0,0.654930055,0.237000003,1,1,1,.,.,.
MOZAMBIQUE,541,1984,6,0,0,1,0.865999997,9.479832649,1.223775506,0,0,0,0,-8,0,0.654930055,0.237000003,1,1,1,.,.,.
MOZAMBIQUE,541,1985,6,0,0,1,0.848999977,9.505842209,1.223775506,0,0,0,0,-8,0,0.654930055,0.237000003,1,1,1,.,.,.
MOZAMBIQUE,541,1986,6,0,0,1,0.749000013,9.53177166,1.223775506,0,0,0,0,-8,0,0.654930055,0.237000003,1,1,1,.,.,.
MOZAMBIQUE,541,1987,6,0,0,1,0.769999981,9.557682037,1.223775506,0,0,0,0,-7,0,0.654930055,0.237000003,1,1,1,.,.,.
MOZAMBIQUE,541,1988,6,0,0,1,0.744000018,9.583626747,1.223775506,0,0,0,0,-7,0,0.654930055,0.237000003,1,1,1,.,.,.
MOZAMBIQUE,541,1989,6,0,0,1,0.75999999,9.609585762,1.223775506,0,0,0,0,-7,0,0.654930055,0.237000003,1,1,1,.,.,.
MOZAMBIQUE,541,1990,6,0,0,1,0.791000009,9.635673523,1.223775506,0,0,0,0,-7,0,0.654930055,0.237000003,1,1,1,.,.,.
MOZAMBIQUE,541,1991,6,0,0,1,0.75999999,9.66186142,1.223775506,0,0,0,0,-7,0,0.654930055,0.237000003,1,1,1,.,.,.
MOZAMBIQUE,541,1992,6,0,0,1,0.742999971,9.688312531,1.223775506,0,0,0,0,-6,0,0.654930055,0.237000003,1,1,1,.,.,.
MOZAMBIQUE,541,1993,6,0,0,1,0.711000025,9.711782455,1.223775506,0,0,0,0,-6,0,0.654930055,0.237000003,1,1,1,.,.,.
MOZAMBIQUE,541,1994,6,0,0,1,0.757000029,9.616138458,1.223775506,0,0,0,0,-6,0,0.654930055,0.237000003,1,1,1,.,.,.
MOZAMBIQUE,541,1995,6,0,0,1,0.791000009,9.643420219,1.223775506,0,0,0,1,6,0,0.654930055,0.237000003,1,1,1,.,.,.
MOZAMBIQUE,541,1996,6,0,0,1,0.805000007,9.66903019,1.223775506,0,0,0,1,6,0,0.654930055,0.237000003,1,1,1,.,.,.
MOZAMBIQUE,541,1997,6,0,0,0,0.839999974,9.694616318,1.223775506,0,0,0,1,6,0,0.654930055,0.237000003,1,1,1,.,.,.
MOZAMBIQUE,541,1998,6,0,0,0,0.911000013,9.718963623,1.223775506,0,0,0,0,6,0,0.654930055,0.237000003,1,1,1,.,.,.
MOZAMBIQUE,541,1999,6,0,0,0,0.999000013,9.737846375,1.223775506,0,0,0,0,6,0,0.654930055,0.237000003,1,1,1,.,.,.
ZAMBIA,551,1964,6,0,0,0,0.910000026,8.163656235,0.182321563,0,0,1,0,2,1,0.818216383,0.189999998,1,1,1,.,.,.
ZAMBIA,551,1965,6,0,0,0,0.910000026,8.163656235,0.182321563,0,0,1,0,2,1,0.818216383,0.189999998,1,1,1,.,.,.
ZAMBIA,551,1966,6,0,0,0,1.110000014,8.19146347,0.182321563,0,0,0,0,2,1,0.818216383,0.189999998,1,1,1,.,.,.
ZAMBIA,551,1967,6,0,0,0,1.032999992,8.219057083,0.182321563,0,0,0,0,2,1,0.818216383,0.189999998,1,1,1,.,.,.
ZAMBIA,551,1968,6,0,0,0,1.09800005,8.246957779,0.182321563,0,0,0,0,2,1,0.818216383,0.189999998,1,1,1,.,.,.
ZAMBIA,551,1969,6,0,0,0,1.123000026,8.274867058,0.182321563,0,0,0,0,0,1,0.818216383,0.189999998,1,1,1,.,.,.
ZAMBIA,551,1970,6,0,0,0,1.042000055,8.302514076,0.182321563,0,0,0,0,0,1,0.818216383,0.189999998,1,1,1,.,.,.
ZAMBIA,551,1971,6,0,0,0,1.116999984,8.333029747,0.182321563,0,0,0,0,0,1,0.818216383,0.189999998,1,1,1,.,.,.
ZAMBIA,551,1972,6,0,0,0,1.139999986,8.369156837,0.182321563,0,0,0,0,0,1,0.818216383,0.189999998,1,1,1,.,.,.
ZAMBIA,551,1973,6,0,0,0,1.184999943,8.397958755,0.182321563,0,0,0,1,-9,0,0.818216383,0.189999998,1,1,1,.,.,.
ZAMBIA,551,1974,6,0,0,0,1.162999988,8.426830292,0.182321563,0,0,0,1,-9,0,0.818216383,0.189999998,1,1,1,.,.,.
ZAMBIA,551,1975,6,0,0,0,1.207999945,8.455742836,0.182321563,0,0,0,1,-9,0,0.818216383,0.189999998,1,1,1,.,.,.
ZAMBIA,551,1976,6,0,0,0,1.251000047,8.484876633,0.182321563,0,0,0,0,-9,0,0.818216383,0.189999998,1,1,1,.,.,.
ZAMBIA,551,1977,6,0,0,0,1.174000025,8.513586998,0.182321563,0,0,0,0,-9,0,0.818216383,0.189999998,1,1,1,.,.,.
ZAMBIA,551,1978,6,0,0,0,1.047000051,8.543055534,0.182321563,0,0,0,0,-9,0,0.818216383,0.189999998,1,1,1,.,.,.
ZAMBIA,551,1979,6,0,0,0,1.006999969,8.573762894,0.182321563,0,0,0,0,-9,0,0.818216383,0.189999998,1,1,1,.,.,.
ZAMBIA,551,1980,6,0,0,0,0.949999988,8.605752945,0.182321563,0,0,0,0,-9,0,0.818216383,0.189999998,1,1,1,.,.,.
ZAMBIA,551,1981,6,0,0,0,0.971000016,8.638879776,0.182321563,0,0,0,0,-9,0,0.818216383,0.189999998,1,1,1,.,.,.
ZAMBIA,551,1982,6,0,0,0,1.024000049,8.673171043,0.182321563,0,0,0,0,-9,0,0.818216383,0.189999998,1,1,1,.,.,.
ZAMBIA,551,1983,6,0,0,0,0.939999998,8.708805084,0.182321563,0,0,0,0,-9,0,0.818216383,0.189999998,1,1,1,.,.,.
ZAMBIA,551,1984,6,0,0,0,0.839999974,8.744965553,0.182321563,0,0,0,0,-9,0,0.818216383,0.189999998,1,1,1,.,.,.
ZAMBIA,551,1985,6,0,0,0,0.827000022,8.781401634,0.182321563,0,0,0,0,-9,0,0.818216383,0.189999998,1,1,1,.,.,.
ZAMBIA,551,1986,6,0,0,0,0.808000028,8.817742348,0.182321563,0,0,0,0,-9,0,0.818216383,0.189999998,1,1,1,.,.,.
ZAMBIA,551,1987,6,0,0,0,0.786000013,8.853808403,0.182321563,0,0,0,0,-9,0,0.818216383,0.189999998,1,1,1,.,.,.
ZAMBIA,551,1988,6,0,0,0,0.75999999,8.889583588,0.182321563,0,0,0,0,-9,0,0.818216383,0.189999998,1,1,1,.,.,.
ZAMBIA,551,1989,6,0,0,0,0.757000029,8.924921989,0.182321563,0,0,0,0,-9,0,0.818216383,0.189999998,1,1,1,.,.,.
ZAMBIA,551,1990,6,0,0,0,0.755999982,8.959568977,0.182321563,0,0,0,0,-9,0,0.818216383,0.189999998,1,1,1,.,.,.
ZAMBIA,551,1991,6,0,0,0,0.68900001,8.993427277,0.182321563,0,0,0,0,-9,0,0.818216383,0.189999998,0,0,0,.,.,.
ZAMBIA,551,1992,6,0,0,0,0.699000001,9.026297569,0.182321563,0,0,0,1,6,0,0.818216383,0.189999998,0,0,0,.,.,.
ZAMBIA,551,1993,6,0,0,0,0.666999996,9.064157486,0.182321563,0,0,0,1,6,0,0.818216383,0.189999998,0,0,0,.,.,.
ZAMBIA,551,1994,6,0,0,0,0.691999972,9.047951698,0.182321563,0,0,0,1,6,0,0.818216383,0.189999998,0,0,0,.,.,.
ZAMBIA,551,1995,6,0,0,0,0.61500001,9.07574749,0.182321563,0,0,0,0,6,0,0.818216383,0.189999998,0,0,0,.,.,.
ZAMBIA,551,1996,6,0,0,0,0.583000004,9.102755547,0.182321563,0,0,0,0,6,0,0.818216383,0.189999998,0,0,0,.,.,.
ZAMBIA,551,1997,6,0,0,0,0.606000006,9.128522873,0.182321563,0,0,0,1,1,1,0.818216383,0.189999998,0,0,0,.,.,.
ZAMBIA,551,1998,6,0,0,0,0.611000001,9.153051376,0.182321563,0,0,0,1,1,1,0.818216383,0.189999998,0,0,0,.,.,.
ZAMBIA,551,1999,6,0,0,0,0.586000025,9.176340103,0.182321563,0,0,0,1,1,1,0.818216383,0.189999998,0,0,0,.,.,.
ZIMBABWE,552,1965,6,0,0,0,0.94599998,8.382975578,1.360976577,0,0,1,0,.,.,0.543950438,0.200000003,1,1,1,.,.,.
ZIMBABWE,552,1966,6,0,0,0,0.94599998,8.382975578,1.360976577,0,0,1,0,.,.,0.543950438,0.200000003,1,1,1,.,.,.
ZIMBABWE,552,1967,6,0,0,0,0.962000012,8.421783447,1.360976577,0,0,0,.,.,.,0.543950438,0.200000003,1,1,1,.,.,.
ZIMBABWE,552,1968,6,0,0,0,1.001999974,8.460411072,1.360976577,0,0,0,.,.,.,0.543950438,0.200000003,1,1,1,.,.,.
ZIMBABWE,552,1969,6,0,0,0,0.972000003,8.498825073,1.360976577,0,0,0,.,.,.,0.543950438,0.200000003,1,1,1,.,.,.
ZIMBABWE,552,1970,6,0,0,0,1.014000058,8.537387848,1.360976577,0,0,0,.,.,.,0.543950438,0.200000003,1,1,1,.,.,.
ZIMBABWE,552,1971,6,0,0,0,1.082000017,8.565793037,1.360976577,0,0,0,0,4,1,0.543950438,0.200000003,1,1,1,.,.,.
ZIMBABWE,552,1972,6,1,2,0,1.167999983,8.597112656,1.360976577,0,0,0,0,4,1,0.543950438,0.200000003,1,1,1,.,.,.
ZIMBABWE,552,1973,6,0,0,1,1.17900002,8.626765251,1.360976577,0,0,0,0,4,1,0.543950438,0.200000003,1,1,1,.,.,.
ZIMBABWE,552,1974,6,0,0,1,1.202999949,8.655039787,1.360976577,0,0,0,0,4,1,0.543950438,0.200000003,1,1,1,.,.,.
ZIMBABWE,552,1975,6,0,0,1,1.363999963,8.682707787,1.360976577,0,0,0,0,4,1,0.543950438,0.200000003,1,1,1,.,.,.
ZIMBABWE,552,1976,6,0,0,1,1.348999977,8.710289955,1.360976577,0,0,0,0,4,1,0.543950438,0.200000003,1,1,1,.,.,.
ZIMBABWE,552,1977,6,0,0,1,1.200000048,8.735846519,1.360976577,0,0,0,0,4,1,0.543950438,0.200000003,1,1,1,.,.,.
ZIMBABWE,552,1978,6,0,0,1,1.143000007,8.762802124,1.360976577,0,0,0,0,4,1,0.543950438,0.200000003,1,1,1,.,.,.
ZIMBABWE,552,1979,6,0,0,1,1.167999983,8.791485786,1.360976577,0,0,0,0,4,1,0.543950438,0.200000003,0,0,0,.,.,.
ZIMBABWE,552,1980,6,0,0,1,1.190000057,8.822175026,1.360976577,0,0,0,1,5,1,0.543950438,0.200000003,0,0,0,.,.,.
ZIMBABWE,552,1981,6,0,0,0,1.20599997,8.854949951,1.360976577,0,0,0,1,5,1,0.543950438,0.200000003,0,0,0,.,.,.
ZIMBABWE,552,1982,6,0,0,0,1.281000018,8.88972187,1.360976577,0,0,0,1,5,1,0.543950438,0.200000003,0,0,0,.,.,.
ZIMBABWE,552,1983,6,1,2,0,1.332000017,8.926783562,1.360976577,0,0,0,0,5,1,0.543950438,0.200000003,0,0,0,.,.,.
ZIMBABWE,552,1984,6,0,0,1,1.363999963,8.96469593,1.360976577,0,0,0,1,1,1,0.543950438,0.200000003,0,0,0,.,.,.
ZIMBABWE,552,1985,6,0,0,1,1.207000017,9.001592636,1.360976577,0,0,0,1,1,1,0.543950438,0.200000003,0,0,0,.,.,.
ZIMBABWE,552,1986,6,0,0,1,1.215999961,9.036701202,1.360976577,0,0,0,1,1,1,0.543950438,0.200000003,0,0,0,.,.,.
ZIMBABWE,552,1987,6,0,0,1,1.177999973,9.070158005,1.360976577,0,0,0,0,1,1,0.543950438,0.200000003,0,0,0,.,.,.
ZIMBABWE,552,1988,6,0,0,1,1.203999996,9.102309227,1.360976577,0,0,0,1,-6,0,0.543950438,0.200000003,0,0,0,.,.,.
ZIMBABWE,552,1989,6,0,0,0,1.087000012,9.133027077,1.360976577,0,0,0,1,-6,0,0.543950438,0.200000003,0,0,0,.,.,.
ZIMBABWE,552,1990,6,0,0,0,1.172000051,9.162409782,1.360976577,0,0,0,1,-6,0,0.543950438,0.200000003,0,0,0,.,.,.
ZIMBABWE,552,1991,6,0,0,0,1.182000041,9.190648079,1.360976577,0,0,0,0,-6,0,0.543950438,0.200000003,0,0,0,.,.,.
ZIMBABWE,552,1992,6,0,0,0,1.248000026,9.218209267,1.360976577,0,0,0,0,-6,0,0.543950438,0.200000003,0,0,0,.,.,.
ZIMBABWE,552,1993,6,0,0,0,1.161999941,9.24609375,1.360976577,0,0,0,0,-6,0,0.543950438,0.200000003,0,0,0,.,.,.
ZIMBABWE,552,1994,6,0,0,0,1.161999941,9.262116432,1.360976577,0,0,0,0,-6,0,0.543950438,0.200000003,0,0,0,.,.,.
ZIMBABWE,552,1995,6,0,0,0,1.197000027,9.285018921,1.360976577,0,0,0,0,-6,0,0.543950438,0.200000003,0,0,0,.,.,.
ZIMBABWE,552,1996,6,0,0,0,1.174999952,9.306650162,1.360976577,0,0,0,0,-6,0,0.543950438,0.200000003,0,0,0,.,.,.
ZIMBABWE,552,1997,6,0,0,0,1.26699996,9.327418327,1.360976577,0,0,0,0,-6,0,0.543950438,0.200000003,0,0,0,.,.,.
ZIMBABWE,552,1998,6,0,0,0,1.27699995,9.347324371,1.360976577,0,0,0,0,-6,0,0.543950438,0.200000003,0,0,0,.,.,.
ZIMBABWE,552,1999,6,0,0,0,1.299000025,9.366368294,1.360976577,0,0,0,0,-6,0,0.543950438,0.200000003,0,0,0,.,.,.
MALAWI,553,1964,6,0,0,0,0.370999992,8.257125854,2.282382488,0,0,1,0,-9,0,0.620269656,0.189999998,0,0,0,.,.,.
MALAWI,553,1965,6,0,0,0,0.370999992,8.257125854,2.282382488,0,0,1,0,-9,0,0.620269656,0.189999998,0,0,0,.,.,.
MALAWI,553,1966,6,0,0,0,0.412,8.279190063,2.282382488,0,0,0,0,-9,0,0.620269656,0.189999998,0,0,0,.,.,.
MALAWI,553,1967,6,0,0,0,0.439999998,8.301025391,2.282382488,0,0,0,0,-9,0,0.620269656,0.189999998,0,0,0,.,.,.
MALAWI,553,1968,6,0,0,0,0.456999987,8.329898834,2.282382488,0,0,0,0,-9,0,0.620269656,0.189999998,0,0,0,.,.,.
MALAWI,553,1969,6,0,0,0,0.451000005,8.358431816,2.282382488,0,0,0,0,-9,0,0.620269656,0.189999998,0,0,0,.,.,.
MALAWI,553,1970,6,0,0,0,0.463999987,8.387084961,2.282382488,0,0,0,0,-9,0,0.620269656,0.189999998,0,0,0,.,.,.
MALAWI,553,1971,6,0,0,0,0.439999998,8.41582489,2.282382488,0,0,0,0,-9,0,0.620269656,0.189999998,0,0,0,.,.,.
MALAWI,553,1972,6,0,0,0,0.504999995,8.44483757,2.282382488,0,0,0,0,-9,0,0.620269656,0.189999998,0,0,0,.,.,.
MALAWI,553,1973,6,0,0,0,0.497999996,8.47449398,2.282382488,0,0,0,0,-9,0,0.620269656,0.189999998,0,0,0,.,.,.
MALAWI,553,1974,6,0,0,0,0.479000002,8.504310608,2.282382488,0,0,0,0,-9,0,0.620269656,0.189999998,0,0,0,.,.,.
MALAWI,553,1975,6,0,0,0,0.486999989,8.534443855,2.282382488,0,0,0,0,-9,0,0.620269656,0.189999998,0,0,0,.,.,.
MALAWI,553,1976,6,0,0,0,0.509000003,8.564840317,2.282382488,0,0,0,0,-9,0,0.620269656,0.189999998,0,0,0,.,.,.
MALAWI,553,1977,6,0,0,0,0.508000016,8.596004486,2.282382488,0,0,0,0,-9,0,0.620269656,0.189999998,0,0,0,.,.,.
MALAWI,553,1978,6,0,0,0,0.501999974,8.627481461,2.282382488,0,0,0,0,-9,0,0.620269656,0.189999998,0,0,0,.,.,.
MALAWI,553,1979,6,0,0,0,0.54400003,8.659213066,2.282382488,0,0,0,0,-9,0,0.620269656,0.189999998,0,0,0,.,.,.
MALAWI,553,1980,6,0,0,0,0.552999973,8.690810204,2.282382488,0,0,0,0,-9,0,0.620269656,0.189999998,0,0,0,.,.,.
MALAWI,553,1981,6,0,0,0,0.55400002,8.722253799,2.282382488,0,0,0,0,-9,0,0.620269656,0.189999998,0,0,0,.,.,.
MALAWI,553,1982,6,0,0,0,0.512000024,8.752739906,2.282382488,0,0,0,0,-9,0,0.620269656,0.189999998,0,0,0,.,.,.
MALAWI,553,1983,6,0,0,0,0.495000005,8.78370285,2.282382488,0,0,0,0,-9,0,0.620269656,0.189999998,0,0,0,.,.,.
MALAWI,553,1984,6,0,0,0,0.486999989,8.815369606,2.282382488,0,0,0,0,-9,0,0.620269656,0.189999998,0,0,0,.,.,.
MALAWI,553,1985,6,0,0,0,0.508000016,8.847503662,2.282382488,0,0,0,0,-9,0,0.620269656,0.189999998,0,0,0,.,.,.
MALAWI,553,1986,6,0,0,0,0.518000007,8.880167961,2.282382488,0,0,0,0,-9,0,0.620269656,0.189999998,0,0,0,.,.,.
MALAWI,553,1987,6,0,0,0,0.501999974,8.913281441,2.282382488,0,0,0,0,-9,0,0.620269656,0.189999998,0,0,0,.,.,.
MALAWI,553,1988,6,0,0,0,0.493000001,8.946635246,2.282382488,0,0,0,0,-9,0,0.620269656,0.189999998,0,0,0,.,.,.
MALAWI,553,1989,6,0,0,0,0.493000001,8.980298042,2.282382488,0,0,0,0,-9,0,0.620269656,0.189999998,0,0,0,.,.,.
MALAWI,553,1990,6,0,0,0,0.524999976,9.014325142,2.282382488,0,0,0,0,-9,0,0.620269656,0.189999998,0,0,0,.,.,.
MALAWI,553,1991,6,0,0,0,0.518999994,9.04864502,2.282382488,0,0,0,0,-9,0,0.620269656,0.189999998,0,0,0,.,.,.
MALAWI,553,1992,6,0,0,0,0.546999991,9.082052231,2.282382488,0,0,0,0,-9,0,0.620269656,0.189999998,0,0,0,.,.,.
MALAWI,553,1993,6,0,0,0,0.495999992,9.111292839,2.282382488,0,0,0,0,-9,0,0.620269656,0.189999998,0,0,0,.,.,.
MALAWI,553,1994,6,0,0,0,0.528999984,9.13090229,2.282382488,0,0,0,0,-8,0,0.620269656,0.189999998,1,1,1,.,.,.
MALAWI,553,1995,6,0,0,0,0.462000012,9.158321381,2.282382488,0,0,0,1,7,0,0.620269656,0.189999998,1,1,1,.,.,.
MALAWI,553,1996,6,0,0,0,0.524999976,9.185740471,2.282382488,0,0,0,1,7,0,0.620269656,0.189999998,1,1,1,.,.,.
MALAWI,553,1997,6,0,0,0,0.549000025,9.211938858,2.282382488,0,0,0,1,7,0,0.620269656,0.189999998,1,1,1,.,.,.
MALAWI,553,1998,6,0,0,0,0.555000007,9.237575531,2.282382488,0,0,0,0,7,0,0.620269656,0.189999998,1,1,1,.,.,.
MALAWI,553,1999,6,0,0,0,0.552999973,9.262318611,2.282382488,0,0,0,0,7,0,0.620269656,0.189999998,1,1,1,.,.,.
SOUTH AFRICA,560,1945,6,0,0,0,1.958999991,9.329456329,2.163322926,0,0,0,0,4,1,0.877227068,0.180000007,1,1,1,.,.,.
SOUTH AFRICA,560,1946,6,0,0,0,1.958999991,9.329456329,2.163322926,0,0,0,0,4,1,0.877227068,0.180000007,1,1,1,.,.,.
SOUTH AFRICA,560,1947,6,0,0,0,2.145999908,9.345831871,2.163322926,0,0,0,0,4,1,0.877227068,0.180000007,1,1,1,.,.,.
SOUTH AFRICA,560,1948,6,0,0,0,2.079999924,9.36648941,2.163322926,0,0,0,0,4,1,0.877227068,0.180000007,1,1,1,.,.,.
SOUTH AFRICA,560,1949,6,0,0,0,2.262000084,9.388904572,2.163322926,0,0,0,0,4,1,0.877227068,0.180000007,1,1,1,.,.,.
SOUTH AFRICA,560,1950,6,0,0,0,1.894999981,9.410092354,2.163322926,0,0,0,0,4,1,0.877227068,0.180000007,1,1,1,.,.,.
SOUTH AFRICA,560,1951,6,0,0,0,1.940999985,9.523690224,2.163322926,0,0,0,0,4,1,0.877227068,0.180000007,1,1,1,.,.,.
SOUTH AFRICA,560,1952,6,0,0,0,1.986999989,9.545741081,2.163322926,0,0,0,0,4,1,0.877227068,0.180000007,1,1,1,.,.,.
SOUTH AFRICA,560,1953,6,0,0,0,1.911999941,9.567385674,2.163322926,0,0,0,0,4,1,0.877227068,0.180000007,1,1,1,.,.,.
SOUTH AFRICA,560,1954,6,0,0,0,2.036999941,9.588502884,2.163322926,0,0,0,0,4,1,0.877227068,0.180000007,1,1,1,.,.,.
SOUTH AFRICA,560,1955,6,0,0,0,2.104000092,9.609049797,2.163322926,0,0,0,0,4,1,0.877227068,0.180000007,1,1,1,.,.,.
SOUTH AFRICA,560,1956,6,0,0,0,2.130000114,9.629379272,2.163322926,0,0,0,0,4,1,0.877227068,0.180000007,1,1,1,.,.,.
SOUTH AFRICA,560,1957,6,0,0,0,2.170000076,9.653743744,2.163322926,0,0,0,0,4,1,0.877227068,0.180000007,1,1,1,.,.,.
SOUTH AFRICA,560,1958,6,0,0,0,2.220000029,9.677527428,2.163322926,0,0,0,0,4,1,0.877227068,0.180000007,1,1,1,.,.,.
SOUTH AFRICA,560,1959,6,0,0,0,2.217000008,9.700758934,2.163322926,0,0,0,0,4,1,0.877227068,0.180000007,1,1,1,.,.,.
SOUTH AFRICA,560,1960,6,0,0,0,2.213999987,9.723463058,2.163322926,0,0,0,0,4,1,0.877227068,0.180000007,1,1,1,.,.,.
SOUTH AFRICA,560,1961,6,0,0,0,2.190999985,9.800291061,2.163322926,0,0,0,0,4,1,0.877227068,0.180000007,1,1,1,.,.,.
SOUTH AFRICA,560,1962,6,0,0,0,2.213999987,9.822223663,2.163322926,0,0,0,0,4,1,0.877227068,0.180000007,1,1,1,.,.,.
SOUTH AFRICA,560,1963,6,0,0,0,2.290999889,9.844161987,2.163322926,0,0,0,0,4,1,0.877227068,0.180000007,1,1,1,.,.,.
SOUTH AFRICA,560,1964,6,0,0,0,2.420000076,9.866044998,2.163322926,0,0,0,0,4,1,0.877227068,0.180000007,1,1,1,.,.,.
SOUTH AFRICA,560,1965,6,0,0,0,2.545000076,9.887968063,2.163322926,0,0,0,0,4,1,0.877227068,0.180000007,1,1,1,.,.,.
SOUTH AFRICA,560,1966,6,0,0,0,2.617000103,9.909867287,2.163322926,0,0,0,0,4,1,0.877227068,0.180000007,1,1,1,.,.,.
SOUTH AFRICA,560,1967,6,0,0,0,2.684000015,9.931832314,2.163322926,0,0,0,0,4,1,0.877227068,0.180000007,1,1,1,.,.,.
SOUTH AFRICA,560,1968,6,0,0,0,2.786999941,9.953752518,2.163322926,0,0,0,0,4,1,0.877227068,0.180000007,1,1,1,.,.,.
SOUTH AFRICA,560,1969,6,0,0,0,2.861000061,9.975575447,2.163322926,0,0,0,0,4,1,0.877227068,0.180000007,1,1,1,.,.,.
SOUTH AFRICA,560,1970,6,0,0,0,3.003999949,9.997524261,2.163322926,0,0,0,0,4,1,0.877227068,0.180000007,1,1,1,.,.,.
SOUTH AFRICA,560,1971,6,0,0,0,3.253999949,10.0194025,2.163322926,0,0,0,0,4,1,0.877227068,0.180000007,1,1,1,.,.,.
SOUTH AFRICA,560,1972,6,0,0,0,3.34800005,10.04654884,2.163322926,0,0,0,0,4,1,0.877227068,0.180000007,1,1,1,.,.,.
SOUTH AFRICA,560,1973,6,0,0,0,3.270999908,10.07474804,2.163322926,0,0,0,0,4,1,0.877227068,0.180000007,1,1,1,.,.,.
SOUTH AFRICA,560,1974,6,0,0,0,3.407999992,10.10340309,2.163322926,0,0,0,0,4,1,0.877227068,0.180000007,1,1,1,.,.,.
SOUTH AFRICA,560,1975,6,0,0,0,3.625,10.13189697,2.163322926,0,0,0,0,4,1,0.877227068,0.180000007,1,1,1,.,.,.
SOUTH AFRICA,560,1976,6,0,0,0,3.569000006,10.15975666,2.163322926,0,0,0,0,4,1,0.877227068,0.180000007,1,1,1,.,.,.
SOUTH AFRICA,560,1977,6,0,0,0,3.52699995,10.18678474,2.163322926,0,0,0,0,4,1,0.877227068,0.180000007,1,1,1,.,.,.
SOUTH AFRICA,560,1978,6,0,0,0,3.325999975,10.21361542,2.163322926,0,0,0,0,4,1,0.877227068,0.180000007,1,1,1,.,.,.
SOUTH AFRICA,560,1979,6,0,0,0,3.339999914,10.24028111,2.163322926,0,0,0,0,4,1,0.877227068,0.180000007,1,1,1,.,.,.
SOUTH AFRICA,560,1980,6,0,0,0,3.346999884,10.26677513,2.163322926,0,0,0,0,4,1,0.877227068,0.180000007,1,1,1,.,.,.
SOUTH AFRICA,560,1981,6,0,0,0,3.496000051,10.29312801,2.163322926,0,0,0,0,4,1,0.877227068,0.180000007,1,1,1,.,.,.
SOUTH AFRICA,560,1982,6,0,0,0,3.676000118,10.31933212,2.163322926,0,0,0,0,4,1,0.877227068,0.180000007,1,1,1,.,.,.
SOUTH AFRICA,560,1983,6,1,2,0,3.588000059,10.34538078,2.163322926,0,0,0,0,4,1,0.877227068,0.180000007,1,1,1,.,.,.
SOUTH AFRICA,560,1984,6,0,0,1,3.362999916,10.37123871,2.163322926,0,0,0,0,4,1,0.877227068,0.180000007,1,1,1,.,.,.
SOUTH AFRICA,560,1985,6,0,0,1,3.500999928,10.39687157,2.163322926,0,0,0,0,4,1,0.877227068,0.180000007,1,1,1,.,.,.
SOUTH AFRICA,560,1986,6,0,0,1,3.322000027,10.42219162,2.163322926,0,0,0,0,4,1,0.877227068,0.180000007,1,1,1,.,.,.
SOUTH AFRICA,560,1987,6,0,0,1,3.292999983,10.44723511,2.163322926,0,0,0,0,4,1,0.877227068,0.180000007,1,1,1,.,.,.
SOUTH AFRICA,560,1988,6,0,0,1,3.299000025,10.47197819,2.163322926,0,0,0,0,4,1,0.877227068,0.180000007,1,1,1,.,.,.
SOUTH AFRICA,560,1989,6,0,0,1,3.361000061,10.49639988,2.163322926,0,0,0,0,4,1,0.877227068,0.180000007,1,1,1,.,.,.
SOUTH AFRICA,560,1990,6,0,0,1,3.34100008,10.52050972,2.163322926,0,0,0,0,4,1,0.877227068,0.180000007,1,1,1,.,.,.
SOUTH AFRICA,560,1991,6,0,0,1,3.247999907,10.54426193,2.163322926,0,0,0,0,5,1,0.877227068,0.180000007,1,1,1,.,.,.
SOUTH AFRICA,560,1992,6,0,0,1,3.186000109,10.56766891,2.163322926,0,0,0,0,5,1,0.877227068,0.180000007,1,1,1,.,.,.
SOUTH AFRICA,560,1993,6,0,0,1,3.068000078,10.59076786,2.163322926,0,0,0,1,6,0,0.877227068,0.180000007,1,1,1,.,.,.
SOUTH AFRICA,560,1994,6,0,0,1,3.040999889,10.53139687,2.163322926,0,0,0,1,8,0,0.877227068,0.180000007,1,1,1,.,.,.
SOUTH AFRICA,560,1995,6,0,0,1,3.072999954,10.5527668,2.163322926,0,0,0,1,9,0,0.877227068,0.180000007,1,1,1,.,.,.
SOUTH AFRICA,560,1996,6,0,0,0,3.101000071,10.57438946,2.163322926,0,0,0,1,9,0,0.877227068,0.180000007,1,1,1,.,.,.
SOUTH AFRICA,560,1997,6,0,0,0,3.165999889,10.59443188,2.163322926,0,0,0,0,9,0,0.877227068,0.180000007,1,1,1,.,.,.
SOUTH AFRICA,560,1998,6,0,0,0,3.184999943,10.61161327,2.163322926,0,0,0,0,9,0,0.877227068,0.180000007,1,1,1,.,.,.
SOUTH AFRICA,560,1999,6,0,0,0,3.148000002,10.62909508,2.163322926,0,0,0,0,9,0,0.877227068,0.180000007,1,1,1,.,.,.
NAMIBIA,565,1990,6,0,0,0,2.854000092,7.27170372,2.47653842,0,0,1,0,6,0,0.676548958,0.093999997,0,0,0,.,.,.
NAMIBIA,565,1991,6,0,0,0,2.854000092,7.27170372,2.47653842,0,0,1,0,6,0,0.676548958,0.093999997,0,0,0,.,.,.
NAMIBIA,565,1992,6,0,0,0,2.789999962,7.301147938,2.47653842,0,0,0,0,6,0,0.676548958,0.093999997,0,0,0,.,.,.
NAMIBIA,565,1993,6,0,0,0,2.773999929,7.329093933,2.47653842,0,0,0,0,6,0,0.676548958,0.093999997,0,0,0,.,.,.
NAMIBIA,565,1994,6,0,0,0,2.654999971,7.288572311,2.47653842,0,0,0,0,6,0,0.676548958,0.093999997,0,0,0,.,.,.
NAMIBIA,565,1995,6,0,0,0,2.749000072,7.31511879,2.47653842,0,0,0,0,6,0,0.676548958,0.093999997,0,0,0,.,.,.
NAMIBIA,565,1996,6,0,0,0,2.77699995,7.34148407,2.47653842,0,0,0,0,6,0,0.676548958,0.093999997,0,0,0,.,.,.
NAMIBIA,565,1997,6,0,0,0,2.765000105,7.367033005,2.47653842,0,0,0,0,6,0,0.676548958,0.093999997,0,0,0,.,.,.
NAMIBIA,565,1998,6,0,0,0,2.767999887,7.391766548,2.47653842,0,0,0,0,6,0,0.676548958,0.093999997,0,0,0,.,.,.
NAMIBIA,565,1999,6,0,0,0,2.76699996,7.415680885,2.47653842,0,0,0,0,6,0,0.676548958,0.093999997,0,0,0,.,.,.
LESOTHO,570,1966,6,0,0,0,0.486000001,6.889591217,4.421247482,0,0,1,0,9,0,0.222482502,0.150000006,0,0,0,.,.,.
LESOTHO,570,1967,6,0,0,0,0.486000001,6.889591217,4.421247482,0,0,1,0,9,0,0.222482502,0.150000006,0,0,0,.,.,.
LESOTHO,570,1968,6,0,0,0,0.481999993,6.909753323,4.421247482,0,0,0,0,9,0,0.222482502,0.150000006,0,0,0,.,.,.
LESOTHO,570,1969,6,0,0,0,0.486000001,6.929516792,4.421247482,0,0,0,0,9,0,0.222482502,0.150000006,0,0,0,.,.,.
LESOTHO,570,1970,6,0,0,0,0.48300001,6.949856281,4.421247482,0,0,0,0,9,0,0.222482502,0.150000006,0,0,0,.,.,.
LESOTHO,570,1971,6,0,0,0,0.419,6.969790459,4.421247482,0,0,0,1,-9,0,0.222482502,0.150000006,0,0,0,.,.,.
LESOTHO,570,1972,6,0,0,0,0.456999987,6.991177082,4.421247482,0,0,0,1,-9,0,0.222482502,0.150000006,0,0,0,.,.,.
LESOTHO,570,1973,6,0,0,0,0.531000018,7.012115479,4.421247482,0,0,0,1,-9,0,0.222482502,0.150000006,0,0,0,.,.,.
LESOTHO,570,1974,6,0,0,0,0.639999986,7.034388065,4.421247482,0,0,0,0,-7,0,0.222482502,0.150000006,0,0,0,.,.,.
LESOTHO,570,1975,6,0,0,0,0.717999995,7.057036877,4.421247482,0,0,0,0,-7,0,0.222482502,0.150000006,0,0,0,.,.,.
LESOTHO,570,1976,6,0,0,0,0.762000024,7.079184532,4.421247482,0,0,0,0,-7,0,0.222482502,0.150000006,0,0,0,.,.,.
LESOTHO,570,1977,6,0,0,0,0.837000012,7.100852013,4.421247482,0,0,0,0,-7,0,0.222482502,0.150000006,0,0,0,.,.,.
LESOTHO,570,1978,6,0,0,0,0.888000011,7.12447834,4.421247482,0,0,0,0,-7,0,0.222482502,0.150000006,0,0,0,.,.,.
LESOTHO,570,1979,6,0,0,0,0.975000024,7.148345947,4.421247482,0,0,0,0,-7,0,0.222482502,0.150000006,0,0,0,.,.,.
LESOTHO,570,1980,6,0,0,0,0.981999993,7.173191547,4.421247482,0,0,0,0,-7,0,0.222482502,0.150000006,0,0,0,.,.,.
LESOTHO,570,1981,6,0,0,0,0.994000018,7.199678421,4.421247482,0,0,0,0,-7,0,0.222482502,0.150000006,0,0,0,.,.,.
LESOTHO,570,1982,6,0,0,0,1.019999981,7.226935863,4.421247482,0,0,0,0,-7,0,0.222482502,0.150000006,0,0,0,.,.,.
LESOTHO,570,1983,6,0,0,0,1.029000044,7.255591393,4.421247482,0,0,0,0,-7,0,0.222482502,0.150000006,0,0,0,.,.,.
LESOTHO,570,1984,6,0,0,0,1.013000011,7.284821033,4.421247482,0,0,0,0,-7,0,0.222482502,0.150000006,0,0,0,.,.,.
LESOTHO,570,1985,6,0,0,0,1.021000028,7.313886642,4.421247482,0,0,0,0,-7,0,0.222482502,0.150000006,0,0,0,.,.,.
LESOTHO,570,1986,6,0,0,0,0.975000024,7.34277916,4.421247482,0,0,0,0,-7,0,0.222482502,0.150000006,0,0,0,.,.,.
LESOTHO,570,1987,6,0,0,0,0.927999973,7.3708601,4.421247482,0,0,0,0,-7,0,0.222482502,0.150000006,0,0,0,.,.,.
LESOTHO,570,1988,6,0,0,0,0.949000001,7.398786068,4.421247482,0,0,0,0,-7,0,0.222482502,0.150000006,0,0,0,.,.,.
LESOTHO,570,1989,6,0,0,0,1.059000015,7.425953865,4.421247482,0,0,0,0,-7,0,0.222482502,0.150000006,0,0,0,.,.,.
LESOTHO,570,1990,6,0,0,0,1.029000044,7.452402592,4.421247482,0,0,0,0,-7,0,0.222482502,0.150000006,0,0,0,.,.,.
LESOTHO,570,1991,6,0,0,0,0.972000003,7.477604389,4.421247482,0,0,0,0,-7,0,0.222482502,0.150000006,0,0,0,.,.,.
LESOTHO,570,1992,6,0,0,0,0.987999976,7.502737999,4.421247482,0,0,0,0,-7,0,0.222482502,0.150000006,0,0,0,.,.,.
LESOTHO,570,1993,6,0,0,0,0.952000022,7.526178837,4.421247482,0,0,0,0,-7,0,0.222482502,0.150000006,0,0,0,.,.,.
LESOTHO,570,1994,6,0,0,0,0.966000021,7.519871235,4.421247482,0,0,0,1,8,0,0.222482502,0.150000006,0,0,0,.,.,.
LESOTHO,570,1995,6,0,0,0,0.977999985,7.541778564,4.421247482,0,0,0,1,8,0,0.222482502,0.150000006,0,0,0,.,.,.
LESOTHO,570,1996,6,0,0,0,1,7.563200474,4.421247482,0,0,0,1,8,0,0.222482502,0.150000006,0,0,0,.,.,.
LESOTHO,570,1997,6,0,0,0,1.075999975,7.585220337,4.421247482,0,0,0,0,8,0,0.222482502,0.150000006,0,0,0,.,.,.
LESOTHO,570,1998,6,0,0,0,1.136999965,7.607833385,4.421247482,0,0,0,0,8,0,0.222482502,0.150000006,0,0,0,.,.,.
LESOTHO,570,1999,6,0,0,0,1.055999994,7.631043434,4.421247482,0,0,0,1,0,1,0.222482502,0.150000006,0,0,0,.,.,.
BOTSWANA,571,1966,6,0,0,0,0.577000022,6.33327961,0,0,0,1,0,7,0,0.506391823,0.079999998,0,0,0,.,.,.
BOTSWANA,571,1967,6,0,0,0,0.577000022,6.33327961,0,0,0,1,0,7,0,0.506391823,0.079999998,0,0,0,.,.,.
BOTSWANA,571,1968,6,0,0,0,0.688000023,6.361302376,0,0,0,0,0,7,0,0.506391823,0.079999998,0,0,0,.,.,.
BOTSWANA,571,1969,6,0,0,0,0.768999994,6.386879444,0,0,0,0,0,7,0,0.506391823,0.079999998,0,0,0,.,.,.
BOTSWANA,571,1970,6,0,0,0,0.80400002,6.411818504,0,0,0,0,0,7,0,0.506391823,0.079999998,0,0,0,.,.,.
BOTSWANA,571,1971,6,0,0,0,0.823000014,6.436150551,0,0,0,0,0,7,0,0.506391823,0.079999998,0,0,0,.,.,.
BOTSWANA,571,1972,6,0,0,0,0.875,6.472346306,0,0,0,0,0,9,0,0.506391823,0.079999998,0,0,0,.,.,.
BOTSWANA,571,1973,6,0,0,0,1.013000011,6.511745453,0,0,0,0,0,9,0,0.506391823,0.079999998,0,0,0,.,.,.
BOTSWANA,571,1974,6,0,0,0,1.197000027,6.551080227,0,0,0,0,0,9,0,0.506391823,0.079999998,0,0,0,.,.,.
BOTSWANA,571,1975,6,0,0,0,1.361999989,6.588926315,0,0,0,0,0,9,0,0.506391823,0.079999998,0,0,0,.,.,.
BOTSWANA,571,1976,6,0,0,0,1.335000038,6.626717567,0,0,0,0,0,9,0,0.506391823,0.079999998,0,0,0,.,.,.
BOTSWANA,571,1977,6,0,0,0,1.455000043,6.663132668,0,0,0,0,0,9,0,0.506391823,0.079999998,0,0,0,.,.,.
BOTSWANA,571,1978,6,0,0,0,1.411999941,6.698267937,0,0,0,0,0,9,0,0.506391823,0.079999998,0,0,0,.,.,.
BOTSWANA,571,1979,6,0,0,0,1.620000005,6.733401775,0,0,0,0,0,9,0,0.506391823,0.079999998,0,0,0,.,.,.
BOTSWANA,571,1980,6,0,0,0,1.735000014,6.768493176,0,0,0,0,0,9,0,0.506391823,0.079999998,0,0,0,.,.,.
BOTSWANA,571,1981,6,0,0,0,1.940000057,6.804614544,0,0,0,0,0,9,0,0.506391823,0.079999998,0,0,0,.,.,.
BOTSWANA,571,1982,6,0,0,0,1.97300005,6.839476585,0,0,0,0,0,9,0,0.506391823,0.079999998,0,0,0,.,.,.
BOTSWANA,571,1983,6,0,0,0,1.980000019,6.874198437,0,0,0,0,0,9,0,0.506391823,0.079999998,0,0,0,.,.,.
BOTSWANA,571,1984,6,0,0,0,1.873000026,6.909753323,0,0,0,0,0,9,0,0.506391823,0.079999998,0,0,0,.,.,.
BOTSWANA,571,1985,6,0,0,0,1.947000027,6.945051193,0,0,0,0,0,9,0,0.506391823,0.079999998,0,0,0,.,.,.
BOTSWANA,571,1986,6,0,0,0,2.336999893,6.980075836,0,0,0,0,0,9,0,0.506391823,0.079999998,0,0,0,.,.,.
BOTSWANA,571,1987,6,0,0,0,2.661999941,7.015712261,0,0,0,0,0,9,0,0.506391823,0.079999998,0,0,0,.,.,.
BOTSWANA,571,1988,6,0,0,0,2.207000017,7.050122738,0,0,0,0,0,9,0,0.506391823,0.079999998,0,0,0,.,.,.
BOTSWANA,571,1989,6,0,0,0,2.410000086,7.085064411,0,0,0,0,0,9,0,0.506391823,0.079999998,0,0,0,.,.,.
BOTSWANA,571,1990,6,0,0,0,2.197999954,7.118826389,0,0,0,0,0,9,0,0.506391823,0.079999998,0,0,0,.,.,.
BOTSWANA,571,1991,6,0,0,0,2.28399992,7.170119762,0,0,0,0,0,9,0,0.506391823,0.079999998,0,0,0,.,.,.
BOTSWANA,571,1992,6,0,0,0,2.381999969,7.206377506,0,0,0,0,0,9,0,0.506391823,0.079999998,0,0,0,.,.,.
BOTSWANA,571,1993,6,0,0,0,2.38499999,7.237059116,0,0,0,0,0,9,0,0.506391823,0.079999998,0,0,0,.,.,.
BOTSWANA,571,1994,6,0,0,0,2.368000031,7.236763954,0,0,0,0,0,9,0,0.506391823,0.079999998,0,0,0,.,.,.
BOTSWANA,571,1995,6,0,0,0,2.391000032,7.262221813,0,0,0,0,0,9,0,0.506391823,0.079999998,0,0,0,.,.,.
BOTSWANA,571,1996,6,0,0,0,2.453000069,7.28619194,0,0,0,0,0,9,0,0.506391823,0.079999998,0,0,0,.,.,.
BOTSWANA,571,1997,6,0,0,0,2.559999943,7.310550213,0,0,0,0,0,9,0,0.506391823,0.079999998,0,0,0,.,.,.
BOTSWANA,571,1998,6,0,0,0,2.59800005,7.334981918,0,0,0,0,0,9,0,0.506391823,0.079999998,0,0,0,.,.,.
BOTSWANA,571,1999,6,0,0,0,2.640000105,7.353542805,0,0,0,0,0,9,0,0.506391823,0.079999998,0,0,0,.,.,.
SWAZILAND,572,1968,6,0,0,0,1.873000026,5.976350784,2.785011292,0,0,1,0,0,1,0.386751652,0.098999999,0,0,0,.,.,.
SWAZILAND,572,1969,6,0,0,0,1.873000026,5.976350784,2.785011292,0,0,1,0,0,1,0.386751652,0.098999999,0,0,0,.,.,.
SWAZILAND,572,1970,6,0,0,0,2.207000017,6.008813381,2.785011292,0,0,0,0,0,1,0.386751652,0.098999999,0,0,0,.,.,.
SWAZILAND,572,1971,6,0,0,0,2.530999899,6.040254593,2.785011292,0,0,0,0,0,1,0.386751652,0.098999999,0,0,0,.,.,.
SWAZILAND,572,1972,6,0,0,0,2.459000111,6.063785076,2.785011292,0,0,0,0,0,1,0.386751652,0.098999999,0,0,0,.,.,.
SWAZILAND,572,1973,6,0,0,0,2.637000084,6.091310024,2.785011292,0,0,0,0,0,1,0.386751652,0.098999999,0,0,0,.,.,.
SWAZILAND,572,1974,6,0,0,0,2.585000038,6.118097305,2.785011292,0,0,0,1,-10,0,0.386751652,0.098999999,0,0,0,.,.,.
SWAZILAND,572,1975,6,0,0,0,2.24000001,6.148468494,2.785011292,0,0,0,1,-10,0,0.386751652,0.098999999,0,0,0,.,.,.
SWAZILAND,572,1976,6,0,0,0,2.571000099,6.177944183,2.785011292,0,0,0,1,-10,0,0.386751652,0.098999999,0,0,0,.,.,.
SWAZILAND,572,1977,6,0,0,0,2.407999992,6.210599899,2.785011292,0,0,0,0,-10,0,0.386751652,0.098999999,0,0,0,.,.,.
SWAZILAND,572,1978,6,0,0,0,2.599999905,6.242223263,2.785011292,0,0,0,0,-10,0,0.386751652,0.098999999,0,0,0,.,.,.
SWAZILAND,572,1979,6,0,0,0,2.842000008,6.274762154,2.785011292,0,0,0,0,-10,0,0.386751652,0.098999999,0,0,0,.,.,.
SWAZILAND,572,1980,6,0,0,0,3.200000048,6.306275368,2.785011292,0,0,0,0,-10,0,0.386751652,0.098999999,0,0,0,.,.,.
SWAZILAND,572,1981,6,0,0,0,3.056999922,6.336825848,2.785011292,0,0,0,0,-10,0,0.386751652,0.098999999,0,0,0,.,.,.
SWAZILAND,572,1982,6,0,0,0,3.471999884,6.366470337,2.785011292,0,0,0,0,-10,0,0.386751652,0.098999999,0,0,0,.,.,.
SWAZILAND,572,1983,6,0,0,0,2.845000029,6.396929741,2.785011292,0,0,0,0,-10,0,0.386751652,0.098999999,0,0,0,.,.,.
SWAZILAND,572,1984,6,0,0,0,2.368000031,6.424869061,2.785011292,0,0,0,0,-10,0,0.386751652,0.098999999,0,0,0,.,.,.
SWAZILAND,572,1985,6,0,0,0,2.552999973,6.456769466,2.785011292,0,0,0,0,-10,0,0.386751652,0.098999999,0,0,0,.,.,.
SWAZILAND,572,1986,6,0,0,0,2.197999954,6.49072361,2.785011292,0,0,0,0,-10,0,0.386751652,0.098999999,0,0,0,.,.,.
SWAZILAND,572,1987,6,0,0,0,2.236000061,6.52649498,2.785011292,0,0,0,0,-10,0,0.386751652,0.098999999,0,0,0,.,.,.
SWAZILAND,572,1988,6,0,0,0,2.355999947,6.563855648,2.785011292,0,0,0,0,-10,0,0.386751652,0.098999999,0,0,0,.,.,.
SWAZILAND,572,1989,6,0,0,0,2.414999962,6.6025877,2.785011292,0,0,0,0,-10,0,0.386751652,0.098999999,0,0,0,.,.,.
SWAZILAND,572,1990,6,0,0,0,2.549999952,6.641181946,2.785011292,0,0,0,0,-10,0,0.386751652,0.098999999,0,0,0,.,.,.
SWAZILAND,572,1991,6,0,0,0,2.691999912,6.643789768,2.785011292,0,0,0,0,-10,0,0.386751652,0.098999999,0,0,0,.,.,.
SWAZILAND,572,1992,6,0,0,0,2.673000097,6.705638885,2.785011292,0,0,0,0,-10,0,0.386751652,0.098999999,0,0,0,.,.,.
SWAZILAND,572,1993,6,0,0,0,2.624000072,6.709304333,2.785011292,0,0,0,0,-10,0,0.386751652,0.098999999,0,0,0,.,.,.
SWAZILAND,572,1994,6,0,0,0,2.625999928,6.740069866,2.785011292,0,0,0,0,-9,0,0.386751652,0.098999999,0,0,0,.,.,.
SWAZILAND,572,1995,6,0,0,0,2.632999897,6.771247864,2.785011292,0,0,0,0,-9,0,0.386751652,0.098999999,0,0,0,.,.,.
SWAZILAND,572,1996,6,0,0,0,2.621000051,6.802394867,2.785011292,0,0,0,0,-9,0,0.386751652,0.098999999,0,0,0,.,.,.
SWAZILAND,572,1997,6,0,0,0,2.638999939,6.83357048,2.785011292,0,0,0,0,-9,0,0.386751652,0.098999999,0,0,0,.,.,.
SWAZILAND,572,1998,6,0,0,0,2.650000095,6.865171432,2.785011292,0,0,0,0,-9,0,0.386751652,0.098999999,0,0,0,.,.,.
SWAZILAND,572,1999,6,0,0,0,2.618999958,6.896057129,2.785011292,0,0,0,0,-9,0,0.386751652,0.098999999,0,0,0,.,.,.
MADAGASCAR,580,1960,6,0,0,0,1.190999985,8.582231522,3.520460844,0,0,1,0,-1,1,0.062190413,0.150000006,1,1,1,.,.,.
MADAGASCAR,580,1961,6,0,0,0,1.190999985,8.582231522,3.520460844,0,0,1,0,-1,1,0.062190413,0.150000006,1,1,1,.,.,.
MADAGASCAR,580,1962,6,0,0,0,1.17900002,8.605752945,3.520460844,0,0,0,0,-1,1,0.062190413,0.150000006,1,1,1,.,.,.
MADAGASCAR,580,1963,6,0,0,0,1.184999943,8.629271507,3.520460844,0,0,0,0,-1,1,0.062190413,0.150000006,1,1,1,.,.,.
MADAGASCAR,580,1964,6,0,0,0,1.15199995,8.652772903,3.520460844,0,0,0,0,-1,1,0.062190413,0.150000006,1,1,1,.,.,.
MADAGASCAR,580,1965,6,0,0,0,1.120000005,8.676416397,3.520460844,0,0,0,0,-1,1,0.062190413,0.150000006,1,1,1,.,.,.
MADAGASCAR,580,1966,6,0,0,0,1.110999942,8.700015068,3.520460844,0,0,0,0,-1,1,0.062190413,0.150000006,1,1,1,.,.,.
MADAGASCAR,580,1967,6,0,0,0,1.110999942,8.723394394,3.520460844,0,0,0,0,-1,1,0.062190413,0.150000006,1,1,1,.,.,.
MADAGASCAR,580,1968,6,0,0,0,1.121000051,8.747034073,3.520460844,0,0,0,0,-1,1,0.062190413,0.150000006,1,1,1,.,.,.
MADAGASCAR,580,1969,6,0,0,0,1.095000029,8.770439148,3.520460844,0,0,0,0,-1,1,0.062190413,0.150000006,1,1,1,.,.,.
MADAGASCAR,580,1970,6,0,0,0,1.131999969,8.794067383,3.520460844,0,0,0,0,-1,1,0.062190413,0.150000006,1,1,1,.,.,.
MADAGASCAR,580,1971,6,0,0,0,1.146000028,8.817593575,3.520460844,0,0,0,0,-1,1,0.062190413,0.150000006,1,1,1,.,.,.
MADAGASCAR,580,1972,6,0,0,0,1.20599997,8.840435028,3.520460844,0,0,0,0,-1,1,0.062190413,0.150000006,0,0,0,.,.,.
MADAGASCAR,580,1973,6,0,0,0,1.136999965,8.863473892,3.520460844,0,0,0,0,-3,1,0.062190413,0.150000006,0,0,0,.,.,.
MADAGASCAR,580,1974,6,0,0,0,1.069000006,8.886961937,3.520460844,0,0,0,0,-3,1,0.062190413,0.150000006,0,0,0,.,.,.
MADAGASCAR,580,1975,6,0,0,0,1.014000058,8.911125183,3.520460844,0,0,0,0,-3,1,0.062190413,0.150000006,1,1,1,.,.,.
MADAGASCAR,580,1976,6,0,0,0,0.995000005,8.936429977,3.520460844,0,0,0,1,-6,0,0.062190413,0.150000006,1,1,1,.,.,.
MADAGASCAR,580,1977,6,0,0,0,0.930000007,8.963672638,3.520460844,0,0,0,1,-6,0,0.062190413,0.150000006,1,1,1,.,.,.
MADAGASCAR,580,1978,6,0,0,0,0.93900001,8.990940094,3.520460844,0,0,0,1,-6,0,0.062190413,0.150000006,1,1,1,.,.,.
MADAGASCAR,580,1979,6,0,0,0,0.904999971,9.018332481,3.520460844,0,0,0,0,-6,0,0.062190413,0.150000006,1,1,1,.,.,.
MADAGASCAR,580,1980,6,0,0,0,0.995000005,9.045583725,3.520460844,0,0,0,0,-6,0,0.062190413,0.150000006,1,1,1,.,.,.
MADAGASCAR,580,1981,6,0,0,0,0.984000027,9.072686195,3.520460844,0,0,0,0,-6,0,0.062190413,0.150000006,1,1,1,.,.,.
MADAGASCAR,580,1982,6,0,0,0,0.847000003,9.099520683,3.520460844,0,0,0,0,-6,0,0.062190413,0.150000006,1,1,1,.,.,.
MADAGASCAR,580,1983,6,0,0,0,0.82099998,9.125761986,3.520460844,0,0,0,0,-6,0,0.062190413,0.150000006,1,1,1,.,.,.
MADAGASCAR,580,1984,6,0,0,0,0.795000017,9.152181625,3.520460844,0,0,0,0,-6,0,0.062190413,0.150000006,1,1,1,.,.,.
MADAGASCAR,580,1985,6,0,0,0,0.765999973,9.179675102,3.520460844,0,0,0,0,-6,0,0.062190413,0.150000006,1,1,1,.,.,.
MADAGASCAR,580,1986,6,0,0,0,0.768999994,9.208839417,3.520460844,0,0,0,0,-6,0,0.062190413,0.150000006,1,1,1,.,.,.
MADAGASCAR,580,1987,6,0,0,0,0.730000019,9.239122391,3.520460844,0,0,0,0,-6,0,0.062190413,0.150000006,1,1,1,.,.,.
MADAGASCAR,580,1988,6,0,0,0,0.711000025,9.270212173,3.520460844,0,0,0,0,-6,0,0.062190413,0.150000006,1,1,1,.,.,.
MADAGASCAR,580,1989,6,0,0,0,0.685000002,9.301733971,3.520460844,0,0,0,0,-6,0,0.062190413,0.150000006,1,1,1,.,.,.
MADAGASCAR,580,1990,6,0,0,0,0.680000007,9.33353138,3.520460844,0,0,0,0,-6,0,0.062190413,0.150000006,1,1,1,.,.,.
MADAGASCAR,580,1991,6,0,0,0,0.675000012,9.365034103,3.520460844,0,0,0,0,-6,0,0.062190413,0.150000006,1,1,1,.,.,.
MADAGASCAR,580,1992,6,0,0,0,0.638000011,9.395324707,3.520460844,0,0,0,1,2,1,0.062190413,0.150000006,1,1,1,.,.,.
MADAGASCAR,580,1993,6,0,0,0,0.60799998,9.42270565,3.520460844,0,0,0,1,9,0,0.062190413,0.150000006,.,.,.,.,.,.
MADAGASCAR,580,1994,6,0,0,0,0.603999972,9.437141418,3.520460844,0,0,0,1,9,0,0.062190413,0.150000006,.,.,.,.,.,.
MADAGASCAR,580,1995,6,0,0,0,0.586000025,9.466159821,3.520460844,0,0,0,1,9,0,0.062190413,0.150000006,.,.,.,.,.,.
MADAGASCAR,580,1996,6,0,0,0,0.578000009,9.495519638,3.520460844,0,0,0,0,9,0,0.062190413,0.150000006,0,0,0,.,.,.
MADAGASCAR,580,1997,6,0,0,0,0.573000014,9.526431084,3.520460844,0,0,0,0,9,0,0.062190413,0.150000006,1,1,1,.,.,.
MADAGASCAR,580,1998,6,0,0,0,0.575999975,9.557342529,3.520460844,0,0,0,0,8,0,0.062190413,0.150000006,1,1,1,.,.,.
MADAGASCAR,580,1999,6,0,0,0,0.579999983,9.588254929,3.520460844,0,0,0,0,7,0,0.062190413,0.150000006,1,1,1,.,.,.
MAURITIUS,590,1968,6,0,0,0,3.094000101,6.674561501,0,0,0,1,0,9,0,0.580323339,0.26699999,0,0,0,.,.,.
MAURITIUS,590,1969,6,0,0,0,3.094000101,6.674561501,0,0,0,1,0,9,0,0.580323339,0.26699999,0,0,0,.,.,.
MAURITIUS,590,1970,6,0,0,0,2.677999973,6.697034359,0,0,0,0,0,9,0,0.580323339,0.26699999,0,0,0,.,.,.
MAURITIUS,590,1971,6,0,0,0,2.398000002,6.720220089,0,0,0,0,0,9,0,0.580323339,0.26699999,0,0,0,.,.,.
MAURITIUS,590,1972,6,0,0,0,2.523000002,6.733401775,0,0,0,0,0,9,0,0.580323339,0.26699999,0,0,0,.,.,.
MAURITIUS,590,1973,6,0,0,0,2.565999985,6.745236397,0,0,0,0,0,9,0,0.580323339,0.26699999,0,0,0,.,.,.
MAURITIUS,590,1974,6,0,0,0,2.584000111,6.756932259,0,0,0,0,0,9,0,0.580323339,0.26699999,0,0,0,.,.,.
MAURITIUS,590,1975,6,0,0,0,3.312000036,6.768493176,0,0,0,0,0,9,0,0.580323339,0.26699999,0,0,0,.,.,.
MAURITIUS,590,1976,6,0,0,0,3.638000011,6.783325195,0,0,0,0,0,9,0,0.580323339,0.26699999,0,0,0,.,.,.
MAURITIUS,590,1977,6,0,0,0,3.930999994,6.800169945,0,0,0,0,0,9,0,0.580323339,0.26699999,0,0,0,.,.,.
MAURITIUS,590,1978,6,0,0,0,4.177999973,6.817830563,0,0,0,0,0,9,0,0.580323339,0.26699999,0,0,0,.,.,.
MAURITIUS,590,1979,6,0,0,0,4.328999996,6.836259365,0,0,0,0,0,9,0,0.580323339,0.26699999,0,0,0,.,.,.
MAURITIUS,590,1980,6,0,0,0,4.412000179,6.854354382,0,0,0,0,0,9,0,0.580323339,0.26699999,0,0,0,.,.,.
MAURITIUS,590,1981,6,0,0,0,3.987999916,6.8731637,0,0,0,0,0,9,0,0.580323339,0.26699999,0,0,0,.,.,.
MAURITIUS,590,1982,6,0,0,0,3.969000101,6.889591217,0,0,0,0,0,9,0,0.580323339,0.26699999,0,0,0,.,.,.
MAURITIUS,590,1983,6,0,0,0,3.904999971,6.902742863,0,0,0,0,0,10,0,0.580323339,0.26699999,0,0,0,.,.,.
MAURITIUS,590,1984,6,0,0,0,3.911000013,6.913737297,0,0,0,0,0,10,0,0.580323339,0.26699999,0,0,0,.,.,.
MAURITIUS,590,1985,6,0,0,0,4.06099987,6.921658039,0,0,0,0,0,10,0,0.580323339,0.26699999,0,0,0,.,.,.
MAURITIUS,590,1986,6,0,0,0,4.225999832,6.927557945,0,0,0,0,0,10,0,0.580323339,0.26699999,0,0,0,.,.,.
MAURITIUS,590,1987,6,0,0,0,4.461999893,6.937314034,0,0,0,0,0,10,0,0.580323339,0.26699999,0,0,0,.,.,.
MAURITIUS,590,1988,6,0,0,0,5.065999985,6.946976185,0,0,0,0,0,10,0,0.580323339,0.26699999,0,0,0,.,.,.
MAURITIUS,590,1989,6,0,0,0,5.285999775,6.957497597,0,0,0,0,0,10,0,0.580323339,0.26699999,0,0,0,.,.,.
MAURITIUS,590,1990,6,0,0,0,6.114999771,6.968850613,0,0,0,0,0,10,0,0.580323339,0.26699999,0,0,0,.,.,.
MAURITIUS,590,1991,6,0,0,0,5.837999821,6.980075836,0,0,0,0,0,10,0,0.580323339,0.26699999,0,0,0,.,.,.
MAURITIUS,590,1992,6,0,0,0,5.959000111,6.991177082,0,0,0,0,0,10,0,0.580323339,0.26699999,0,0,0,.,.,.
MAURITIUS,590,1993,6,0,0,0,6.166999817,7.002155781,0,0,0,0,0,10,0,0.580323339,0.26699999,0,0,0,.,.,.
MAURITIUS,590,1994,6,0,0,0,6.407999992,7.000334263,0,0,0,0,0,10,0,0.580323339,0.26699999,0,0,0,.,.,.
MAURITIUS,590,1995,6,0,0,0,6.572000027,7.014814377,0,0,0,0,0,10,0,0.580323339,0.26699999,0,0,0,.,.,.
MAURITIUS,590,1996,6,0,0,0,6.826000214,7.022868156,0,0,0,0,0,10,0,0.580323339,0.26699999,0,0,0,.,.,.
MAURITIUS,590,1997,6,0,0,0,7.137000084,7.033506393,0,0,0,0,0,10,0,0.580323339,0.26699999,0,0,0,.,.,.
MAURITIUS,590,1998,6,0,0,0,7.440999985,7.045776367,0,0,0,0,0,10,0,0.580323339,0.26699999,0,0,0,.,.,.
MAURITIUS,590,1999,6,0,0,0,7.77699995,7.055312634,0,0,0,0,0,10,0,0.580323339,0.26699999,0,0,0,.,.,.
MOROCCO,600,1956,5,0,0,0,0.811999977,9.275472641,3.854393959,0,0,1,0,-5,1,0.534009218,0.370000005,0,0,0,0.189191252,0.189191252,0
MOROCCO,600,1957,5,0,0,0,0.811999977,9.275472641,3.854393959,0,0,1,0,-5,1,0.534009218,0.370000005,0,0,0,0.189191252,0.189191252,0
MOROCCO,600,1958,5,0,0,0,0.776000023,9.3038311,3.854393959,0,0,0,0,-5,1,0.534009218,0.370000005,0,0,0,0.189191252,0.189191252,0
MOROCCO,600,1959,5,0,0,0,0.809000015,9.331672668,3.854393959,0,0,0,0,-5,1,0.534009218,0.370000005,0,0,0,0.189191252,0.189191252,0
MOROCCO,600,1960,5,0,0,0,0.808000028,9.358501434,3.854393959,0,0,0,0,-5,1,0.534009218,0.370000005,0,0,0,0.189191252,0.189191252,0
MOROCCO,600,1961,5,0,0,0,0.814999998,9.383537292,3.854393959,0,0,0,0,-5,1,0.534009218,0.370000005,0,0,0,0.189191252,0.189191252,0
MOROCCO,600,1962,5,0,0,0,0.994000018,9.410829544,3.854393959,0,0,0,0,-5,1,0.534009218,0.370000005,0,0,0,0.189191252,0.189191252,0
MOROCCO,600,1963,5,0,0,0,1.110000014,9.438033104,3.854393959,0,0,0,0,-5,1,0.534009218,0.370000005,0,0,0,0.189191252,0.189191252,0
MOROCCO,600,1964,5,0,0,0,1.246000051,9.465370178,3.854393959,0,0,0,1,-2,1,0.534009218,0.370000005,0,0,0,0.189191252,0.189191252,0
MOROCCO,600,1965,5,0,0,0,1.268000007,9.492657661,3.854393959,0,0,0,1,-2,1,0.534009218,0.370000005,0,0,0,0.189191252,0.189191252,0
MOROCCO,600,1966,5,0,0,0,1.220999956,9.519808769,3.854393959,0,0,0,1,-9,0,0.534009218,0.370000005,0,0,0,0.189191252,0.189191252,0
MOROCCO,600,1967,5,0,0,0,1.161000013,9.5431633,3.854393959,0,0,0,1,-9,0,0.534009218,0.370000005,0,0,0,0.189191252,0.189191252,0
MOROCCO,600,1968,5,0,0,0,1.184000015,9.566405296,3.854393959,0,0,0,1,-9,0,0.534009218,0.370000005,0,0,0,0.189191252,0.189191252,0
MOROCCO,600,1969,5,0,0,0,1.27699995,9.589666367,3.854393959,0,0,0,0,-9,0,0.534009218,0.370000005,0,0,0,0.189191252,0.189191252,0
MOROCCO,600,1970,5,0,0,0,1.322000027,9.613001823,3.854393959,0,0,0,0,-9,0,0.534009218,0.370000005,0,0,0,0.189191252,0.189191252,0
MOROCCO,600,1971,5,0,0,0,1.342000008,9.63626194,3.854393959,0,0,0,0,-9,0,0.534009218,0.370000005,0,0,0,0.189191252,0.189191252,0
MOROCCO,600,1972,5,0,0,0,1.366999984,9.662179947,3.854393959,0,0,0,0,-9,0,0.534009218,0.370000005,0,0,0,0.189191252,0.189191252,0
MOROCCO,600,1973,5,0,0,0,1.366999984,9.687381744,3.854393959,0,0,0,0,-9,0,0.534009218,0.370000005,0,0,0,0.189191252,0.189191252,0
MOROCCO,600,1974,5,0,0,0,1.383999944,9.711782455,3.854393959,0,0,0,0,-9,0,0.534009218,0.370000005,0,0,0,0.189191252,0.189191252,0
MOROCCO,600,1975,5,1,2,0,1.432999969,9.735542297,3.854393959,0,0,0,0,-9,0,0.534009218,0.370000005,0,0,0,0.189191252,0.189191252,0
MOROCCO,600,1976,5,0,0,1,1.547999978,9.758750916,3.854393959,0,0,0,0,-9,0,0.534009218,0.370000005,0,0,0,0.189191252,0.189191252,0
MOROCCO,600,1977,5,0,0,1,1.745000005,9.781433105,3.854393959,0,0,0,0,-9,0,0.534009218,0.370000005,0,0,0,0.189191252,0.189191252,0
MOROCCO,600,1978,5,0,0,1,1.774000049,9.803501129,3.854393959,0,0,0,0,-8,0,0.534009218,0.370000005,0,0,0,0.189191252,0.189191252,0
MOROCCO,600,1979,5,0,0,1,1.819000006,9.825579643,3.854393959,0,0,0,0,-8,0,0.534009218,0.370000005,0,0,0,0.189191252,0.189191252,0
MOROCCO,600,1980,5,0,0,1,1.878999949,9.848292351,3.854393959,0,0,0,0,-8,0,0.534009218,0.370000005,0,0,0,0.189191252,0.189191252,0
MOROCCO,600,1981,5,0,0,1,1.940999985,9.872099876,3.854393959,0,0,0,0,-8,0,0.534009218,0.370000005,0,0,0,0.189191252,0.189191252,0
MOROCCO,600,1982,5,0,0,1,1.855000019,9.8968153,3.854393959,0,0,0,0,-8,0,0.534009218,0.370000005,0,0,0,0.189191252,0.189191252,0
MOROCCO,600,1983,5,0,0,1,1.953999996,9.922210693,3.854393959,0,0,0,0,-8,0,0.534009218,0.370000005,0,0,0,0.189191252,0.189191252,0
MOROCCO,600,1984,5,0,0,1,1.878999949,9.948269844,3.854393959,0,0,0,0,-8,0,0.534009218,0.370000005,0,0,0,0.189191252,0.189191252,0
MOROCCO,600,1985,5,0,0,1,1.904999971,9.974784851,3.854393959,0,0,0,0,-8,0,0.534009218,0.370000005,0,0,0,0.189191252,0.189191252,0
MOROCCO,600,1986,5,0,0,1,1.95599997,10.00156689,3.854393959,0,0,0,0,-8,0,0.534009218,0.370000005,0,0,0,0.189191252,0.189191252,0
MOROCCO,600,1987,5,0,0,1,2.104000092,10.03038406,3.854393959,0,0,0,0,-8,0,0.534009218,0.370000005,0,0,0,0.189191252,0.189191252,0
MOROCCO,600,1988,5,0,0,1,2.013999939,10.05946541,3.854393959,0,0,0,0,-8,0,0.534009218,0.370000005,0,0,0,0.189191252,0.189191252,0
MOROCCO,600,1989,5,0,0,1,2.131000042,10.08414078,3.854393959,0,0,0,0,-8,0,0.534009218,0.370000005,0,0,0,0.189191252,0.189191252,0
MOROCCO,600,1990,5,0,0,0,2.15899992,10.10724449,3.854393959,0,0,0,0,-8,0,0.534009218,0.370000005,0,0,0,0.189191252,0.189191252,0
MOROCCO,600,1991,5,0,0,0,2.151000023,10.13026428,3.854393959,0,0,0,0,-8,0,0.534009218,0.370000005,0,0,0,0.189191252,0.189191252,0
MOROCCO,600,1992,5,0,0,0,2.240999937,10.15300083,3.854393959,0,0,0,0,-8,0,0.534009218,0.370000005,0,0,0,0.189191252,0.189191252,0
MOROCCO,600,1993,5,0,0,0,2.173000097,10.17324734,3.854393959,0,0,0,0,-7,0,0.534009218,0.370000005,0,0,0,0.189191252,0.189191252,0
MOROCCO,600,1994,5,0,0,0,2.111000061,10.14520645,3.854393959,0,0,0,0,-7,0,0.534009218,0.370000005,0,0,0,0.189191252,0.189191252,0
MOROCCO,600,1995,5,0,0,0,2.289000034,10.16300201,3.854393959,0,0,0,0,-7,0,0.534009218,0.370000005,0,0,0,0.189191252,0.189191252,0
MOROCCO,600,1996,5,0,0,0,2.101000071,10.18058872,3.854393959,0,0,0,0,-7,0,0.534009218,0.370000005,0,0,0,0.189191252,0.189191252,0
MOROCCO,600,1997,5,0,0,0,2.316999912,10.19794655,3.854393959,0,0,0,0,-7,0,0.534009218,0.370000005,0,0,0,0.189191252,0.189191252,0
MOROCCO,600,1998,5,0,0,0,2.226999998,10.21500778,3.854393959,0,0,0,0,-7,0,0.534009218,0.370000005,0,0,0,0.189191252,0.189191252,0
MOROCCO,600,1999,5,0,0,0,2.338999987,10.23318863,3.854393959,0,0,0,0,-6,0,0.534009218,0.370000005,0,0,0,0.189191252,0.189191252,0
ALGERIA,615,1962,5,1,1,0,1.274999976,9.326878548,2.815408707,0,1,1,0,-8,0,0.435273409,0.200000003,0,0,0,0.010136205,0.010136205,0
ALGERIA,615,1963,5,0,0,1,1.274999976,9.326878548,2.815408707,0,1,1,0,-8,0,0.435273409,0.200000003,0,0,0,0.010136205,0.010136205,0
ALGERIA,615,1964,5,0,0,1,1.51699996,9.346617699,2.815408707,0,1,0,0,-8,0,0.435273409,0.200000003,0,0,0,0.010136205,0.010136205,0
ALGERIA,615,1965,5,0,0,0,1.588999987,9.36648941,2.815408707,0,1,0,0,-8,0,0.435273409,0.200000003,0,0,0,0.010136205,0.010136205,0
ALGERIA,615,1966,5,0,0,0,1.583999991,9.386224747,2.815408707,0,1,0,0,-9,0,0.435273409,0.200000003,0,0,0,0.010136205,0.010136205,0
ALGERIA,615,1967,5,0,0,0,1.547999978,9.414668083,2.815408707,0,1,0,0,-9,0,0.435273409,0.200000003,0,0,0,0.010136205,0.010136205,0
ALGERIA,615,1968,5,0,0,0,1.600000024,9.443196297,2.815408707,0,1,0,0,-9,0,0.435273409,0.200000003,0,0,0,0.010136205,0.010136205,0
ALGERIA,615,1969,5,0,0,0,1.758000016,9.471627235,2.815408707,0,1,0,0,-9,0,0.435273409,0.200000003,0,0,0,0.010136205,0.010136205,0
ALGERIA,615,1970,5,0,0,0,1.835000038,9.500020027,2.815408707,0,1,0,0,-9,0,0.435273409,0.200000003,0,0,0,0.010136205,0.010136205,0
ALGERIA,615,1971,5,0,0,0,1.825999975,9.528503418,2.815408707,0,1,0,0,-9,0,0.435273409,0.200000003,0,0,0,0.010136205,0.010136205,0
ALGERIA,615,1972,5,0,0,0,1.675999999,9.558812141,2.815408707,0,1,0,0,-9,0,0.435273409,0.200000003,0,0,0,0.010136205,0.010136205,0
ALGERIA,615,1973,5,0,0,0,2.010999918,9.589392662,2.815408707,0,1,0,0,-9,0,0.435273409,0.200000003,0,0,0,0.010136205,0.010136205,0
ALGERIA,615,1974,5,0,0,0,2.012000084,9.620062828,2.815408707,0,1,0,0,-9,0,0.435273409,0.200000003,0,0,0,0.010136205,0.010136205,0
ALGERIA,615,1975,5,0,0,0,2.256000042,9.6507864,2.815408707,0,1,0,0,-9,0,0.435273409,0.200000003,0,0,0,0.010136205,0.010136205,0
ALGERIA,615,1976,5,0,0,0,2.342999935,9.68146801,2.815408707,0,1,0,0,-9,0,0.435273409,0.200000003,0,0,0,0.010136205,0.010136205,0
ALGERIA,615,1977,5,0,0,0,2.45600009,9.71208477,2.815408707,0,1,0,0,-9,0,0.435273409,0.200000003,0,0,0,0.010136205,0.010136205,0
ALGERIA,615,1978,5,0,0,0,2.517999887,9.742732048,2.815408707,0,1,0,0,-9,0,0.435273409,0.200000003,0,0,0,0.010136205,0.010136205,0
ALGERIA,615,1979,5,0,0,0,2.59100008,9.773322105,2.815408707,0,1,0,0,-9,0,0.435273409,0.200000003,0,0,0,0.010136205,0.010136205,0
ALGERIA,615,1980,5,0,0,0,2.806999922,9.803943634,2.815408707,0,1,0,0,-9,0,0.435273409,0.200000003,0,0,0,0.010136205,0.010136205,0
ALGERIA,615,1981,5,0,0,0,2.757999897,9.834619522,2.815408707,0,1,0,0,-9,0,0.435273409,0.200000003,0,0,0,0.010136205,0.010136205,0
ALGERIA,615,1982,5,0,0,0,2.760999918,9.865473747,2.815408707,0,1,0,0,-9,0,0.435273409,0.200000003,0,0,0,0.010136205,0.010136205,0
ALGERIA,615,1983,5,0,0,0,2.822999954,9.89656353,2.815408707,0,1,0,0,-9,0,0.435273409,0.200000003,0,0,0,0.010136205,0.010136205,0
ALGERIA,615,1984,5,0,0,0,2.903000116,9.927936554,2.815408707,0,1,0,0,-9,0,0.435273409,0.200000003,0,0,0,0.010136205,0.010136205,0
ALGERIA,615,1985,5,0,0,0,2.961999893,9.960481644,2.815408707,0,1,0,0,-9,0,0.435273409,0.200000003,0,0,0,0.010136205,0.010136205,0
ALGERIA,615,1986,5,0,0,0,2.987999916,9.991864204,2.815408707,0,1,0,0,-9,0,0.435273409,0.200000003,0,0,0,0.010136205,0.010136205,0
ALGERIA,615,1987,5,0,0,0,2.970000029,10.02113724,2.815408707,0,1,0,0,-9,0,0.435273409,0.200000003,0,0,0,0.010136205,0.010136205,0
ALGERIA,615,1988,5,0,0,0,2.913000107,10.04862595,2.815408707,0,1,0,0,-9,0,0.435273409,0.200000003,0,0,0,0.010136205,0.010136205,0
ALGERIA,615,1989,5,0,0,0,2.769000053,10.07567501,2.815408707,0,1,0,0,-9,0,0.435273409,0.200000003,0,0,0,0.010136205,0.010136205,0
ALGERIA,615,1990,5,0,0,0,2.842999935,10.10127258,2.815408707,0,1,0,1,-2,1,0.435273409,0.200000003,0,0,0,0.010136205,0.010136205,0
ALGERIA,615,1991,5,0,0,0,2.77699995,10.12675095,2.815408707,0,1,0,1,-2,1,0.435273409,0.200000003,0,0,0,0.010136205,0.010136205,0
ALGERIA,615,1992,5,1,0,0,2.720000029,10.15346813,2.815408707,0,1,0,1,-2,1,0.435273409,0.200000003,0,0,0,0.010136205,0.010136205,0
ALGERIA,615,1993,5,0,0,1,2.719000101,10.17557335,2.815408707,0,1,0,1,-7,0,0.435273409,0.200000003,0,0,0,0.010136205,0.010136205,0
ALGERIA,615,1994,5,0,0,1,2.59800005,10.19812679,2.815408707,0,1,0,1,-7,0,0.435273409,0.200000003,0,0,0,0.010136205,0.010136205,0
ALGERIA,615,1995,5,0,0,1,2.510999918,10.22027874,2.815408707,0,1,0,1,-7,0,0.435273409,0.200000003,0,0,0,0.010136205,0.010136205,0
ALGERIA,615,1996,5,0,0,1,2.555000067,10.24202919,2.815408707,0,1,0,1,-3,1,0.435273409,0.200000003,0,0,0,0.010136205,0.010136205,0
ALGERIA,615,1997,5,0,0,1,2.605000019,10.26391888,2.815408707,0,1,0,1,-3,1,0.435273409,0.200000003,0,0,0,0.010136205,0.010136205,0
ALGERIA,615,1998,5,0,0,1,2.59100008,10.28594875,2.815408707,0,1,0,1,-3,1,0.435273409,0.200000003,0,0,0,0.010136205,0.010136205,0
ALGERIA,615,1999,5,0,0,1,2.680000067,10.30811691,2.815408707,0,1,0,0,-3,1,0.435273409,0.200000003,0,0,0,0.010136205,0.010136205,0
TUNISIA,616,1956,5,0,0,0,1.014000058,8.275885582,1.335001111,0,0,1,0,.,.,0.158250988,0.012,0,0,0,8.29E-09,8.29E-09,0
TUNISIA,616,1957,5,0,0,0,1.014000058,8.275885582,1.335001111,0,0,1,0,.,.,0.158250988,0.012,0,0,0,8.29E-09,8.29E-09,0
TUNISIA,616,1958,5,0,0,0,0.999000013,8.2937994,1.335001111,0,0,0,.,.,.,0.158250988,0.012,0,0,0,8.29E-09,8.29E-09,0
TUNISIA,616,1959,5,0,0,0,0.963999987,8.3116436,1.335001111,0,0,0,.,.,.,0.158250988,0.012,0,0,0,8.29E-09,8.29E-09,0
TUNISIA,616,1960,5,0,0,0,1.006999969,8.329898834,1.335001111,0,0,0,0,-9,0,0.158250988,0.012,0,0,0,8.29E-09,8.29E-09,0
TUNISIA,616,1961,5,0,0,0,1.100999951,8.347826958,1.335001111,0,0,0,0,-9,0,0.158250988,0.012,0,0,0,8.29E-09,8.29E-09,0
TUNISIA,616,1962,5,0,0,0,1.136000037,8.365904808,1.335001111,0,0,0,0,-9,0,0.158250988,0.012,0,0,0,8.29E-09,8.29E-09,0
TUNISIA,616,1963,5,0,0,0,1.110000014,8.383890152,1.335001111,0,0,0,0,-9,0,0.158250988,0.012,0,0,0,8.29E-09,8.29E-09,0
TUNISIA,616,1964,5,0,0,0,1.187999964,8.402007103,1.335001111,0,0,0,0,-9,0,0.158250988,0.012,0,0,0,8.29E-09,8.29E-09,0
TUNISIA,616,1965,5,0,0,0,1.200999975,8.420902252,1.335001111,0,0,0,0,-9,0,0.158250988,0.012,0,0,0,8.29E-09,8.29E-09,0
TUNISIA,616,1966,5,0,0,0,1.235999942,8.440312386,1.335001111,0,0,0,0,-9,0,0.158250988,0.012,0,0,0,8.29E-09,8.29E-09,0
TUNISIA,616,1967,5,0,0,0,1.245000005,8.458716393,1.335001111,0,0,0,0,-9,0,0.158250988,0.012,0,0,0,8.29E-09,8.29E-09,0
TUNISIA,616,1968,5,0,0,0,1.223999977,8.480321884,1.335001111,0,0,0,0,-9,0,0.158250988,0.012,0,0,0,8.29E-09,8.29E-09,0
TUNISIA,616,1969,5,0,0,0,1.261000037,8.501063347,1.335001111,0,0,0,0,-9,0,0.158250988,0.012,0,0,0,8.29E-09,8.29E-09,0
TUNISIA,616,1970,5,0,0,0,1.322999954,8.522777557,1.335001111,0,0,0,0,-9,0,0.158250988,0.012,0,0,0,8.29E-09,8.29E-09,0
TUNISIA,616,1971,5,0,0,0,1.442000031,8.542276382,1.335001111,0,0,0,0,-8,0,0.158250988,0.012,0,0,0,8.29E-09,8.29E-09,0
TUNISIA,616,1972,5,0,0,0,1.532999992,8.557950974,1.335001111,0,1,0,0,-9,0,0.158250988,0.012,0,0,0,8.29E-09,8.29E-09,0
TUNISIA,616,1973,5,0,0,0,1.735999942,8.574329376,1.335001111,0,1,0,0,-9,0,0.158250988,0.012,0,0,0,8.29E-09,8.29E-09,0
TUNISIA,616,1974,5,0,0,0,1.804999948,8.592115402,1.335001111,0,1,0,0,-9,0,0.158250988,0.012,0,0,0,8.29E-09,8.29E-09,0
TUNISIA,616,1975,5,0,0,0,1.879999995,8.611412048,1.335001111,0,1,0,0,-9,0,0.158250988,0.012,0,0,0,8.29E-09,8.29E-09,0
TUNISIA,616,1976,5,0,0,0,2.049999952,8.632484436,1.335001111,0,1,0,0,-9,0,0.158250988,0.012,0,0,0,8.29E-09,8.29E-09,0
TUNISIA,616,1977,5,0,0,0,2.137000084,8.655562401,1.335001111,0,1,0,0,-9,0,0.158250988,0.012,0,0,0,8.29E-09,8.29E-09,0
TUNISIA,616,1978,5,0,0,0,2.224999905,8.680841446,1.335001111,0,1,0,0,-9,0,0.158250988,0.012,0,0,0,8.29E-09,8.29E-09,0
TUNISIA,616,1979,5,0,0,0,2.295000076,8.707483292,1.335001111,0,1,0,0,-9,0,0.158250988,0.012,0,0,0,8.29E-09,8.29E-09,0
TUNISIA,616,1980,5,0,0,0,2.368000031,8.734721184,1.335001111,0,1,0,0,-9,0,0.158250988,0.012,0,0,0,8.29E-09,8.29E-09,0
TUNISIA,616,1981,5,0,0,0,2.52699995,8.76154995,1.335001111,0,1,0,0,-9,0,0.158250988,0.012,0,0,0,8.29E-09,8.29E-09,0
TUNISIA,616,1982,5,0,0,0,2.621000051,8.788288116,1.335001111,0,1,0,0,-8,0,0.158250988,0.012,0,0,0,8.29E-09,8.29E-09,0
TUNISIA,616,1983,5,0,0,0,2.596999884,8.814627647,1.335001111,0,1,0,0,-8,0,0.158250988,0.012,0,0,0,8.29E-09,8.29E-09,0
TUNISIA,616,1984,5,0,0,0,2.645999908,8.840579987,1.335001111,0,1,0,0,-8,0,0.158250988,0.012,0,0,0,8.29E-09,8.29E-09,0
TUNISIA,616,1985,5,0,0,0,2.726999998,8.865876198,1.335001111,0,1,0,0,-8,0,0.158250988,0.012,0,0,0,8.29E-09,8.29E-09,0
TUNISIA,616,1986,5,0,0,0,2.757999897,8.890273094,1.335001111,0,0,0,0,-8,0,0.158250988,0.012,0,0,0,8.29E-09,8.29E-09,0
TUNISIA,616,1987,5,0,0,0,2.684999943,8.917981148,1.335001111,0,0,0,0,-8,0,0.158250988,0.012,0,0,0,8.29E-09,8.29E-09,0
TUNISIA,616,1988,5,0,0,0,2.717000008,8.941021919,1.335001111,0,0,0,1,-5,1,0.158250988,0.012,0,0,0,8.29E-09,8.29E-09,0
TUNISIA,616,1989,5,0,0,0,2.697000027,8.958024979,1.335001111,0,0,0,1,-5,1,0.158250988,0.012,0,0,0,8.29E-09,8.29E-09,0
TUNISIA,616,1990,5,0,0,0,2.770999908,8.975883484,1.335001111,0,0,0,1,-5,1,0.158250988,0.012,0,0,0,8.29E-09,8.29E-09,0
TUNISIA,616,1991,5,0,0,0,2.910000086,8.996404648,1.335001111,0,0,0,0,-5,1,0.158250988,0.012,0,0,0,8.29E-09,8.29E-09,0
TUNISIA,616,1992,5,0,0,0,2.933000088,9.016391754,1.335001111,0,0,0,0,-5,1,0.158250988,0.012,0,0,0,8.29E-09,8.29E-09,0
TUNISIA,616,1993,5,0,0,0,3.075000048,9.038127899,1.335001111,0,0,0,0,-5,1,0.158250988,0.012,0,0,0,8.29E-09,8.29E-09,0
TUNISIA,616,1994,5,0,0,0,3.084000111,9.067647934,1.335001111,0,0,0,0,-3,1,0.158250988,0.012,0,0,0,8.29E-09,8.29E-09,0
TUNISIA,616,1995,5,0,0,0,3.131999969,9.084115982,1.335001111,0,0,0,0,-3,1,0.158250988,0.012,0,0,0,8.29E-09,8.29E-09,0
TUNISIA,616,1996,5,0,0,0,3.157000065,9.098626137,1.335001111,0,0,0,0,-3,1,0.158250988,0.012,0,0,0,8.29E-09,8.29E-09,0
TUNISIA,616,1997,5,0,0,0,3.33100009,9.113517761,1.335001111,0,0,0,0,-3,1,0.158250988,0.012,0,0,0,8.29E-09,8.29E-09,0
TUNISIA,616,1998,5,0,0,0,3.463999987,9.128587723,1.335001111,0,0,0,0,-3,1,0.158250988,0.012,0,0,0,8.29E-09,8.29E-09,0
TUNISIA,616,1999,5,0,0,0,3.582999945,9.144240379,1.335001111,0,0,0,0,-3,1,0.158250988,0.012,0,0,0,8.29E-09,8.29E-09,0
LIBYA,620,1951,5,0,0,0,.,.,1.954698324,0,1,1,0,-7,0,0.215456724,0.050000001,0,0,0,1.16E-05,1.16E-05,0
LIBYA,620,1952,5,0,0,0,.,.,1.954698324,0,1,1,0,-7,0,0.215456724,0.050000001,0,0,0,1.16E-05,1.16E-05,0
LIBYA,620,1953,5,0,0,0,0.948000014,6.954638958,1.954698324,0,1,0,0,-7,0,0.215456724,0.050000001,0,0,0,1.16E-05,1.16E-05,0
LIBYA,620,1954,5,0,0,0,0.976999998,6.973543167,1.954698324,0,1,0,0,-7,0,0.215456724,0.050000001,0,0,0,1.16E-05,1.16E-05,0
LIBYA,620,1955,5,0,0,0,1.156999946,6.99025631,1.954698324,0,1,0,0,-7,0,0.215456724,0.050000001,0,0,0,1.16E-05,1.16E-05,0
LIBYA,620,1956,5,0,0,0,1.733999968,7.026426792,1.954698324,0,1,0,0,-7,0,0.215456724,0.050000001,0,0,0,1.16E-05,1.16E-05,0
LIBYA,620,1957,5,0,0,0,1.55400002,7.062191486,1.954698324,0,1,0,0,-7,0,0.215456724,0.050000001,0,0,0,1.16E-05,1.16E-05,0
LIBYA,620,1958,5,0,0,0,1.738000035,7.098375797,1.954698324,0,1,0,0,-7,0,0.215456724,0.050000001,0,0,0,1.16E-05,1.16E-05,0
LIBYA,620,1959,5,0,0,0,1.886999965,7.134891033,1.954698324,0,1,0,0,-7,0,0.215456724,0.050000001,0,0,0,1.16E-05,1.16E-05,0
LIBYA,620,1960,5,0,0,0,1.886999965,7.170888424,1.954698324,0,1,0,0,-7,0,0.215456724,0.050000001,0,0,0,1.16E-05,1.16E-05,0
LIBYA,620,1961,5,0,0,0,2.007999897,7.207118988,1.954698324,0,1,0,0,-7,0,0.215456724,0.050000001,0,0,0,1.16E-05,1.16E-05,0
LIBYA,620,1962,5,0,0,0,2.697999954,7.243513107,1.954698324,0,1,0,0,-7,0,0.215456724,0.050000001,0,0,0,1.16E-05,1.16E-05,0
LIBYA,620,1963,5,0,0,0,5.260000229,7.280008316,1.954698324,0,1,0,0,-7,0,0.215456724,0.050000001,0,0,0,1.16E-05,1.16E-05,0
LIBYA,620,1964,5,0,0,0,2.380000114,7.315883636,1.954698324,0,1,0,0,-7,0,0.215456724,0.050000001,0,0,0,1.16E-05,1.16E-05,0
LIBYA,620,1965,5,0,0,0,2.790999889,7.351799965,1.954698324,0,1,0,0,-7,0,0.215456724,0.050000001,0,0,0,1.16E-05,1.16E-05,0
LIBYA,620,1966,5,0,0,0,3.157000065,7.392647743,1.954698324,0,1,0,0,-7,0,0.215456724,0.050000001,0,0,0,1.16E-05,1.16E-05,0
LIBYA,620,1967,5,0,0,0,2.217999935,7.433666706,1.954698324,0,1,0,0,-7,0,0.215456724,0.050000001,0,0,0,1.16E-05,1.16E-05,0
LIBYA,620,1968,5,0,0,0,2.644999981,7.474205017,1.954698324,0,1,0,0,-7,0,0.215456724,0.050000001,0,0,0,1.16E-05,1.16E-05,0
LIBYA,620,1969,5,0,0,0,2.650000095,7.51534462,1.954698324,0,1,0,0,-7,0,0.215456724,0.050000001,0,0,0,1.16E-05,1.16E-05,0
LIBYA,620,1970,5,0,0,0,2.917999983,7.555904865,1.954698324,0,1,0,0,-7,0,0.215456724,0.050000001,0,0,0,1.16E-05,1.16E-05,0
LIBYA,620,1971,5,0,0,0,3.181999922,7.596894264,1.954698324,0,1,0,0,-7,0,0.215456724,0.050000001,0,0,0,1.16E-05,1.16E-05,0
LIBYA,620,1972,5,0,0,0,3.056999922,7.648262978,1.954698324,0,1,0,0,-7,0,0.215456724,0.050000001,0,0,0,1.16E-05,1.16E-05,0
LIBYA,620,1973,5,0,0,0,3.354000092,7.69074297,1.954698324,0,1,0,0,-7,0,0.215456724,0.050000001,0,0,0,1.16E-05,1.16E-05,0
LIBYA,620,1974,5,0,0,0,3.861000061,7.715123653,1.954698324,0,1,0,0,-7,0,0.215456724,0.050000001,0,0,0,1.16E-05,1.16E-05,0
LIBYA,620,1975,5,0,0,0,4.118999958,7.755338669,1.954698324,0,1,0,0,-7,0,0.215456724,0.050000001,0,0,0,1.16E-05,1.16E-05,0
LIBYA,620,1976,5,0,0,0,4.415999889,7.795646667,1.954698324,0,1,0,0,-7,0,0.215456724,0.050000001,0,0,0,1.16E-05,1.16E-05,0
LIBYA,620,1977,5,0,0,0,5.965000153,7.828834534,1.954698324,0,1,0,0,-7,0,0.215456724,0.050000001,0,0,0,1.16E-05,1.16E-05,0
LIBYA,620,1978,5,0,0,0,5.984000206,7.877776146,1.954698324,0,1,0,0,-7,0,0.215456724,0.050000001,0,0,0,1.16E-05,1.16E-05,0
LIBYA,620,1979,5,0,0,0,7.401000023,7.918628693,1.954698324,0,1,0,0,-7,0,0.215456724,0.050000001,0,0,0,1.16E-05,1.16E-05,0
LIBYA,620,1980,5,0,0,0,7.256000042,7.976938725,1.954698324,0,1,0,0,-7,0,0.215456724,0.050000001,0,0,0,1.16E-05,1.16E-05,0
LIBYA,620,1981,5,0,0,0,7.622000217,8.020599365,1.954698324,0,1,0,0,-7,0,0.215456724,0.050000001,0,0,0,1.16E-05,1.16E-05,0
LIBYA,620,1982,5,0,0,0,8.687999725,8.064321518,1.954698324,0,1,0,0,-7,0,0.215456724,0.050000001,0,0,0,1.16E-05,1.16E-05,0
LIBYA,620,1983,5,0,0,0,8.215000153,8.001689911,1.954698324,0,1,0,0,-7,0,0.215456724,0.050000001,0,0,0,1.16E-05,1.16E-05,0
LIBYA,620,1984,5,0,0,0,9.80300045,8.042056084,1.954698324,0,1,0,0,-7,0,0.215456724,0.050000001,0,0,0,1.16E-05,1.16E-05,0
LIBYA,620,1985,5,0,0,0,10.44900036,8.082402229,1.954698324,0,1,0,0,-7,0,0.215456724,0.050000001,0,0,0,1.16E-05,1.16E-05,0
LIBYA,620,1986,5,0,0,0,9.534000397,8.120588303,1.954698324,0,1,0,0,-7,0,0.215456724,0.050000001,0,0,0,1.16E-05,1.16E-05,0
LIBYA,620,1987,5,0,0,0,9.192000389,8.159089088,1.954698324,0,1,0,0,-7,0,0.215456724,0.050000001,0,0,0,1.16E-05,1.16E-05,0
LIBYA,620,1988,5,0,0,0,9.517999649,8.197263718,1.954698324,0,1,0,0,-7,0,0.215456724,0.050000001,0,0,0,1.16E-05,1.16E-05,0
LIBYA,620,1989,5,0,0,0,10.71199989,8.235625267,1.954698324,0,1,0,0,-7,0,0.215456724,0.050000001,0,0,0,1.16E-05,1.16E-05,0
LIBYA,620,1990,5,0,0,0,11.00699997,8.38594532,1.954698324,0,1,0,0,-7,0,0.215456724,0.050000001,0,0,0,1.16E-05,1.16E-05,0
LIBYA,620,1991,5,0,0,0,11.08199978,8.421783447,1.954698324,0,1,0,0,-7,0,0.215456724,0.050000001,0,0,0,1.16E-05,1.16E-05,0
LIBYA,620,1992,5,0,0,0,11.02499962,8.457867622,1.954698324,0,1,0,0,-7,0,0.215456724,0.050000001,0,0,0,1.16E-05,1.16E-05,0
LIBYA,620,1993,5,0,0,0,.,8.41405201,1.954698324,0,1,0,0,-7,0,0.215456724,0.050000001,0,0,0,1.16E-05,1.16E-05,0
LIBYA,620,1994,5,0,0,0,.,8.466663361,1.954698324,0,1,0,0,-7,0,0.215456724,0.050000001,0,0,0,1.16E-05,1.16E-05,0
LIBYA,620,1995,5,0,0,0,.,8.488986969,1.954698324,0,1,0,0,-7,0,0.215456724,0.050000001,0,0,0,1.16E-05,1.16E-05,0
LIBYA,620,1996,5,0,0,0,.,8.51057148,1.954698324,0,1,0,0,-7,0,0.215456724,0.050000001,0,0,0,1.16E-05,1.16E-05,0
LIBYA,620,1997,5,0,0,0,.,8.533111572,1.954698324,0,1,0,0,-7,0,0.215456724,0.050000001,0,0,0,1.16E-05,1.16E-05,0
LIBYA,620,1998,5,0,0,0,.,8.5566082,1.954698324,0,1,0,0,-7,0,0.215456724,0.050000001,0,0,0,1.16E-05,1.16E-05,0
LIBYA,620,1999,5,0,0,0,.,8.581061363,1.954698324,0,1,0,0,-7,0,0.215456724,0.050000001,0,0,0,1.16E-05,1.16E-05,0
SUDAN,625,1956,6,0,0,0,0.85799998,9.249945641,2.014903069,0,0,1,0,8,0,0.735070288,0.344999999,1,1,1,.,.,.
SUDAN,625,1957,6,0,0,0,0.85799998,9.249945641,2.014903069,0,0,1,0,8,0,0.735070288,0.344999999,1,1,1,.,.,.
SUDAN,625,1958,6,0,0,0,0.853999972,9.269081116,2.014903069,0,0,0,0,8,0,0.735070288,0.344999999,0,0,0,.,.,.
SUDAN,625,1959,6,0,0,0,0.851999998,9.288597107,2.014903069,0,0,0,1,-7,0,0.735070288,0.344999999,0,0,0,.,.,.
SUDAN,625,1960,6,0,0,0,0.851000011,9.308374405,2.014903069,0,0,0,1,-7,0,0.735070288,0.344999999,0,0,0,.,.,.
SUDAN,625,1961,6,0,0,0,0.862999976,9.328656197,2.014903069,0,0,0,1,-7,0,0.735070288,0.344999999,0,0,0,.,.,.
SUDAN,625,1962,6,0,0,0,0.847000003,9.349319458,2.014903069,0,0,0,0,-7,0,0.735070288,0.344999999,0,0,0,.,.,.
SUDAN,625,1963,6,1,2,0,0.887000024,9.370416641,2.014903069,0,0,0,0,-7,0,0.735070288,0.344999999,0,0,0,.,.,.
SUDAN,625,1964,6,0,0,1,0.845000029,9.39199543,2.014903069,0,0,0,0,-7,0,0.735070288,0.344999999,0,0,0,.,.,.
SUDAN,625,1965,6,0,0,1,0.818000019,9.413852692,2.014903069,0,0,0,1,0,1,0.735070288,0.344999999,0,0,0,.,.,.
SUDAN,625,1966,6,0,0,1,0.855000019,9.436120033,2.014903069,0,0,0,1,7,0,0.735070288,0.344999999,0,0,0,.,.,.
SUDAN,625,1967,6,0,0,1,0.806999981,9.458762169,2.014903069,0,0,0,1,7,0,0.735070288,0.344999999,0,0,0,.,.,.
SUDAN,625,1968,6,0,0,1,0.800999999,9.481740952,2.014903069,0,0,0,1,7,0,0.735070288,0.344999999,0,0,0,.,.,.
SUDAN,625,1969,6,0,0,1,0.797999978,9.505097389,2.014903069,0,0,0,0,7,0,0.735070288,0.344999999,0,0,0,.,.,.
SUDAN,625,1970,6,0,0,1,0.791000009,9.528939247,2.014903069,0,0,0,1,2,1,0.735070288,0.344999999,0,0,0,.,.,.
SUDAN,625,1971,6,0,0,1,0.816999972,9.568154335,2.014903069,0,0,0,1,-2,1,0.735070288,0.344999999,0,0,0,.,.,.
SUDAN,625,1972,6,0,0,1,0.859000027,9.597777367,2.014903069,0,0,0,1,-7,0,0.735070288,0.344999999,0,0,0,.,.,.
SUDAN,625,1973,6,0,0,1,0.800999999,9.626876831,2.014903069,0,0,0,1,-7,0,0.735070288,0.344999999,0,0,0,.,.,.
SUDAN,625,1974,6,0,0,0,0.704999983,9.655795097,2.014903069,0,0,0,1,-7,0,0.735070288,0.344999999,0,0,0,.,.,.
SUDAN,625,1975,6,0,0,0,0.712000012,9.684833527,2.014903069,0,0,0,0,-7,0,0.735070288,0.344999999,0,0,0,.,.,.
SUDAN,625,1976,6,0,0,0,0.79400003,9.714141846,2.014903069,0,0,0,0,-7,0,0.735070288,0.344999999,0,0,0,.,.,.
SUDAN,625,1977,6,0,0,0,0.865999997,9.744139671,2.014903069,0,0,0,0,-7,0,0.735070288,0.344999999,0,0,0,.,.,.
SUDAN,625,1978,6,0,0,0,0.991999984,9.773777008,2.014903069,0,0,0,0,-7,0,0.735070288,0.344999999,0,0,0,.,.,.
SUDAN,625,1979,6,0,0,0,0.962000012,9.803059578,2.014903069,0,0,0,0,-7,0,0.735070288,0.344999999,0,0,0,.,.,.
SUDAN,625,1980,6,0,0,0,0.850000024,9.831884384,2.014903069,0,0,0,0,-7,0,0.735070288,0.344999999,0,0,0,.,.,.
SUDAN,625,1981,6,0,0,0,0.865999997,9.860162735,2.014903069,0,0,0,0,-7,0,0.735070288,0.344999999,0,0,0,.,.,.
SUDAN,625,1982,6,0,0,0,0.870000005,9.887968063,2.014903069,0,0,0,0,-7,0,0.735070288,0.344999999,0,0,0,.,.,.
SUDAN,625,1983,6,1,2,0,0.870000005,9.915218353,2.014903069,0,0,0,0,-7,0,0.735070288,0.344999999,0,0,0,.,.,.
SUDAN,625,1984,6,0,0,1,0.885999978,9.941457748,2.014903069,0,0,0,0,-7,0,0.735070288,0.344999999,0,0,0,.,.,.
SUDAN,625,1985,6,0,0,1,0.833999991,9.968900681,2.014903069,0,0,0,0,-7,0,0.735070288,0.344999999,0,0,0,.,.,.
SUDAN,625,1986,6,0,0,1,0.791000009,9.995656013,2.014903069,0,0,0,1,0,1,0.735070288,0.344999999,0,0,0,.,.,.
SUDAN,625,1987,6,0,0,1,0.851999998,10.02242565,2.014903069,0,0,0,1,7,0,0.735070288,0.344999999,0,0,0,.,.,.
SUDAN,625,1988,6,0,0,1,0.816999972,10.04931831,2.014903069,0,0,0,1,7,0,0.735070288,0.344999999,0,0,0,.,.,.
SUDAN,625,1989,6,0,0,1,0.763000011,10.07634735,2.014903069,0,0,0,1,7,0,0.735070288,0.344999999,0,0,0,.,.,.
SUDAN,625,1990,6,0,0,1,0.808000028,10.10369015,2.014903069,0,0,0,1,-7,0,0.735070288,0.344999999,0,0,0,.,.,.
SUDAN,625,1991,6,0,0,1,0.757000029,10.13134003,2.014903069,0,0,0,1,-7,0,0.735070288,0.344999999,0,0,0,.,.,.
SUDAN,625,1992,6,0,0,1,0.736000001,10.15952396,2.014903069,0,0,0,1,-7,0,0.735070288,0.344999999,0,0,0,.,.,.
SUDAN,625,1993,6,0,0,1,0.757000029,10.19091988,2.014903069,0,0,0,0,-7,0,0.735070288,0.344999999,0,0,0,.,.,.
SUDAN,625,1994,6,0,0,1,0.773000002,10.15004158,2.014903069,0,0,0,0,-7,0,0.735070288,0.344999999,0,0,0,.,.,.
SUDAN,625,1995,6,0,0,1,0.788999975,10.16985798,2.014903069,0,0,0,0,-7,0,0.735070288,0.344999999,0,0,0,.,.,.
SUDAN,625,1996,6,0,0,1,0.967999995,10.18930531,2.014903069,0,0,0,0,-7,0,0.735070288,0.344999999,0,0,0,.,.,.
SUDAN,625,1997,6,0,0,1,0.986999989,10.20952606,2.014903069,0,0,0,0,-7,0,0.735070288,0.344999999,0,0,0,.,.,.
SUDAN,625,1998,6,0,0,1,1.031000018,10.23051739,2.014903069,0,0,0,0,-7,0,0.735070288,0.344999999,0,0,0,.,.,.
SUDAN,625,1999,6,0,0,1,1.059000015,10.25228214,2.014903069,0,0,0,0,-7,0,0.735070288,0.344999999,0,0,0,.,.,.
IRAN,630,1945,5,0,0,0,.,9.630365372,3.671224594,0,1,0,0,-1,1,0.756581664,0.239999995,0,0,0,0.099045633,0.099045633,0
IRAN,630,1946,5,0,0,0,.,9.630365372,3.671224594,0,1,0,0,-1,1,0.756581664,0.239999995,0,0,0,0.099045633,0.099045633,0
IRAN,630,1947,5,0,0,0,1.664999962,9.64309597,3.671224594,0,1,0,0,-1,1,0.756581664,0.239999995,0,0,0,0.099045633,0.099045633,0
IRAN,630,1948,5,0,0,0,2.604000092,9.655538559,3.671224594,0,1,0,0,-1,1,0.756581664,0.239999995,0,0,0,0.099045633,0.099045633,0
IRAN,630,1949,5,0,0,0,2.184000015,9.667891502,3.671224594,0,1,0,0,-1,1,0.756581664,0.239999995,0,0,0,0.099045633,0.099045633,0
IRAN,630,1950,5,0,0,0,1.083999991,9.682279587,3.671224594,0,1,0,0,-1,1,0.756581664,0.239999995,0,0,0,0.099045633,0.099045633,0
IRAN,630,1951,5,0,0,0,1.312000036,9.697446823,3.671224594,0,1,0,0,-1,1,0.756581664,0.239999995,0,0,0,0.099045633,0.099045633,0
IRAN,630,1952,5,0,0,0,1.529000044,9.721185684,3.671224594,0,1,0,0,-1,1,0.756581664,0.239999995,0,0,0,0.099045633,0.099045633,0
IRAN,630,1953,5,0,0,0,1.039999962,9.745429039,3.671224594,0,1,0,0,-1,1,0.756581664,0.239999995,0,0,0,0.099045633,0.099045633,0
IRAN,630,1954,5,0,0,0,0.962000012,9.768584251,3.671224594,0,1,0,1,-4,1,0.756581664,0.239999995,0,0,0,0.099045633,0.099045633,0
IRAN,630,1955,5,0,0,0,0.639999986,9.792332649,3.671224594,0,1,0,1,-7,0,0.756581664,0.239999995,0,0,0,0.099045633,0.099045633,0
IRAN,630,1956,5,0,0,0,2.153000116,9.853246689,3.671224594,0,1,0,1,-10,0,0.756581664,0.239999995,0,0,0,0.099045633,0.099045633,0
IRAN,630,1957,5,0,0,0,2.220000029,9.879553795,3.671224594,0,1,0,1,-10,0,0.756581664,0.239999995,0,0,0,0.099045633,0.099045633,0
IRAN,630,1958,5,0,0,0,2.354000092,9.905136108,3.671224594,0,1,0,1,-10,0,0.756581664,0.239999995,0,0,0,0.099045633,0.099045633,0
IRAN,630,1959,5,0,0,0,2.552000046,9.930129051,3.671224594,0,1,0,0,-10,0,0.756581664,0.239999995,0,0,0,0.099045633,0.099045633,0
IRAN,630,1960,5,0,0,0,2.625999928,9.95451355,3.671224594,0,1,0,0,-10,0,0.756581664,0.239999995,0,0,0,0.099045633,0.099045633,0
IRAN,630,1961,5,0,0,0,2.946000099,9.91842556,3.671224594,0,1,0,0,-10,0,0.756581664,0.239999995,0,0,0,0.099045633,0.099045633,0
IRAN,630,1962,5,0,0,0,2.835999966,9.952563286,3.671224594,0,1,0,0,-10,0,0.756581664,0.239999995,0,0,0,0.099045633,0.099045633,0
IRAN,630,1963,5,0,0,0,2.938999891,9.986679077,3.671224594,0,1,0,0,-10,0,0.756581664,0.239999995,0,0,0,0.099045633,0.099045633,0
IRAN,630,1964,5,0,0,0,2.923000097,10.02078152,3.671224594,0,1,0,0,-10,0,0.756581664,0.239999995,0,0,0,0.099045633,0.099045633,0
IRAN,630,1965,5,0,0,0,3.08100009,10.0549202,3.671224594,0,1,0,0,-10,0,0.756581664,0.239999995,0,0,0,0.099045633,0.099045633,0
IRAN,630,1966,5,0,0,0,3.364000082,10.08905411,3.671224594,0,1,0,0,-10,0,0.756581664,0.239999995,0,0,0,0.099045633,0.099045633,0
IRAN,630,1967,5,0,0,0,3.522000074,10.12206078,3.671224594,0,1,0,0,-10,0,0.756581664,0.239999995,0,0,0,0.099045633,0.099045633,0
IRAN,630,1968,5,0,0,0,3.713999987,10.15506268,3.671224594,0,1,0,0,-10,0,0.756581664,0.239999995,0,0,0,0.099045633,0.099045633,0
IRAN,630,1969,5,0,0,0,4.06099987,10.18802738,3.671224594,0,1,0,0,-10,0,0.756581664,0.239999995,0,0,0,0.099045633,0.099045633,0
IRAN,630,1970,5,0,0,0,4.28399992,10.22103214,3.671224594,0,1,0,0,-10,0,0.756581664,0.239999995,0,0,0,0.099045633,0.099045633,0
IRAN,630,1971,5,0,0,0,4.796000004,10.2551651,3.671224594,0,1,0,0,-10,0,0.756581664,0.239999995,0,0,0,0.099045633,0.099045633,0
IRAN,630,1972,5,0,0,0,4.768000126,10.28524017,3.671224594,0,1,0,0,-10,0,0.756581664,0.239999995,0,0,0,0.099045633,0.099045633,0
IRAN,630,1973,5,0,0,0,5.179999828,10.31589508,3.671224594,0,1,0,0,-10,0,0.756581664,0.239999995,0,0,0,0.099045633,0.099045633,0
IRAN,630,1974,5,0,0,0,5.78000021,10.34705067,3.671224594,0,1,0,0,-10,0,0.756581664,0.239999995,0,0,0,0.099045633,0.099045633,0
IRAN,630,1975,5,0,0,0,5.952000141,10.37860298,3.671224594,0,1,0,0,-10,0,0.756581664,0.239999995,0,0,0,0.099045633,0.099045633,0
IRAN,630,1976,5,0,0,0,5.831999779,10.41048622,3.671224594,0,1,0,0,-10,0,0.756581664,0.239999995,0,0,0,0.099045633,0.099045633,0
IRAN,630,1977,5,0,0,0,6.495999813,10.44272614,3.671224594,0,1,0,0,-10,0,0.756581664,0.239999995,0,0,0,0.099045633,0.099045633,0
IRAN,630,1978,5,1,0,0,6.076000214,10.47534275,3.671224594,0,1,0,0,-10,0,0.756581664,0.239999995,0,0,0,0.099045633,0.099045633,0
IRAN,630,1979,5,1,2,1,5.177999973,10.50826836,3.671224594,0,1,0,0,-10,0,0.756581664,0.239999995,0,0,0,0.099045633,0.099045633,0
IRAN,630,1980,5,0,0,1,4.552000046,10.5413332,3.671224594,0,1,0,1,0,1,0.756581664,0.239999995,0,0,0,0.099045633,0.099045633,0
IRAN,630,1981,5,0,0,1,3.434000015,10.5744915,3.671224594,0,1,0,1,-2,1,0.756581664,0.239999995,0,0,0,0.099045633,0.099045633,0
IRAN,630,1982,5,0,0,1,3.266000032,10.60772324,3.671224594,0,1,0,1,-4,1,0.756581664,0.239999995,0,0,0,0.099045633,0.099045633,0
IRAN,630,1983,5,0,0,1,3.885999918,10.6409626,3.671224594,0,1,0,1,-6,0,0.756581664,0.239999995,0,0,0,0.099045633,0.099045633,0
IRAN,630,1984,5,0,0,1,4.136000156,10.67456722,3.671224594,0,1,0,1,-6,0,0.756581664,0.239999995,0,0,0,0.099045633,0.099045633,0
IRAN,630,1985,5,0,0,1,4.02699995,10.70900345,3.671224594,0,1,0,0,-6,0,0.756581664,0.239999995,0,0,0,0.099045633,0.099045633,0
IRAN,630,1986,5,0,0,1,4.043000221,10.74449444,3.671224594,0,1,0,0,-6,0,0.756581664,0.239999995,0,0,0,0.099045633,0.099045633,0
IRAN,630,1987,5,0,0,1,3.589999914,10.78076744,3.671224594,0,1,0,0,-6,0,0.756581664,0.239999995,0,0,0,0.099045633,0.099045633,0
IRAN,630,1988,5,0,0,1,3.444000006,10.81755543,3.671224594,0,1,0,0,-6,0,0.756581664,0.239999995,0,0,0,0.099045633,0.099045633,0
IRAN,630,1989,5,0,0,1,3.21600008,10.85472107,3.671224594,0,1,0,0,-6,0,0.756581664,0.239999995,0,0,0,0.099045633,0.099045633,0
IRAN,630,1990,5,0,0,1,3.209000111,10.89198685,3.671224594,0,1,0,0,-6,0,0.756581664,0.239999995,0,0,0,0.099045633,0.099045633,0
IRAN,630,1991,5,0,0,1,3.39199996,10.92915249,3.671224594,0,1,0,0,-6,0,0.756581664,0.239999995,0,0,0,0.099045633,0.099045633,0
IRAN,630,1992,5,0,0,1,3.552999973,10.96348,3.671224594,0,1,0,0,-6,0,0.756581664,0.239999995,0,0,0,0.099045633,0.099045633,0
IRAN,630,1993,5,0,0,1,3.684999943,10.99552822,3.671224594,0,1,0,0,-6,0,0.756581664,0.239999995,0,0,0,0.099045633,0.099045633,0
IRAN,630,1994,5,0,0,1,3.703000069,10.95235538,3.671224594,0,1,0,0,-6,0,0.756581664,0.239999995,0,0,0,0.099045633,0.099045633,0
IRAN,630,1995,5,0,0,0,3.676000118,10.96843433,3.671224594,0,1,0,0,-6,0,0.756581664,0.239999995,0,0,0,0.099045633,0.099045633,0
IRAN,630,1996,5,0,0,0,3.720999956,10.98451233,3.671224594,0,1,0,0,-6,0,0.756581664,0.239999995,0,0,0,0.099045633,0.099045633,0
IRAN,630,1997,5,0,0,0,3.862999916,11.0009222,3.671224594,0,1,0,0,-6,0,0.756581664,0.239999995,0,0,0,0.099045633,0.099045633,0
IRAN,630,1998,5,0,0,0,3.927999973,11.01745987,3.671224594,0,1,0,1,3,1,0.756581664,0.239999995,0,0,0,0.099045633,0.099045633,0
IRAN,630,1999,5,0,0,0,3.950000048,11.0340271,3.671224594,0,1,0,1,3,1,0.756581664,0.239999995,0,0,0,0.099045633,0.099045633,0
TURKEY,640,1945,5,0,0,0,1.08099997,9.841079712,4.280824184,0,0,0,0,-7,0,0.25491327,0.170000002,0,0,0,0.004755022,0.004755022,0
TURKEY,640,1946,5,0,0,0,1.08099997,9.841079712,4.280824184,0,0,0,0,-7,0,0.25491327,0.170000002,0,0,0,0.004755022,0.004755022,0
TURKEY,640,1947,5,0,0,0,1.190999985,9.862821579,4.280824184,0,0,0,1,7,0,0.25491327,0.170000002,0,0,0,0.004755022,0.004755022,0
TURKEY,640,1948,5,0,0,0,1.228000045,9.884559631,4.280824184,0,0,0,1,7,0,0.25491327,0.170000002,0,0,0,0.004755022,0.004755022,0
TURKEY,640,1949,5,0,0,0,1.266000032,9.899580002,4.280824184,0,0,0,1,7,0,0.25491327,0.170000002,0,0,0,0.004755022,0.004755022,0
TURKEY,640,1950,5,0,0,0,1.225999951,9.921327591,4.280824184,0,0,0,0,7,0,0.25491327,0.170000002,0,0,0,0.004755022,0.004755022,0
TURKEY,640,1951,5,0,0,0,1.065000057,9.943092346,4.280824184,0,0,0,0,7,0,0.25491327,0.170000002,0,0,0,0.004755022,0.004755022,0
TURKEY,640,1952,5,0,0,0,1.27699995,9.972033501,4.280824184,0,0,0,0,7,0,0.25491327,0.170000002,0,0,0,0.004755022,0.004755022,0
TURKEY,640,1953,5,0,0,0,1.355000019,10.00016022,4.280824184,0,0,0,0,7,0,0.25491327,0.170000002,0,0,0,0.004755022,0.004755022,0
TURKEY,640,1954,5,0,0,0,1.488000035,10.02751732,4.280824184,0,0,0,0,7,0,0.25491327,0.170000002,0,0,0,0.004755022,0.004755022,0
TURKEY,640,1955,5,0,0,0,1.332999945,10.05397415,4.280824184,0,0,0,1,4,1,0.25491327,0.170000002,0,0,0,0.004755022,0.004755022,0
TURKEY,640,1956,5,0,0,0,1.442000031,10.07991695,4.280824184,0,0,0,1,4,1,0.25491327,0.170000002,0,0,0,0.004755022,0.004755022,0
TURKEY,640,1957,5,0,0,0,1.422999978,10.11009502,4.280824184,0,0,0,1,4,1,0.25491327,0.170000002,0,0,0,0.004755022,0.004755022,0
TURKEY,640,1958,5,0,0,0,1.674000025,10.13927078,4.280824184,0,0,0,0,4,1,0.25491327,0.170000002,0,0,0,0.004755022,0.004755022,0
TURKEY,640,1959,5,0,0,0,1.773000002,10.1677351,4.280824184,0,0,0,0,4,1,0.25491327,0.170000002,0,0,0,0.004755022,0.004755022,0
TURKEY,640,1960,5,0,0,0,1.680999994,10.19541073,4.280824184,0,0,0,0,4,1,0.25491327,0.170000002,0,0,0,0.004755022,0.004755022,0
TURKEY,640,1961,5,0,0,0,1.621999979,10.22223186,4.280824184,0,0,0,1,7,0,0.25491327,0.170000002,0,0,0,0.004755022,0.004755022,0
TURKEY,640,1962,5,0,0,0,1.631000042,10.24707699,4.280824184,0,0,0,1,9,0,0.25491327,0.170000002,0,0,0,0.004755022,0.004755022,0
TURKEY,640,1963,5,0,0,0,1.669999957,10.27208138,4.280824184,0,0,0,1,9,0,0.25491327,0.170000002,0,0,0,0.004755022,0.004755022,0
TURKEY,640,1964,5,0,0,0,1.812999964,10.2969141,4.280824184,0,0,0,0,9,0,0.25491327,0.170000002,0,0,0,0.004755022,0.004755022,0
TURKEY,640,1965,5,0,0,0,1.815999985,10.32176971,4.280824184,0,0,0,0,9,0,0.25491327,0.170000002,0,0,0,0.004755022,0.004755022,0
TURKEY,640,1966,5,0,0,0,1.812000036,10.34656906,4.280824184,0,0,0,0,8,0,0.25491327,0.170000002,0,0,0,0.004755022,0.004755022,0
TURKEY,640,1967,5,0,0,0,1.988999963,10.37173939,4.280824184,0,0,0,0,8,0,0.25491327,0.170000002,0,0,0,0.004755022,0.004755022,0
TURKEY,640,1968,5,0,0,0,2.017999887,10.39687157,4.280824184,0,0,0,0,8,0,0.25491327,0.170000002,0,0,0,0.004755022,0.004755022,0
TURKEY,640,1969,5,0,0,0,2.108999968,10.42198372,4.280824184,0,0,0,0,8,0,0.25491327,0.170000002,0,0,0,0.004755022,0.004755022,0
TURKEY,640,1970,5,0,0,0,2.163000107,10.44711876,4.280824184,0,0,0,0,8,0,0.25491327,0.170000002,0,0,0,0.004755022,0.004755022,0
TURKEY,640,1971,5,0,0,0,2.201999903,10.47223282,4.280824184,0,0,0,0,8,0,0.25491327,0.170000002,0,0,0,0.004755022,0.004755022,0
TURKEY,640,1972,5,0,0,0,2.368000031,10.49813938,4.280824184,0,0,0,1,-2,1,0.25491327,0.170000002,0,0,0,0.004755022,0.004755022,0
TURKEY,640,1973,5,0,0,0,2.463000059,10.52452087,4.280824184,0,0,0,1,-2,1,0.25491327,0.170000002,0,0,0,0.004755022,0.004755022,0
TURKEY,640,1974,5,0,0,0,2.470999956,10.55061722,4.280824184,0,0,0,1,9,0,0.25491327,0.170000002,0,0,0,0.004755022,0.004755022,0
TURKEY,640,1975,5,0,0,0,2.657999992,10.57546234,4.280824184,0,0,0,1,9,0,0.25491327,0.170000002,0,0,0,0.004755022,0.004755022,0
TURKEY,640,1976,5,0,0,0,2.838000059,10.59858322,4.280824184,0,0,0,1,9,0,0.25491327,0.170000002,0,0,0,0.004755022,0.004755022,0
TURKEY,640,1977,5,1,0,0,3.006999969,10.62015629,4.280824184,0,0,0,0,9,0,0.25491327,0.170000002,0,0,0,0.004755022,0.004755022,0
TURKEY,640,1978,5,0,0,1,3.111999989,10.64010143,4.280824184,0,0,0,0,9,0,0.25491327,0.170000002,0,0,0,0.004755022,0.004755022,0
TURKEY,640,1979,5,0,0,1,3.052000046,10.65944481,4.280824184,0,0,0,0,9,0,0.25491327,0.170000002,0,0,0,0.004755022,0.004755022,0
TURKEY,640,1980,5,0,0,1,2.954999924,10.67973423,4.280824184,0,0,0,0,9,0,0.25491327,0.170000002,0,0,0,0.004755022,0.004755022,0
TURKEY,640,1981,5,0,0,1,2.874000072,10.70184994,4.280824184,0,0,0,1,-5,1,0.25491327,0.170000002,0,0,0,0.004755022,0.004755022,0
TURKEY,640,1982,5,0,0,0,2.85800004,10.72546768,4.280824184,0,0,0,1,-5,1,0.25491327,0.170000002,0,0,0,0.004755022,0.004755022,0
TURKEY,640,1983,5,0,0,0,2.868000031,10.75057793,4.280824184,0,0,0,1,-5,1,0.25491327,0.170000002,0,0,0,0.004755022,0.004755022,0
TURKEY,640,1984,5,1,2,0,2.90899992,10.77639008,4.280824184,0,0,0,1,7,0,0.25491327,0.170000002,0,0,0,0.004755022,0.004755022,0
TURKEY,640,1985,5,0,0,1,3.022000074,10.80171585,4.280824184,0,0,0,1,7,0,0.25491327,0.170000002,0,0,0,0.004755022,0.004755022,0
TURKEY,640,1986,5,0,0,1,3.076999903,10.82588005,4.280824184,0,0,0,1,7,0,0.25491327,0.170000002,0,0,0,0.004755022,0.004755022,0
TURKEY,640,1987,5,0,0,1,3.299000025,10.8488512,4.280824184,0,0,0,0,7,0,0.25491327,0.170000002,0,0,0,0.004755022,0.004755022,0
TURKEY,640,1988,5,0,0,1,3.440999985,10.87088966,4.280824184,0,0,0,0,7,0,0.25491327,0.170000002,0,0,0,0.004755022,0.004755022,0
TURKEY,640,1989,5,0,0,1,3.41899991,10.89235973,4.280824184,0,0,0,0,7,0,0.25491327,0.170000002,0,0,0,0.004755022,0.004755022,0
TURKEY,640,1990,5,0,0,1,3.411000013,10.91355991,4.280824184,0,0,0,0,9,0,0.25491327,0.170000002,0,0,0,0.004755022,0.004755022,0
TURKEY,640,1991,5,0,0,1,3.740999937,10.93485546,4.280824184,0,0,0,0,9,0,0.25491327,0.170000002,0,0,0,0.004755022,0.004755022,0
TURKEY,640,1992,5,0,0,1,3.665999889,10.95650959,4.280824184,0,0,0,0,9,0,0.25491327,0.170000002,0,0,0,0.004755022,0.004755022,0
TURKEY,640,1993,5,0,0,1,3.806999922,10.97753429,4.280824184,0,0,0,0,9,0,0.25491327,0.170000002,0,0,0,0.004755022,0.004755022,0
TURKEY,640,1994,5,0,0,1,4.061999798,10.98210144,4.280824184,0,0,0,0,8,0,0.25491327,0.170000002,0,0,0,0.004755022,0.004755022,0
TURKEY,640,1995,5,0,0,1,3.770999908,10.99718761,4.280824184,0,0,0,0,8,0,0.25491327,0.170000002,0,0,0,0.004755022,0.004755022,0
TURKEY,640,1996,5,0,0,1,3.993000031,11.01228142,4.280824184,0,0,0,0,8,0,0.25491327,0.170000002,0,0,0,0.004755022,0.004755022,0
TURKEY,640,1997,5,0,0,1,4.198999882,11.02737808,4.280824184,0,0,0,0,8,0,0.25491327,0.170000002,0,0,0,0.004755022,0.004755022,0
TURKEY,640,1998,5,0,0,1,4.443999767,11.04308224,4.280824184,0,0,0,0,7,0,0.25491327,0.170000002,0,0,0,0.004755022,0.004755022,0
TURKEY,640,1999,5,0,0,1,4.512000084,11.05802345,4.280824184,0,0,0,0,7,0,0.25491327,0.170000002,0,0,0,0.004755022,0.004755022,0
IRAQ,645,1945,5,0,0,0,.,8.451908112,1.945910096,0,1,0,0,-4,1,0.362471163,0.189999998,1,1,1,0.967035822,0.967035822,1
IRAQ,645,1946,5,0,0,0,.,8.451908112,1.945910096,0,1,0,0,-4,1,0.362471163,0.189999998,1,1,1,0.967035822,0.967035822,1
IRAQ,645,1947,5,0,0,0,2.09100008,8.476996422,1.945910096,0,1,0,0,-4,1,0.362471163,0.189999998,1,1,1,0.967035822,0.967035822,1
IRAQ,645,1948,5,0,0,0,2.21600008,8.479699135,1.945910096,0,1,0,0,-4,1,0.362471163,0.189999998,1,1,1,0.967035822,0.967035822,1
IRAQ,645,1949,5,0,0,0,2.194000006,8.510169029,1.945910096,0,1,0,0,-4,1,0.362471163,0.189999998,1,1,1,0.967035822,0.967035822,1
IRAQ,645,1950,5,0,0,0,2.469000101,8.540714264,1.945910096,0,1,0,0,-4,1,0.362471163,0.189999998,1,1,1,0.967035822,0.967035822,1
IRAQ,645,1951,5,0,0,0,2.52699995,8.55602932,1.945910096,0,1,0,0,-4,1,0.362471163,0.189999998,1,1,1,0.967035822,0.967035822,1
IRAQ,645,1952,5,0,0,0,2.650000095,8.582606316,1.945910096,0,1,0,0,-4,1,0.362471163,0.189999998,1,1,1,0.967035822,0.967035822,1
IRAQ,645,1953,5,0,0,0,2.808000088,8.609407425,1.945910096,0,1,0,0,-4,1,0.362471163,0.189999998,1,1,1,0.967035822,0.967035822,1
IRAQ,645,1954,5,0,0,0,2.625999928,8.632306099,1.945910096,0,1,0,0,-4,1,0.362471163,0.189999998,1,1,1,0.967035822,0.967035822,1
IRAQ,645,1955,5,0,0,0,3.052000046,8.65869236,1.945910096,0,1,0,0,-4,1,0.362471163,0.189999998,1,1,1,0.967035822,0.967035822,1
IRAQ,645,1956,5,0,0,0,2.822000027,8.684570313,1.945910096,0,1,0,0,-4,1,0.362471163,0.189999998,1,1,1,0.967035822,0.967035822,1
IRAQ,645,1957,5,0,0,0,2.84800005,8.715716362,1.945910096,0,1,0,0,-4,1,0.362471163,0.189999998,1,1,1,0.967035822,0.967035822,1
IRAQ,645,1958,5,0,0,0,2.775000095,8.745921135,1.945910096,0,1,0,0,-4,1,0.362471163,0.189999998,1,1,1,0.967035822,0.967035822,1
IRAQ,645,1959,5,1,0,0,2.963999987,8.775395393,1.945910096,0,1,0,0,-5,1,0.362471163,0.189999998,1,1,1,0.967035822,0.967035822,1
IRAQ,645,1960,5,0,0,1,2.940999985,8.803874969,1.945910096,0,1,0,0,-5,1,0.362471163,0.189999998,1,1,1,0.967035822,0.967035822,1
IRAQ,645,1961,5,1,2,0,3.427000046,8.831565857,1.945910096,0,1,0,0,-5,1,0.362471163,0.189999998,1,1,1,0.967035822,0.967035822,1
IRAQ,645,1962,5,0,0,1,3.642999887,8.86205864,1.945910096,0,1,0,0,-5,1,0.362471163,0.189999998,1,1,1,0.967035822,0.967035822,1
IRAQ,645,1963,5,0,0,1,3.710999966,8.892611504,1.945910096,0,1,0,0,-5,1,0.362471163,0.189999998,1,1,1,0.967035822,0.967035822,1
IRAQ,645,1964,5,0,0,1,3.52699995,8.923191071,1.945910096,0,1,0,0,-5,1,0.362471163,0.189999998,1,1,1,0.967035822,0.967035822,1
IRAQ,645,1965,5,0,0,1,4.020999908,8.953639984,1.945910096,0,1,0,0,-5,1,0.362471163,0.189999998,1,1,1,0.967035822,0.967035822,1
IRAQ,645,1966,5,0,0,1,4.412000179,8.984191895,1.945910096,0,1,0,0,-5,1,0.362471163,0.189999998,1,1,1,0.967035822,0.967035822,1
IRAQ,645,1967,5,0,0,1,4.448999882,9.016148567,1.945910096,0,1,0,0,-5,1,0.362471163,0.189999998,1,1,1,0.967035822,0.967035822,1
IRAQ,645,1968,5,0,0,1,3.917000055,9.048056602,1.945910096,0,1,0,0,-5,1,0.362471163,0.189999998,1,1,1,0.967035822,0.967035822,1
IRAQ,645,1969,5,0,0,1,4.502999783,9.079890251,1.945910096,0,1,0,0,-7,0,0.362471163,0.189999998,1,1,1,0.967035822,0.967035822,1
IRAQ,645,1970,5,0,0,1,4.482999802,9.111845016,1.945910096,0,1,0,0,-7,0,0.362471163,0.189999998,1,1,1,0.967035822,0.967035822,1
IRAQ,645,1971,5,0,0,1,4.40899992,9.143773079,1.945910096,0,1,0,0,-7,0,0.362471163,0.189999998,1,1,1,0.967035822,0.967035822,1
IRAQ,645,1972,5,0,0,1,4.640999794,9.17626667,1.945910096,0,1,0,0,-7,0,0.362471163,0.189999998,1,1,1,0.967035822,0.967035822,1
IRAQ,645,1973,5,0,0,1,4.348999977,9.208839417,1.945910096,0,1,0,0,-7,0,0.362471163,0.189999998,1,1,1,0.967035822,0.967035822,1
IRAQ,645,1974,5,0,0,1,4.644999981,9.241548538,1.945910096,0,1,0,0,-7,0,0.362471163,0.189999998,1,1,1,0.967035822,0.967035822,1
IRAQ,645,1975,5,0,0,1,4.999000072,9.274441719,1.945910096,0,1,0,0,-7,0,0.362471163,0.189999998,1,1,1,0.967035822,0.967035822,1
IRAQ,645,1976,5,0,0,0,5.462999821,9.307467461,1.945910096,0,1,0,0,-7,0,0.362471163,0.189999998,1,1,1,0.967035822,0.967035822,1
IRAQ,645,1977,5,0,0,0,6.053999901,9.340579033,1.945910096,0,1,0,0,-7,0,0.362471163,0.189999998,1,1,1,0.967035822,0.967035822,1
IRAQ,645,1978,5,0,0,0,6.518000126,9.373818398,1.945910096,0,1,0,0,-7,0,0.362471163,0.189999998,1,1,1,0.967035822,0.967035822,1
IRAQ,645,1979,5,0,0,0,6.455999851,9.407139778,1.945910096,0,1,0,0,-7,0,0.362471163,0.189999998,1,1,1,0.967035822,0.967035822,1
IRAQ,645,1980,5,0,0,0,8.576999664,9.440260887,1.945910096,0,1,0,0,-9,0,0.362471163,0.189999998,1,1,1,0.967035822,0.967035822,1
IRAQ,645,1981,5,0,0,0,7.242000103,9.47324276,1.945910096,0,1,0,0,-9,0,0.362471163,0.189999998,1,1,1,0.967035822,0.967035822,1
IRAQ,645,1982,5,0,0,0,4.774000168,9.506065369,1.945910096,0,1,0,0,-9,0,0.362471163,0.189999998,1,1,1,0.967035822,0.967035822,1
IRAQ,645,1983,5,0,0,0,4.164000034,9.538564682,1.945910096,0,1,0,0,-9,0,0.362471163,0.189999998,1,1,1,0.967035822,0.967035822,1
IRAQ,645,1984,5,0,0,0,5.18900013,9.571086884,1.945910096,0,1,0,0,-9,0,0.362471163,0.189999998,1,1,1,0.967035822,0.967035822,1
IRAQ,645,1985,5,0,0,0,4.927000046,9.603800774,1.945910096,0,1,0,0,-9,0,0.362471163,0.189999998,1,1,1,0.967035822,0.967035822,1
IRAQ,645,1986,5,0,0,0,4.249000072,9.636849403,1.945910096,0,1,0,0,-9,0,0.362471163,0.189999998,1,1,1,0.967035822,0.967035822,1
IRAQ,645,1987,5,0,0,0,3.786000013,9.670041084,1.945910096,0,1,0,0,-9,0,0.362471163,0.189999998,1,1,1,0.967035822,0.967035822,1
IRAQ,645,1988,5,0,0,0,3.204999924,9.703328133,1.945910096,0,1,0,0,-9,0,0.362471163,0.189999998,1,1,1,0.967035822,0.967035822,1
IRAQ,645,1989,5,0,0,0,6.168000221,9.755567551,1.945910096,0,1,0,0,-9,0,0.362471163,0.189999998,1,1,1,0.967035822,0.967035822,1
IRAQ,645,1990,5,0,0,0,6.336999893,9.813508034,1.945910096,0,1,0,0,-9,0,0.362471163,0.189999998,1,1,1,0.967035822,0.967035822,1
IRAQ,645,1991,5,0,0,0,6.243000031,9.762672424,1.945910096,0,1,0,0,-9,0,0.362471163,0.189999998,1,1,1,0.967035822,0.967035822,1
IRAQ,645,1992,5,0,0,0,6.34100008,9.882314682,1.945910096,0,1,0,0,-9,0,0.362471163,0.189999998,1,1,1,0.967035822,0.967035822,1
IRAQ,645,1993,5,0,0,0,.,9.867341995,1.945910096,0,1,0,0,-9,0,0.362471163,0.189999998,1,1,1,0.967035822,0.967035822,1
IRAQ,645,1994,5,0,0,0,.,9.890356064,1.945910096,0,1,0,0,-9,0,0.362471163,0.189999998,1,1,1,0.967035822,0.967035822,1
IRAQ,645,1995,5,0,0,0,.,9.916753769,1.945910096,0,1,0,0,-9,0,0.362471163,0.189999998,1,1,1,0.967035822,0.967035822,1
IRAQ,645,1996,5,0,0,0,.,9.941698074,1.945910096,0,1,0,0,-9,0,0.362471163,0.189999998,1,1,1,0.967035822,0.967035822,1
IRAQ,645,1997,5,0,0,0,.,9.967072487,1.945910096,0,1,0,0,-9,0,0.362471163,0.189999998,1,1,1,0.967035822,0.967035822,1
IRAQ,645,1998,5,0,0,0,.,9.991818428,1.945910096,0,1,0,0,-9,0,0.362471163,0.189999998,1,1,1,0.967035822,0.967035822,1
IRAQ,645,1999,5,0,0,0,.,10.01443768,1.945910096,0,1,0,0,-9,0,0.362471163,0.189999998,1,1,1,0.967035822,0.967035822,1
EGYPT,651,1945,5,0,0,0,.,9.823361397,0.693147182,0,0,0,0,1,1,0.044008493,0.090000004,0,0,0,0.000188921,0.000188921,0
EGYPT,651,1946,5,0,0,0,.,9.823361397,0.693147182,0,0,0,0,1,1,0.044008493,0.090000004,0,0,0,0.000188921,0.000188921,0
EGYPT,651,1947,5,0,0,0,0.564999998,9.841186523,0.693147182,0,0,0,0,1,1,0.044008493,0.090000004,0,0,0,0.000188921,0.000188921,0
EGYPT,651,1948,5,0,0,0,0.582000017,9.85576725,0.693147182,0,0,0,0,1,1,0.044008493,0.090000004,0,0,0,0.000188921,0.000188921,0
EGYPT,651,1949,5,0,0,0,0.600000024,9.877861977,0.693147182,0,0,0,0,1,1,0.044008493,0.090000004,0,0,0,0.000188921,0.000188921,0
EGYPT,651,1950,5,0,0,0,0.624000013,9.897922516,0.693147182,0,0,0,0,1,1,0.044008493,0.090000004,0,0,0,0.000188921,0.000188921,0
EGYPT,651,1951,5,0,0,0,0.750999987,9.926226616,0.693147182,0,0,0,0,1,1,0.044008493,0.090000004,0,0,0,0.000188921,0.000188921,0
EGYPT,651,1952,5,0,0,0,0.754000008,9.950609207,0.693147182,0,0,0,0,1,1,0.044008493,0.090000004,0,0,0,0.000188921,0.000188921,0
EGYPT,651,1953,5,0,0,0,0.713999987,9.974458694,0.693147182,0,0,0,1,-7,0,0.044008493,0.090000004,0,0,0,0.000188921,0.000188921,0
EGYPT,651,1954,5,0,0,0,0.691999972,9.99775219,0.693147182,0,0,0,1,-7,0,0.044008493,0.090000004,0,0,0,0.000188921,0.000188921,0
EGYPT,651,1955,5,0,0,0,0.708999991,10.02051449,0.693147182,0,0,0,1,-7,0,0.044008493,0.090000004,0,0,0,0.000188921,0.000188921,0
EGYPT,651,1956,5,0,0,0,0.717000008,10.04272747,0.693147182,0,0,0,0,-7,0,0.044008493,0.090000004,0,0,0,0.000188921,0.000188921,0
EGYPT,651,1957,5,0,0,0,0.717000008,10.06802654,0.693147182,0,0,0,0,-7,0,0.044008493,0.090000004,0,0,0,0.000188921,0.000188921,0
EGYPT,651,1958,5,0,0,0,0.742999971,10.0926609,0.693147182,0,0,0,0,-7,0,0.044008493,0.090000004,0,0,0,0.000188921,0.000188921,0
EGYPT,651,1959,5,0,0,0,0.746999979,10.11670208,0.693147182,0,0,0,0,-7,0,0.044008493,0.090000004,0,0,0,0.000188921,0.000188921,0
EGYPT,651,1960,5,0,0,0,0.779999971,10.14021873,0.693147182,0,0,0,0,-7,0,0.044008493,0.090000004,0,0,0,0.000188921,0.000188921,0
EGYPT,651,1961,5,0,0,0,0.809000015,10.15933037,0.693147182,0,0,0,0,-7,0,0.044008493,0.090000004,0,0,0,0.000188921,0.000188921,0
EGYPT,651,1962,5,0,0,0,0.814999998,10.18783951,0.693147182,0,0,0,0,-7,0,0.044008493,0.090000004,0,0,0,0.000188921,0.000188921,0
EGYPT,651,1963,5,0,0,0,0.861999989,10.21299267,0.693147182,0,0,0,0,-7,0,0.044008493,0.090000004,0,0,0,0.000188921,0.000188921,0
EGYPT,651,1964,5,0,0,0,0.907999992,10.23802948,0.693147182,0,0,0,0,-7,0,0.044008493,0.090000004,0,0,0,0.000188921,0.000188921,0
EGYPT,651,1965,5,0,0,0,1.01699996,10.26325798,0.693147182,0,0,0,0,-7,0,0.044008493,0.090000004,0,0,0,0.000188921,0.000188921,0
EGYPT,651,1966,5,0,0,0,1.024000049,10.28830814,0.693147182,0,0,0,0,-7,0,0.044008493,0.090000004,0,0,0,0.000188921,0.000188921,0
EGYPT,651,1967,5,0,0,0,1.014999986,10.31573009,0.693147182,0,0,0,0,-7,0,0.044008493,0.090000004,0,0,0,0.000188921,0.000188921,0
EGYPT,651,1968,5,0,0,0,1.013000011,10.3382206,0.693147182,0,0,0,0,-7,0,0.044008493,0.090000004,0,0,0,0.000188921,0.000188921,0
EGYPT,651,1969,5,0,0,0,1.072000027,10.36075401,0.693147182,0,0,0,0,-7,0,0.044008493,0.090000004,0,0,0,0.000188921,0.000188921,0
EGYPT,651,1970,5,0,0,0,1.110999942,10.38331795,0.693147182,0,0,0,0,-7,0,0.044008493,0.090000004,0,0,0,0.000188921,0.000188921,0
EGYPT,651,1971,5,0,0,0,1.162999988,10.40586758,0.693147182,0,0,0,0,-7,0,0.044008493,0.090000004,0,0,0,0.000188921,0.000188921,0
EGYPT,651,1972,5,0,0,0,1.20599997,10.42370892,0.693147182,0,0,0,0,-7,0,0.044008493,0.090000004,0,0,0,0.000188921,0.000188921,0
EGYPT,651,1973,5,0,0,0,1.203999996,10.44152927,0.693147182,0,0,0,0,-7,0,0.044008493,0.090000004,0,0,0,0.000188921,0.000188921,0
EGYPT,651,1974,5,0,0,0,1.182000041,10.45984077,0.693147182,0,0,0,0,-7,0,0.044008493,0.090000004,0,0,0,0.000188921,0.000188921,0
EGYPT,651,1975,5,0,0,0,1.174999952,10.47900486,0.693147182,0,0,0,0,-7,0,0.044008493,0.090000004,0,0,0,0.000188921,0.000188921,0
EGYPT,651,1976,5,0,0,0,1.292999983,10.49926949,0.693147182,0,0,0,0,-7,0,0.044008493,0.090000004,0,0,0,0.000188921,0.000188921,0
EGYPT,651,1977,5,0,0,0,1.371000051,10.52083302,0.693147182,0,0,0,0,-6,0,0.044008493,0.090000004,0,0,0,0.000188921,0.000188921,0
EGYPT,651,1978,5,0,0,0,1.406000018,10.54389286,0.693147182,0,1,0,0,-6,0,0.044008493,0.090000004,0,0,0,0.000188921,0.000188921,0
EGYPT,651,1979,5,0,0,0,1.465000033,10.5680809,0.693147182,0,1,0,0,-6,0,0.044008493,0.090000004,0,0,0,0.000188921,0.000188921,0
EGYPT,651,1980,5,0,0,0,1.524999976,10.59300327,0.693147182,0,1,0,0,-6,0,0.044008493,0.090000004,0,0,0,0.000188921,0.000188921,0
EGYPT,651,1981,5,0,0,0,1.644999981,10.61827374,0.693147182,0,1,0,0,-6,0,0.044008493,0.090000004,0,0,0,0.000188921,0.000188921,0
EGYPT,651,1982,5,0,0,0,1.722000003,10.64389992,0.693147182,0,1,0,0,-5,1,0.044008493,0.090000004,0,0,0,0.000188921,0.000188921,0
EGYPT,651,1983,5,0,0,0,1.731999993,10.66979218,0.693147182,0,1,0,0,-5,1,0.044008493,0.090000004,0,0,0,0.000188921,0.000188921,0
EGYPT,651,1984,5,0,0,0,1.807999969,10.69577885,0.693147182,0,1,0,0,-5,1,0.044008493,0.090000004,0,0,0,0.000188921,0.000188921,0
EGYPT,651,1985,5,0,0,0,1.907999992,10.72172451,0.693147182,0,1,0,0,-5,1,0.044008493,0.090000004,0,0,0,0.000188921,0.000188921,0
EGYPT,651,1986,5,0,0,0,1.952999949,10.74744415,0.693147182,0,1,0,0,-5,1,0.044008493,0.090000004,0,0,0,0.000188921,0.000188921,0
EGYPT,651,1987,5,0,0,0,1.927000046,10.77256107,0.693147182,0,1,0,0,-5,1,0.044008493,0.090000004,0,0,0,0.000188921,0.000188921,0
EGYPT,651,1988,5,0,0,0,1.889999986,10.79710293,0.693147182,0,0,0,0,-5,1,0.044008493,0.090000004,0,0,0,0.000188921,0.000188921,0
EGYPT,651,1989,5,0,0,0,1.896000028,10.82105732,0.693147182,0,0,0,0,-5,1,0.044008493,0.090000004,0,0,0,0.000188921,0.000188921,0
EGYPT,651,1990,5,0,0,0,1.906000018,10.84439278,0.693147182,0,0,0,0,-5,1,0.044008493,0.090000004,0,0,0,0.000188921,0.000188921,0
EGYPT,651,1991,5,0,0,0,1.911999941,10.86715794,0.693147182,0,1,0,0,-3,1,0.044008493,0.090000004,0,0,0,0.000188921,0.000188921,0
EGYPT,651,1992,5,0,0,0,1.912999988,10.88934135,0.693147182,0,1,0,0,-3,1,0.044008493,0.090000004,0,0,0,0.000188921,0.000188921,0
EGYPT,651,1993,5,0,0,0,1.868999958,10.909235,0.693147182,0,1,0,0,-3,1,0.044008493,0.090000004,0,0,0,0.000188921,0.000188921,0
EGYPT,651,1994,5,0,0,0,1.883000016,10.93184853,0.693147182,0,1,0,0,-3,1,0.044008493,0.090000004,0,0,0,0.000188921,0.000188921,0
EGYPT,651,1995,5,0,0,0,1.91900003,10.95192051,0.693147182,0,1,0,0,-3,1,0.044008493,0.090000004,0,0,0,0.000188921,0.000188921,0
EGYPT,651,1996,5,0,0,0,1.970000029,10.97129726,0.693147182,0,1,0,0,-3,1,0.044008493,0.090000004,0,0,0,0.000188921,0.000188921,0
EGYPT,651,1997,5,0,0,0,2.029999971,10.98989201,0.693147182,0,1,0,0,-3,1,0.044008493,0.090000004,0,0,0,0.000188921,0.000188921,0
EGYPT,651,1998,5,0,0,0,2.101999998,11.00788498,0.693147182,0,0,0,0,-3,1,0.044008493,0.090000004,0,0,0,0.000188921,0.000188921,0
EGYPT,651,1999,5,0,0,0,2.178999901,11.02518654,0.693147182,0,0,0,0,-3,1,0.044008493,0.090000004,0,0,0,0.000188921,0.000188921,0
SYRIA,652,1946,5,0,0,0,0.704999983,7.999007225,1.85629797,0,1,1,0,5,1,0.223094642,0.140000001,0,0,0,0.000678764,0.949144629,-1
SYRIA,652,1947,5,0,0,0,0.704999983,7.999007225,1.85629797,0,1,1,0,5,1,0.223094642,0.140000001,0,0,0,0.000678764,0.949144629,-1
SYRIA,652,1948,5,0,0,0,0.73299998,8.047189713,1.85629797,0,1,0,0,5,1,0.223094642,0.140000001,0,0,0,0.000678764,0.949144629,-1
SYRIA,652,1949,5,0,0,0,0.759000003,8.09193325,1.85629797,0,1,0,0,5,1,0.223094642,0.140000001,0,0,0,0.000678764,0.949144629,-1
SYRIA,652,1950,5,0,0,0,0.786000013,8.127109528,1.85629797,0,1,0,1,-7,0,0.223094642,0.140000001,0,0,0,0.000678764,0.949144629,-1
SYRIA,652,1951,5,0,0,0,0.824000001,8.159089088,1.85629797,0,1,0,1,2,1,0.223094642,0.140000001,0,0,0,0.000678764,0.949144629,-1
SYRIA,652,1952,5,0,0,0,0.86500001,8.18367672,1.85629797,0,1,0,1,-7,0,0.223094642,0.140000001,0,0,0,0.000678764,0.949144629,-1
SYRIA,652,1953,5,0,0,0,1.082000017,8.208764076,1.85629797,0,1,0,1,-7,0,0.223094642,0.140000001,0,0,0,0.000678764,0.949144629,-1
SYRIA,652,1954,5,0,0,0,1.152999997,8.234034538,1.85629797,0,1,0,1,-7,0,0.223094642,0.140000001,0,0,0,0.000678764,0.949144629,-1
SYRIA,652,1955,5,0,0,0,1.284999967,8.259716988,1.85629797,0,1,0,1,7,0,0.223094642,0.140000001,0,0,0,0.000678764,0.949144629,-1
SYRIA,652,1956,5,0,0,0,1.317999959,8.285765648,1.85629797,0,1,0,1,7,0,0.223094642,0.140000001,0,0,0,0.000678764,0.949144629,-1
SYRIA,652,1957,5,0,0,0,1.475999951,8.312380791,1.85629797,0,1,0,1,7,0,0.223094642,0.140000001,0,0,0,0.000678764,0.949144629,-1
SYRIA,652,1958,5,0,0,0,1.447000027,8.339500427,1.85629797,0,1,0,0,7,0,0.223094642,0.140000001,.,.,.,0.000678764,0.949144629,-1
SYRIA,652,1959,5,0,0,0,1.495000005,8.367997169,1.85629797,0,1,0,0,.,.,0.223094642,0.140000001,.,.,.,0.000678764,0.949144629,-1
SYRIA,652,1960,5,0,0,0,.,.,1.85629797,0,1,0,0,.,.,0.223094642,0.140000001,.,.,.,0.000678764,0.949144629,-1
SYRIA,652,1961,5,0,0,0,1.575000048,8.425296783,1.85629797,0,1,0,.,.,.,0.223094642,0.140000001,0,0,0,0.000678764,0.949144629,-1
SYRIA,652,1962,5,0,0,0,1.605999947,8.456168175,1.85629797,0,1,0,0,-2,1,0.223094642,0.140000001,0,0,0,0.000678764,0.949144629,-1
SYRIA,652,1963,5,0,0,0,1.934999943,8.487146378,1.85629797,0,0,0,0,-2,1,0.223094642,0.140000001,0,0,0,0.000678764,0.949144629,-1
SYRIA,652,1964,5,0,0,0,1.58099997,8.518192291,1.85629797,0,0,0,1,-7,0,0.223094642,0.140000001,0,0,0,0.000678764,0.949144629,-1
SYRIA,652,1965,5,0,0,0,2.088999987,8.549273491,1.85629797,0,0,0,1,-7,0,0.223094642,0.140000001,0,0,0,0.000678764,0.949144629,-1
SYRIA,652,1966,5,0,0,0,2.010999918,8.58016777,1.85629797,0,0,0,1,-7,0,0.223094642,0.140000001,0,0,0,0.000678764,0.949144629,-1
SYRIA,652,1967,5,0,0,0,1.802999973,8.612503052,1.85629797,0,0,0,0,-7,0,0.223094642,0.140000001,0,0,0,0.000678764,0.949144629,-1
SYRIA,652,1968,5,0,0,0,1.947000027,8.644706726,1.85629797,0,0,0,0,-7,0,0.223094642,0.140000001,0,0,0,0.000678764,0.949144629,-1
SYRIA,652,1969,5,0,0,0,1.944000006,8.677098274,1.85629797,0,0,0,0,-7,0,0.223094642,0.140000001,0,0,0,0.000678764,0.949144629,-1
SYRIA,652,1970,5,0,0,0,2.311000109,8.709300041,1.85629797,0,0,0,0,-7,0,0.223094642,0.140000001,0,0,0,0.000678764,0.949144629,-1
SYRIA,652,1971,5,0,0,0,2.29399991,8.741616249,1.85629797,0,0,0,0,-9,0,0.223094642,0.140000001,1,1,1,0.000678764,0.949144629,-1
SYRIA,652,1972,5,0,0,0,2.467999935,8.777247429,1.85629797,0,1,0,0,-9,0,0.223094642,0.140000001,1,1,1,0.000678764,0.949144629,-1
SYRIA,652,1973,5,0,0,0,2.964999914,8.81269455,1.85629797,0,1,0,0,-9,0,0.223094642,0.140000001,1,1,1,0.000678764,0.949144629,-1
SYRIA,652,1974,5,0,0,0,2.539999962,8.847359657,1.85629797,0,1,0,0,-9,0,0.223094642,0.140000001,1,1,1,0.000678764,0.949144629,-1
SYRIA,652,1975,5,0,0,0,3.242000103,8.881280899,1.85629797,0,1,0,0,-9,0,0.223094642,0.140000001,1,1,1,0.000678764,0.949144629,-1
SYRIA,652,1976,5,0,0,0,3.690999985,8.914357185,1.85629797,0,1,0,0,-9,0,0.223094642,0.140000001,1,1,1,0.000678764,0.949144629,-1
SYRIA,652,1977,5,0,0,0,3.954999924,8.946374893,1.85629797,0,1,0,0,-9,0,0.223094642,0.140000001,1,1,1,0.000678764,0.949144629,-1
SYRIA,652,1978,5,0,0,0,4.020999908,8.977146149,1.85629797,0,1,0,0,-9,0,0.223094642,0.140000001,1,1,1,0.000678764,0.949144629,-1
SYRIA,652,1979,5,0,0,0,4.157999992,9.007489204,1.85629797,0,1,0,0,-9,0,0.223094642,0.140000001,1,1,1,0.000678764,0.949144629,-1
SYRIA,652,1980,5,0,0,0,4.15500021,9.038840294,1.85629797,0,1,0,0,-9,0,0.223094642,0.140000001,1,1,1,0.000678764,0.949144629,-1
SYRIA,652,1981,5,0,0,0,4.467000008,9.071537971,1.85629797,0,1,0,0,-9,0,0.223094642,0.140000001,1,1,1,0.000678764,0.949144629,-1
SYRIA,652,1982,5,0,0,0,4.664000034,9.104535103,1.85629797,0,1,0,0,-9,0,0.223094642,0.140000001,1,1,1,0.000678764,0.949144629,-1
SYRIA,652,1983,5,0,0,0,4.456999779,9.139703751,1.85629797,0,1,0,0,-9,0,0.223094642,0.140000001,1,1,1,0.000678764,0.949144629,-1
SYRIA,652,1984,5,0,0,0,4.322999954,9.174609184,1.85629797,0,1,0,0,-9,0,0.223094642,0.140000001,1,1,1,0.000678764,0.949144629,-1
SYRIA,652,1985,5,0,0,0,3.976000071,9.209640503,1.85629797,0,1,0,0,-9,0,0.223094642,0.140000001,1,1,1,0.000678764,0.949144629,-1
SYRIA,652,1986,5,0,0,0,4.239999771,9.244548798,1.85629797,0,1,0,0,-9,0,0.223094642,0.140000001,1,1,1,0.000678764,0.949144629,-1
SYRIA,652,1987,5,0,0,0,3.752000093,9.273690224,1.85629797,0,1,0,0,-9,0,0.223094642,0.140000001,1,1,1,0.000678764,0.949144629,-1
SYRIA,652,1988,5,0,0,0,3.878999949,9.302828789,1.85629797,0,1,0,0,-9,0,0.223094642,0.140000001,1,1,1,0.000678764,0.949144629,-1
SYRIA,652,1989,5,0,0,0,4.171999931,9.335915565,1.85629797,0,1,0,0,-9,0,0.223094642,0.140000001,1,1,1,0.000678764,0.949144629,-1
SYRIA,652,1990,5,0,0,0,3.720999956,9.368967056,1.85629797,0,1,0,0,-9,0,0.223094642,0.140000001,1,1,1,0.000678764,0.949144629,-1
SYRIA,652,1991,5,0,0,0,3.897000074,9.402281761,1.85629797,0,1,0,0,-9,0,0.223094642,0.140000001,1,1,1,0.000678764,0.949144629,-1
SYRIA,652,1992,5,0,0,0,3.993999958,9.435801506,1.85629797,0,1,0,0,-9,0,0.223094642,0.140000001,1,1,1,0.000678764,0.949144629,-1
SYRIA,652,1993,5,0,0,0,4.28000021,9.469622612,1.85629797,0,1,0,0,-9,0,0.223094642,0.140000001,1,1,1,0.000678764,0.949144629,-1
SYRIA,652,1994,5,0,0,0,4.399000168,9.49659729,1.85629797,0,1,0,0,-9,0,0.223094642,0.140000001,1,1,1,0.000678764,0.949144629,-1
SYRIA,652,1995,5,0,0,0,4.554999828,9.526158333,1.85629797,0,1,0,0,-9,0,0.223094642,0.140000001,1,1,1,0.000678764,0.949144629,-1
SYRIA,652,1996,5,0,0,0,4.724999905,9.55478096,1.85629797,0,1,0,0,-9,0,0.223094642,0.140000001,1,1,1,0.000678764,0.949144629,-1
SYRIA,652,1997,5,0,0,0,4.697999954,9.582317352,1.85629797,0,1,0,0,-9,0,0.223094642,0.140000001,1,1,1,0.000678764,0.949144629,-1
SYRIA,652,1998,5,0,0,0,4.755000114,9.608766556,1.85629797,0,1,0,0,-9,0,0.223094642,0.140000001,1,1,1,0.000678764,0.949144629,-1
SYRIA,652,1999,5,0,0,0,4.861999989,9.634128571,1.85629797,0,1,0,0,-9,0,0.223094642,0.140000001,1,1,1,0.000678764,0.949144629,-1
LEBANON,660,1946,5,0,0,0,1.473999977,7.206377506,4.062165737,0,0,1,0,2,1,0.134805143,0.25,1,1,1,0.784523812,0.784523812,1
LEBANON,660,1947,5,0,0,0,1.473999977,7.206377506,4.062165737,0,0,1,0,2,1,0.134805143,0.25,1,1,1,0.784523812,0.784523812,1
LEBANON,660,1948,5,0,0,0,1.513000011,7.221105099,4.062165737,0,0,0,0,2,1,0.134805143,0.25,1,1,1,0.784523812,0.784523812,1
LEBANON,660,1949,5,0,0,0,1.547999978,7.237778187,4.062165737,0,0,0,0,2,1,0.134805143,0.25,1,1,1,0.784523812,0.784523812,1
LEBANON,660,1950,5,0,0,0,1.580000043,7.255591393,4.062165737,0,0,0,0,2,1,0.134805143,0.25,1,1,1,0.784523812,0.784523812,1
LEBANON,660,1951,5,0,0,0,2.773000002,7.274479389,4.062165737,0,0,0,0,2,1,0.134805143,0.25,1,1,1,0.784523812,0.784523812,1
LEBANON,660,1952,5,0,0,0,2.299999952,7.293017864,4.062165737,0,0,0,0,2,1,0.134805143,0.25,1,1,1,0.784523812,0.784523812,1
LEBANON,660,1953,5,0,0,0,2.338000059,7.313220501,4.062165737,0,0,0,0,2,1,0.134805143,0.25,1,1,1,0.784523812,0.784523812,1
LEBANON,660,1954,5,0,0,0,2.278000116,7.335633755,4.062165737,0,0,0,0,2,1,0.134805143,0.25,1,1,1,0.784523812,0.784523812,1
LEBANON,660,1955,5,0,0,0,2.315999985,7.360104084,4.062165737,0,0,0,0,2,1,0.134805143,0.25,1,1,1,0.784523812,0.784523812,1
LEBANON,660,1956,5,0,0,0,2.069000006,7.385850906,4.062165737,0,0,0,0,2,1,0.134805143,0.25,1,1,1,0.784523812,0.784523812,1
LEBANON,660,1957,5,0,0,0,2.437000036,7.412764072,4.062165737,0,0,0,0,2,1,0.134805143,0.25,1,1,1,0.784523812,0.784523812,1
LEBANON,660,1958,5,1,1,0,2.529999971,7.440146446,4.062165737,0,0,0,0,2,1,0.134805143,0.25,1,1,1,0.784523812,0.784523812,1
LEBANON,660,1959,5,0,0,1,2.377000093,7.468513489,4.062165737,0,0,0,0,2,1,0.134805143,0.25,1,1,1,0.784523812,0.784523812,1
LEBANON,660,1960,5,0,0,0,2.638000011,7.497207165,4.062165737,0,0,0,0,2,1,0.134805143,0.25,1,1,1,0.784523812,0.784523812,1
LEBANON,660,1961,5,0,0,0,2.673000097,7.526717663,4.062165737,0,0,0,0,2,1,0.134805143,0.25,1,1,1,0.784523812,0.784523812,1
LEBANON,660,1962,5,0,0,0,2.719000101,7.556427956,4.062165737,0,0,0,0,2,1,0.134805143,0.25,1,1,1,0.784523812,0.784523812,1
LEBANON,660,1963,5,0,0,0,2.868999958,7.585788727,4.062165737,0,0,0,0,2,1,0.134805143,0.25,1,1,1,0.784523812,0.784523812,1
LEBANON,660,1964,5,0,0,0,3.000999928,7.615298271,4.062165737,0,0,0,0,2,1,0.134805143,0.25,1,1,1,0.784523812,0.784523812,1
LEBANON,660,1965,5,0,0,0,3.196000099,7.644919395,4.062165737,0,0,0,0,2,1,0.134805143,0.25,1,1,1,0.784523812,0.784523812,1
LEBANON,660,1966,5,0,0,0,3.489000082,7.673687935,4.062165737,0,0,0,0,2,1,0.134805143,0.25,1,1,1,0.784523812,0.784523812,1
LEBANON,660,1967,5,0,0,0,3.102999926,7.701200008,4.062165737,0,0,0,0,2,1,0.134805143,0.25,1,1,1,0.784523812,0.784523812,1
LEBANON,660,1968,5,0,0,0,3.082000017,7.730175018,4.062165737,0,0,0,0,2,1,0.134805143,0.25,1,1,1,0.784523812,0.784523812,1
LEBANON,660,1969,5,0,0,0,3.194999933,7.757906437,4.062165737,0,0,0,0,2,1,0.134805143,0.25,1,1,1,0.784523812,0.784523812,1
LEBANON,660,1970,5,0,0,0,3.421999931,7.784889221,4.062165737,0,0,0,0,2,1,0.134805143,0.25,1,1,1,0.784523812,0.784523812,1
LEBANON,660,1971,5,0,0,0,3.352999926,7.81156826,4.062165737,0,0,0,1,5,1,0.134805143,0.25,1,1,1,0.784523812,0.784523812,1
LEBANON,660,1972,5,0,0,0,3.246999979,7.837554455,4.062165737,0,0,0,1,5,1,0.134805143,0.25,1,1,1,0.784523812,0.784523812,1
LEBANON,660,1973,5,0,0,0,3.335999966,7.862882137,4.062165737,0,0,0,1,5,1,0.134805143,0.25,1,1,1,0.784523812,0.784523812,1
LEBANON,660,1974,5,0,0,0,3.811000109,7.887584209,4.062165737,0,0,0,0,5,1,0.134805143,0.25,1,1,1,0.784523812,0.784523812,1
LEBANON,660,1975,5,1,2,0,3.789999962,7.912423134,4.062165737,0,0,0,0,5,1,0.134805143,0.25,1,1,1,0.784523812,0.784523812,1
LEBANON,660,1976,5,0,0,1,3.428999901,7.937017441,4.062165737,0,0,0,1,0,1,0.134805143,0.25,1,1,1,0.784523812,0.784523812,1
LEBANON,660,1977,5,0,0,1,3.318000078,7.92551899,4.062165737,0,0,0,1,0,1,0.134805143,0.25,1,1,1,0.784523812,0.784523812,1
LEBANON,660,1978,5,0,0,1,3.147000074,7.927685261,4.062165737,0,0,0,1,0,1,0.134805143,0.25,1,1,1,0.784523812,0.784523812,1
LEBANON,660,1979,5,0,0,1,3.209000111,7.921898365,4.062165737,0,0,0,1,0,1,0.134805143,0.25,1,1,1,0.784523812,0.784523812,1
LEBANON,660,1980,5,0,0,1,3.25999999,7.911324024,4.062165737,0,0,0,1,0,1,0.134805143,0.25,1,1,1,0.784523812,0.784523812,1
LEBANON,660,1981,5,0,0,1,3.299000025,7.899524689,4.062165737,0,0,0,1,0,1,0.134805143,0.25,1,1,1,0.784523812,0.784523812,1
LEBANON,660,1982,5,0,0,1,3.301000118,7.882314682,4.062165737,0,0,0,1,0,1,0.134805143,0.25,1,1,1,0.784523812,0.784523812,1
LEBANON,660,1983,5,0,0,1,2.523999929,7.87739706,4.062165737,0,0,0,1,0,1,0.134805143,0.25,1,1,1,0.784523812,0.784523812,1
LEBANON,660,1984,5,0,0,1,3.207999945,7.876638412,4.062165737,0,0,0,1,0,1,0.134805143,0.25,1,1,1,0.784523812,0.784523812,1
LEBANON,660,1985,5,0,0,1,3.493999958,7.880048275,4.062165737,0,0,0,1,0,1,0.134805143,0.25,1,1,1,0.784523812,0.784523812,1
LEBANON,660,1986,5,0,0,1,4.184999943,7.889833927,4.062165737,0,0,0,1,0,1,0.134805143,0.25,1,1,1,0.784523812,0.784523812,1
LEBANON,660,1987,5,0,0,1,4.201000214,7.889833927,4.062165737,0,0,0,1,0,1,0.134805143,0.25,1,1,1,0.784523812,0.784523812,1
LEBANON,660,1988,5,0,0,1,4.199999809,7.893571854,4.062165737,0,0,0,1,0,1,0.134805143,0.25,1,1,1,0.784523812,0.784523812,1
LEBANON,660,1989,5,0,0,1,4.052999973,7.897296429,4.062165737,0,0,0,1,0,1,0.134805143,0.25,1,1,1,0.784523812,0.784523812,1
LEBANON,660,1990,5,0,0,1,4.195000172,7.904704094,4.062165737,0,0,0,0,0,1,0.134805143,0.25,1,1,1,0.784523812,0.784523812,1
LEBANON,660,1991,5,0,0,1,4.184000015,7.91571331,4.062165737,0,0,0,0,.,.,0.134805143,0.25,1,1,1,0.784523812,0.784523812,1
LEBANON,660,1992,5,0,0,0,4.143000126,7.930206299,4.062165737,0,0,0,0,.,.,0.134805143,0.25,1,1,1,0.784523812,0.784523812,1
LEBANON,660,1993,5,0,0,0,.,7.951559544,4.062165737,0,0,0,0,.,.,0.134805143,0.25,1,1,1,0.784523812,0.784523812,1
LEBANON,660,1994,5,0,0,0,.,8.257144928,4.062165737,0,0,0,0,.,.,0.134805143,0.25,1,1,1,0.784523812,0.784523812,1
LEBANON,660,1995,5,0,0,0,.,8.27632618,4.062165737,0,0,0,0,.,.,0.134805143,0.25,1,1,1,0.784523812,0.784523812,1
LEBANON,660,1996,5,0,0,0,.,8.295298576,4.062165737,0,0,0,0,.,.,0.134805143,0.25,1,1,1,0.784523812,0.784523812,1
LEBANON,660,1997,5,0,0,0,.,8.313118935,4.062165737,0,0,0,0,.,.,0.134805143,0.25,1,1,1,0.784523812,0.784523812,1
LEBANON,660,1998,5,0,0,0,.,8.329786301,4.062165737,0,0,0,0,.,.,0.134805143,0.25,1,1,1,0.784523812,0.784523812,1
LEBANON,660,1999,5,0,0,0,.,8.345298767,4.062165737,0,0,0,0,.,.,0.134805143,0.25,1,1,1,0.784523812,0.784523812,1
JORDAN,663,1946,5,0,0,0,0.444999993,6.98933506,2.721295357,0,0,1,0,-10,0,0.046628594,0.400000006,1,1,1,0.69538131,0.69538131,1
JORDAN,663,1947,5,0,0,0,0.444999993,6.98933506,2.721295357,0,0,1,0,-10,0,0.046628594,0.400000006,1,1,1,0.69538131,0.69538131,1
JORDAN,663,1948,5,0,0,0,0.488000005,7.037027836,2.721295357,0,0,0,0,-10,0,0.046628594,0.400000006,1,1,1,0.69538131,0.69538131,1
JORDAN,663,1949,5,0,0,0,0.531000018,7.058758259,2.721295357,0,0,0,0,-10,0,0.046628594,0.400000006,1,1,1,0.69538131,0.69538131,1
JORDAN,663,1950,5,0,0,0,0.591000021,7.089242935,2.721295357,0,0,0,0,-10,0,0.046628594,0.400000006,1,1,1,0.69538131,0.69538131,1
JORDAN,663,1951,5,0,0,0,0.643999994,7.036148548,2.721295357,0,0,0,0,-10,0,0.046628594,0.400000006,1,1,1,0.69538131,0.69538131,1
JORDAN,663,1952,5,0,0,0,0.611000001,7.151485443,2.721295357,0,0,0,1,-4,1,0.046628594,0.400000006,1,1,1,0.69538131,0.69538131,1
JORDAN,663,1953,5,0,0,0,0.658999979,7.182352066,2.721295357,0,0,0,1,-1,1,0.046628594,0.400000006,1,1,1,0.69538131,0.69538131,1
JORDAN,663,1954,5,0,0,0,0.693000019,7.215240002,2.721295357,0,0,0,1,-1,1,0.046628594,0.400000006,1,1,1,0.69538131,0.69538131,1
JORDAN,663,1955,5,0,0,0,0.762000024,7.247792721,2.721295357,0,0,0,1,-1,1,0.046628594,0.400000006,1,1,1,0.69538131,0.69538131,1
JORDAN,663,1956,5,0,0,0,0.649999976,7.277247906,2.721295357,0,0,0,0,-1,1,0.046628594,0.400000006,1,1,1,0.69538131,0.69538131,1
JORDAN,663,1957,5,0,0,0,0.856999993,7.311218262,2.721295357,0,0,0,0,-1,1,0.046628594,0.400000006,1,1,1,0.69538131,0.69538131,1
JORDAN,663,1958,5,0,0,0,0.853999972,7.343426228,2.721295357,0,0,0,1,-9,0,0.046628594,0.400000006,1,1,1,0.69538131,0.69538131,1
JORDAN,663,1959,5,0,0,0,0.933000028,7.375255585,2.721295357,0,0,0,1,-9,0,0.046628594,0.400000006,1,1,1,0.69538131,0.69538131,1
JORDAN,663,1960,5,0,0,0,1.136999965,7.405495644,2.721295357,0,0,0,1,-9,0,0.046628594,0.400000006,1,1,1,0.69538131,0.69538131,1
JORDAN,663,1961,5,0,0,0,1.161999941,7.435438156,2.721295357,0,0,0,0,-9,0,0.046628594,0.400000006,1,1,1,0.69538131,0.69538131,1
JORDAN,663,1962,5,0,0,0,1.309000015,7.464509964,2.721295357,0,0,0,0,-9,0,0.046628594,0.400000006,1,1,1,0.69538131,0.69538131,1
JORDAN,663,1963,5,0,0,0,1.305999994,7.493874073,2.721295357,0,0,0,0,-9,0,0.046628594,0.400000006,1,1,1,0.69538131,0.69538131,1
JORDAN,663,1964,5,0,0,0,1.376999974,7.522941113,2.721295357,0,0,0,0,-9,0,0.046628594,0.400000006,1,1,1,0.69538131,0.69538131,1
JORDAN,663,1965,5,0,0,0,1.488000035,7.552237511,2.721295357,0,0,0,0,-9,0,0.046628594,0.400000006,1,1,1,0.69538131,0.69538131,1
JORDAN,663,1966,5,0,0,0,1.603999972,7.581719875,2.721295357,0,0,0,0,-9,0,0.046628594,0.400000006,1,1,1,0.69538131,0.69538131,1
JORDAN,663,1967,5,0,0,0,1.644000053,7.613325119,2.721295357,0,0,0,0,-9,0,0.046628594,0.400000006,1,1,1,0.69538131,0.69538131,1
JORDAN,663,1968,5,0,0,0,1.72300005,7.644919395,2.721295357,0,0,0,0,-9,0,0.046628594,0.400000006,1,1,1,0.69538131,0.69538131,1
JORDAN,663,1969,5,0,0,0,1.654999971,7.676937103,2.721295357,0,0,0,0,-9,0,0.046628594,0.400000006,1,1,1,0.69538131,0.69538131,1
JORDAN,663,1970,5,1,2,0,1.677999973,7.70841074,2.721295357,0,0,0,0,-9,0,0.046628594,0.400000006,1,1,1,0.69538131,0.69538131,1
JORDAN,663,1971,5,0,0,1,1.422000051,7.740229607,2.721295357,0,0,0,0,-9,0,0.046628594,0.400000006,1,1,1,0.69538131,0.69538131,1
JORDAN,663,1972,5,0,0,0,2.063999891,7.361375332,2.721295357,0,0,0,0,-9,0,0.046628594,0.400000006,1,1,1,0.69538131,0.69538131,1
JORDAN,663,1973,5,0,0,0,2.173000097,7.398786068,2.721295357,0,0,0,0,-9,0,0.046628594,0.400000006,1,1,1,0.69538131,0.69538131,1
JORDAN,663,1974,5,0,0,0,2.053999901,7.432483673,2.721295357,0,0,0,0,-9,0,0.046628594,0.400000006,1,1,1,0.69538131,0.69538131,1
JORDAN,663,1975,5,0,0,0,1.973999977,7.466227531,2.721295357,0,0,0,0,-10,0,0.046628594,0.400000006,1,1,1,0.69538131,0.69538131,1
JORDAN,663,1976,5,0,0,0,2.092999935,7.501081944,2.721295357,0,0,0,0,-10,0,0.046628594,0.400000006,1,1,1,0.69538131,0.69538131,1
JORDAN,663,1977,5,0,0,0,2.513999939,7.536897182,2.721295357,0,0,0,0,-10,0,0.046628594,0.400000006,1,1,1,0.69538131,0.69538131,1
JORDAN,663,1978,5,0,0,0,2.726000071,7.574045181,2.721295357,0,0,0,0,-10,0,0.046628594,0.400000006,1,1,1,0.69538131,0.69538131,1
JORDAN,663,1979,5,0,0,0,3.108999968,7.612336636,2.721295357,0,0,0,0,-10,0,0.046628594,0.400000006,1,1,1,0.69538131,0.69538131,1
JORDAN,663,1980,5,0,0,0,3.219000101,7.650168896,2.721295357,0,0,0,0,-10,0,0.046628594,0.400000006,1,1,1,0.69538131,0.69538131,1
JORDAN,663,1981,5,0,0,0,3.384000063,7.687538624,2.721295357,0,0,0,0,-10,0,0.046628594,0.400000006,1,1,1,0.69538131,0.69538131,1
JORDAN,663,1982,5,0,0,0,3.727999926,7.725329876,2.721295357,0,0,0,0,-10,0,0.046628594,0.400000006,1,1,1,0.69538131,0.69538131,1
JORDAN,663,1983,5,0,0,0,3.936000109,7.763446331,2.721295357,0,0,0,0,-10,0,0.046628594,0.400000006,1,1,1,0.69538131,0.69538131,1
JORDAN,663,1984,5,0,0,0,3.595000029,7.802209377,2.721295357,0,0,0,0,-10,0,0.046628594,0.400000006,1,1,1,0.69538131,0.69538131,1
JORDAN,663,1985,5,0,0,0,3.542999983,7.841099739,2.721295357,0,0,0,0,-9,0,0.046628594,0.400000006,1,1,1,0.69538131,0.69538131,1
JORDAN,663,1986,5,0,0,0,3.561000109,7.880048275,2.721295357,0,0,0,0,-9,0,0.046628594,0.400000006,1,1,1,0.69538131,0.69538131,1
JORDAN,663,1987,5,0,0,0,3.789000034,7.917171955,2.721295357,0,0,0,0,-9,0,0.046628594,0.400000006,1,1,1,0.69538131,0.69538131,1
JORDAN,663,1988,5,0,0,0,3.648999929,7.953669548,2.721295357,0,0,0,0,-9,0,0.046628594,0.400000006,1,1,1,0.69538131,0.69538131,1
JORDAN,663,1989,5,0,0,0,3.512000084,7.988882065,2.721295357,0,0,0,0,-9,0,0.046628594,0.400000006,1,1,1,0.69538131,0.69538131,1
JORDAN,663,1990,5,0,0,0,2.993000031,8.024862289,2.721295357,0,0,0,1,-4,1,0.046628594,0.400000006,1,1,1,0.69538131,0.69538131,1
JORDAN,663,1991,5,0,0,0,2.91899991,8.094988823,2.721295357,0,0,0,1,-4,1,0.046628594,0.400000006,1,1,1,0.69538131,0.69538131,1
JORDAN,663,1992,5,0,0,0,2.657999992,8.329658508,2.721295357,0,0,0,1,-4,1,0.046628594,0.400000006,1,1,1,0.69538131,0.69538131,1
JORDAN,663,1993,5,0,0,0,2.999000072,8.364042282,2.721295357,0,0,0,0,-2,1,0.046628594,0.400000006,1,1,1,0.69538131,0.69538131,1
JORDAN,663,1994,5,0,0,0,2.999000072,8.270251274,2.721295357,0,0,0,0,-2,1,0.046628594,0.400000006,1,1,1,0.69538131,0.69538131,1
JORDAN,663,1995,5,0,0,0,3.028000116,8.309144974,2.721295357,0,0,0,0,-2,1,0.046628594,0.400000006,1,1,1,0.69538131,0.69538131,1
JORDAN,663,1996,5,0,0,0,3.118999958,8.341649055,2.721295357,0,0,0,0,-2,1,0.046628594,0.400000006,1,1,1,0.69538131,0.69538131,1
JORDAN,663,1997,5,0,0,0,3.088000059,8.369673729,2.721295357,0,0,0,0,-2,1,0.046628594,0.400000006,1,1,1,0.69538131,0.69538131,1
JORDAN,663,1998,5,0,0,0,3.086999893,8.397697449,2.721295357,0,0,0,0,-2,1,0.046628594,0.400000006,1,1,1,0.69538131,0.69538131,1
JORDAN,663,1999,5,0,0,0,3.082999945,8.425722122,2.721295357,0,0,0,0,-2,1,0.046628594,0.400000006,1,1,1,0.69538131,0.69538131,1
ISRAEL,666,1948,5,0,0,0,.,6.575075626,0.993251801,0,0,1,0,10,0,0.199137568,0.216999993,0,0,0,0.039905363,0.039905363,0
ISRAEL,666,1949,5,0,0,0,.,6.575075626,0.993251801,0,0,1,0,10,0,0.199137568,0.216999993,0,0,0,0.039905363,0.039905363,0
ISRAEL,666,1950,5,0,0,0,2.144999981,6.97166872,0.993251801,0,0,0,0,10,0,0.199137568,0.216999993,0,0,0,0.039905363,0.039905363,0
ISRAEL,666,1951,5,0,0,0,2.312000036,7.137278557,0.993251801,0,0,0,0,10,0,0.199137568,0.216999993,0,0,0,0.039905363,0.039905363,0
ISRAEL,666,1952,5,0,0,0,2.398000002,7.323830605,0.993251801,0,0,0,0,10,0,0.199137568,0.216999993,0,0,0,0.039905363,0.039905363,0
ISRAEL,666,1953,5,0,0,0,2.654000044,7.382124424,0.993251801,0,0,0,0,10,0,0.199137568,0.216999993,0,0,0,0.039905363,0.039905363,0
ISRAEL,666,1954,5,0,0,0,2.361999989,7.347299576,0.993251801,0,0,0,0,10,0,0.199137568,0.216999993,0,0,0,0.039905363,0.039905363,0
ISRAEL,666,1955,5,0,0,0,2.607000113,7.408530712,0.993251801,0,0,0,0,10,0,0.199137568,0.216999993,0,0,0,0.039905363,0.039905363,0
ISRAEL,666,1956,5,0,0,0,2.809999943,7.466227531,0.993251801,0,0,0,0,10,0,0.199137568,0.216999993,0,0,0,0.039905363,0.039905363,0
ISRAEL,666,1957,5,0,0,0,2.947999954,7.507141113,0.993251801,0,0,0,0,10,0,0.199137568,0.216999993,0,0,0,0.039905363,0.039905363,0
ISRAEL,666,1958,5,0,0,0,3.046000004,7.546446323,0.993251801,0,0,0,0,10,0,0.199137568,0.216999993,0,0,0,0.039905363,0.039905363,0
ISRAEL,666,1959,5,0,0,0,3.144999981,7.584773064,0.993251801,0,0,0,0,10,0,0.199137568,0.216999993,0,0,0,0.039905363,0.039905363,0
ISRAEL,666,1960,5,0,0,0,3.375999928,7.621195316,0.993251801,0,0,0,0,10,0,0.199137568,0.216999993,0,0,0,0.039905363,0.039905363,0
ISRAEL,666,1961,5,0,0,0,3.476999998,7.656337261,0.993251801,0,0,0,0,10,0,0.199137568,0.216999993,0,0,0,0.039905363,0.039905363,0
ISRAEL,666,1962,5,0,0,0,3.780999899,7.689371109,0.993251801,0,0,0,0,10,0,0.199137568,0.216999993,0,0,0,0.039905363,0.039905363,0
ISRAEL,666,1963,5,0,0,0,3.974999905,7.737616062,0.993251801,0,0,0,0,10,0,0.199137568,0.216999993,0,0,0,0.039905363,0.039905363,0
ISRAEL,666,1964,5,0,0,0,4.184999943,7.77443552,0.993251801,0,0,0,0,10,0,0.199137568,0.216999993,0,0,0,0.039905363,0.039905363,0
ISRAEL,666,1965,5,0,0,0,4.445000172,7.813995838,0.993251801,0,0,0,0,10,0,0.199137568,0.216999993,0,0,0,0.039905363,0.039905363,0
ISRAEL,666,1966,5,0,0,0,4.644000053,7.848933697,0.993251801,0,0,0,0,10,0,0.199137568,0.216999993,0,0,0,0.039905363,0.039905363,0
ISRAEL,666,1967,5,0,0,0,4.527999878,7.874358654,0.993251801,0,0,0,0,10,0,0.199137568,0.216999993,0,0,0,0.039905363,0.039905363,0
ISRAEL,666,1968,5,0,0,0,4.493999958,7.917536259,0.993251801,0,0,0,0,9,0,0.199137568,0.216999993,0,0,0,0.039905363,0.039905363,0
ISRAEL,666,1969,5,0,0,0,5.120999813,7.938445568,0.993251801,0,0,0,0,9,0,0.199137568,0.216999993,0,0,0,0.039905363,0.039905363,0
ISRAEL,666,1970,5,0,0,0,5.701000214,7.964503288,0.993251801,0,0,0,0,9,0,0.199137568,0.216999993,0,0,0,0.039905363,0.039905363,0
ISRAEL,666,1971,5,0,0,0,6.004000187,7.997663021,0.993251801,0,0,0,0,9,0,0.199137568,0.216999993,0,0,0,0.039905363,0.039905363,0
ISRAEL,666,1972,5,0,0,0,6.456999779,8.029107094,0.993251801,0,0,0,0,9,0,0.199137568,0.216999993,0,0,0,0.039905363,0.039905363,0
ISRAEL,666,1973,5,0,0,0,7.125999928,8.054522514,0.993251801,0,0,0,0,9,0,0.199137568,0.216999993,0,0,0,0.039905363,0.039905363,0
ISRAEL,666,1974,5,0,0,0,7.156000137,8.094988823,0.993251801,0,0,0,0,9,0,0.199137568,0.216999993,0,0,0,0.039905363,0.039905363,0
ISRAEL,666,1975,5,0,0,0,7.399000168,8.124743462,0.993251801,0,0,0,0,9,0,0.199137568,0.216999993,0,0,0,0.039905363,0.039905363,0
ISRAEL,666,1976,5,0,0,0,7.493999958,8.147577286,0.993251801,0,0,0,0,9,0,0.199137568,0.216999993,0,0,0,0.039905363,0.039905363,0
ISRAEL,666,1977,5,0,0,0,7.355000019,8.169902802,0.993251801,0,0,0,0,9,0,0.199137568,0.216999993,0,0,0,0.039905363,0.039905363,0
ISRAEL,666,1978,5,0,0,0,7.129000187,8.192294121,0.993251801,0,0,0,0,9,0,0.199137568,0.216999993,0,0,0,0.039905363,0.039905363,0
ISRAEL,666,1979,5,0,0,0,7.322999954,8.213381767,0.993251801,0,0,0,0,9,0,0.199137568,0.216999993,0,0,0,0.039905363,0.039905363,0
ISRAEL,666,1980,5,0,0,0,7.55700016,8.23906517,0.993251801,0,0,0,0,9,0,0.199137568,0.216999993,0,0,0,0.039905363,0.039905363,0
ISRAEL,666,1981,5,0,0,0,7.894999981,8.263074875,0.993251801,0,0,0,0,9,0,0.199137568,0.216999993,0,0,0,0.039905363,0.039905363,0
ISRAEL,666,1982,5,0,0,0,8.130999565,8.282988548,0.993251801,0,0,0,0,9,0,0.199137568,0.216999993,0,0,0,0.039905363,0.039905363,0
ISRAEL,666,1983,5,0,0,0,8.126999855,8.30177021,0.993251801,0,0,0,0,9,0,0.199137568,0.216999993,0,0,0,0.039905363,0.039905363,0
ISRAEL,666,1984,5,0,0,0,8.258999825,8.319960594,0.993251801,0,0,0,0,9,0,0.199137568,0.216999993,0,0,0,0.039905363,0.039905363,0
ISRAEL,666,1985,5,0,0,0,8.197999954,8.333029747,0.993251801,0,0,0,0,9,0,0.199137568,0.216999993,0,0,0,0.039905363,0.039905363,0
ISRAEL,666,1986,5,0,0,0,8.31000042,8.350666046,0.993251801,0,0,0,0,9,0,0.199137568,0.216999993,0,0,0,0.039905363,0.039905363,0
ISRAEL,666,1987,5,0,0,0,8.559000015,8.366137505,0.993251801,0,0,0,0,9,0,0.199137568,0.216999993,0,0,0,0.039905363,0.039905363,0
ISRAEL,666,1988,5,0,0,0,9.038999557,8.382289886,0.993251801,0,0,0,0,9,0,0.199137568,0.216999993,0,0,0,0.039905363,0.039905363,0
ISRAEL,666,1989,5,0,0,0,9.069999695,8.398859978,0.993251801,0,0,0,0,9,0,0.199137568,0.216999993,0,0,0,0.039905363,0.039905363,0
ISRAEL,666,1990,5,0,0,0,8.960000038,8.41582489,0.993251801,0,0,0,0,9,0,0.199137568,0.216999993,0,0,0,0.039905363,0.039905363,0
ISRAEL,666,1991,5,0,0,0,9.298000336,8.446770668,0.993251801,0,0,0,0,9,0,0.199137568,0.216999993,0,0,0,0.039905363,0.039905363,0
ISRAEL,666,1992,5,0,0,0,9.524000168,8.506334305,0.993251801,0,0,0,0,9,0,0.199137568,0.216999993,0,0,0,0.039905363,0.039905363,0
ISRAEL,666,1993,5,0,0,0,9.843000412,8.540518761,0.993251801,0,0,0,0,9,0,0.199137568,0.216999993,0,0,0,0.039905363,0.039905363,0
ISRAEL,666,1994,5,0,0,0,10.11699963,8.568076134,0.993251801,0,0,0,0,9,0,0.199137568,0.216999993,0,0,0,0.039905363,0.039905363,0
ISRAEL,666,1995,5,0,0,0,10.54199982,8.593969345,0.993251801,0,0,0,0,9,0,0.199137568,0.216999993,0,0,0,0.039905363,0.039905363,0
ISRAEL,666,1996,5,0,0,0,10.98400021,8.620652199,0.993251801,0,0,0,0,9,0,0.199137568,0.216999993,0,0,0,0.039905363,0.039905363,0
ISRAEL,666,1997,5,0,0,0,11.24100018,8.646817207,0.993251801,0,0,0,0,9,0,0.199137568,0.216999993,0,0,0,0.039905363,0.039905363,0
ISRAEL,666,1998,5,0,0,0,11.31700039,8.671800613,0.993251801,0,0,0,0,9,0,0.199137568,0.216999993,0,0,0,0.039905363,0.039905363,0
ISRAEL,666,1999,5,0,0,0,11.36699963,8.694680214,0.993251801,0,0,0,0,9,0,0.199137568,0.216999993,0,0,0,0.039905363,0.039905363,0
SAUDI ARABIA,670,1945,5,0,0,0,.,8.183117867,2.525728703,0,1,0,0,-10,0,0.058579504,0.059999999,0,0,0,0.000301104,0.000301104,0
SAUDI ARABIA,670,1946,5,0,0,0,.,8.183117867,2.525728703,0,1,0,0,-10,0,0.058579504,0.059999999,0,0,0,0.000301104,0.000301104,0
SAUDI ARABIA,670,1947,5,0,0,0,2.154000044,8.201660156,2.525728703,0,1,0,0,-10,0,0.058579504,0.059999999,0,0,0,0.000301104,0.000301104,0
SAUDI ARABIA,670,1948,5,0,0,0,2.400000095,8.219326019,2.525728703,0,1,0,0,-10,0,0.058579504,0.059999999,0,0,0,0.000301104,0.000301104,0
SAUDI ARABIA,670,1949,5,0,0,0,2.338999987,8.237215042,2.525728703,0,1,0,0,-10,0,0.058579504,0.059999999,0,0,0,0.000301104,0.000301104,0
SAUDI ARABIA,670,1950,5,0,0,0,2.378000021,8.254528999,2.525728703,0,1,0,0,-10,0,0.058579504,0.059999999,0,0,0,0.000301104,0.000301104,0
SAUDI ARABIA,670,1951,5,0,0,0,2.378999949,8.272826195,2.525728703,0,1,0,0,-10,0,0.058579504,0.059999999,0,0,0,0.000301104,0.000301104,0
SAUDI ARABIA,670,1952,5,0,0,0,3.522000074,8.291296005,2.525728703,0,1,0,0,-10,0,0.058579504,0.059999999,0,0,0,0.000301104,0.000301104,0
SAUDI ARABIA,670,1953,5,0,0,0,3.203000069,8.309923172,2.525728703,0,1,0,0,-10,0,0.058579504,0.059999999,0,0,0,0.000301104,0.000301104,0
SAUDI ARABIA,670,1954,5,0,0,0,3.10800004,8.328692436,2.525728703,0,1,0,0,-10,0,0.058579504,0.059999999,0,0,0,0.000301104,0.000301104,0
SAUDI ARABIA,670,1955,5,0,0,0,3.845999956,8.347826958,2.525728703,0,1,0,0,-10,0,0.058579504,0.059999999,0,0,0,0.000301104,0.000301104,0
SAUDI ARABIA,670,1956,5,0,0,0,3.690999985,8.36753273,2.525728703,0,1,0,0,-10,0,0.058579504,0.059999999,0,0,0,0.000301104,0.000301104,0
SAUDI ARABIA,670,1957,5,0,0,0,2.99000001,8.387539864,2.525728703,0,1,0,0,-10,0,0.058579504,0.059999999,0,0,0,0.000301104,0.000301104,0
SAUDI ARABIA,670,1958,5,0,0,0,3.086999893,8.408270836,2.525728703,0,1,0,0,-10,0,0.058579504,0.059999999,0,0,0,0.000301104,0.000301104,0
SAUDI ARABIA,670,1959,5,0,0,0,3.507999897,8.42945385,2.525728703,0,1,0,0,-10,0,0.058579504,0.059999999,0,0,0,0.000301104,0.000301104,0
SAUDI ARABIA,670,1960,5,0,0,0,4.446000099,8.451267242,2.525728703,0,1,0,0,-10,0,0.058579504,0.059999999,0,0,0,0.000301104,0.000301104,0
SAUDI ARABIA,670,1961,5,0,0,0,3.884000063,8.312625885,2.525728703,0,1,0,0,-10,0,0.058579504,0.059999999,0,0,0,0.000301104,0.000301104,0
SAUDI ARABIA,670,1962,5,0,0,0,4.255000114,8.34498024,2.525728703,0,1,0,0,-10,0,0.058579504,0.059999999,0,0,0,0.000301104,0.000301104,0
SAUDI ARABIA,670,1963,5,0,0,0,4.335999966,8.37747097,2.525728703,0,1,0,0,-10,0,0.058579504,0.059999999,0,0,0,0.000301104,0.000301104,0
SAUDI ARABIA,670,1964,5,0,0,0,4.837999821,8.410053253,2.525728703,0,1,0,0,-10,0,0.058579504,0.059999999,0,0,0,0.000301104,0.000301104,0
SAUDI ARABIA,670,1965,5,0,0,0,5.397999763,8.442469597,2.525728703,0,1,0,0,-10,0,0.058579504,0.059999999,0,0,0,0.000301104,0.000301104,0
SAUDI ARABIA,670,1966,5,0,0,0,5.991000175,8.47491169,2.525728703,0,1,0,0,-10,0,0.058579504,0.059999999,0,0,0,0.000301104,0.000301104,0
SAUDI ARABIA,670,1967,5,0,0,0,6.460999966,8.511175156,2.525728703,0,1,0,0,-10,0,0.058579504,0.059999999,0,0,0,0.000301104,0.000301104,0
SAUDI ARABIA,670,1968,5,0,0,0,6.613999844,8.547334671,2.525728703,0,1,0,0,-10,0,0.058579504,0.059999999,0,0,0,0.000301104,0.000301104,0
SAUDI ARABIA,670,1969,5,0,0,0,6.922999859,8.583542824,2.525728703,0,1,0,0,-10,0,0.058579504,0.059999999,0,0,0,0.000301104,0.000301104,0
SAUDI ARABIA,670,1970,5,0,0,0,7.151000023,8.619930267,2.525728703,0,1,0,0,-10,0,0.058579504,0.059999999,0,0,0,0.000301104,0.000301104,0
SAUDI ARABIA,670,1971,5,0,0,0,7.837999821,8.656085014,2.525728703,0,1,0,0,-10,0,0.058579504,0.059999999,0,0,0,0.000301104,0.000301104,0
SAUDI ARABIA,670,1972,5,0,0,0,8.755999565,8.699014664,2.525728703,0,1,0,0,-10,0,0.058579504,0.059999999,0,0,0,0.000301104,0.000301104,0
SAUDI ARABIA,670,1973,5,0,0,0,9.972000122,8.744328499,2.525728703,0,1,0,0,-10,0,0.058579504,0.059999999,0,0,0,0.000301104,0.000301104,0
SAUDI ARABIA,670,1974,5,0,0,0,11.44499969,8.791638374,2.525728703,0,1,0,0,-10,0,0.058579504,0.059999999,0,0,0,0.000301104,0.000301104,0
SAUDI ARABIA,670,1975,5,0,0,0,12.8039999,8.840001106,2.525728703,0,1,0,0,-10,0,0.058579504,0.059999999,0,0,0,0.000301104,0.000301104,0
SAUDI ARABIA,670,1976,5,0,0,0,11.71399975,8.888895035,2.525728703,0,1,0,0,-10,0,0.058579504,0.059999999,0,0,0,0.000301104,0.000301104,0
SAUDI ARABIA,670,1977,5,0,0,0,11.67700005,8.938138008,2.525728703,0,1,0,0,-10,0,0.058579504,0.059999999,0,0,0,0.000301104,0.000301104,0
SAUDI ARABIA,670,1978,5,0,0,0,12.5539999,8.987196922,2.525728703,0,1,0,0,-10,0,0.058579504,0.059999999,0,0,0,0.000301104,0.000301104,0
SAUDI ARABIA,670,1979,5,0,0,0,12.51200008,9.037177086,2.525728703,0,1,0,0,-10,0,0.058579504,0.059999999,0,0,0,0.000301104,0.000301104,0
SAUDI ARABIA,670,1980,5,0,0,0,13.13300037,9.089866638,2.525728703,0,1,0,0,-10,0,0.058579504,0.059999999,0,0,0,0.000301104,0.000301104,0
SAUDI ARABIA,670,1981,5,0,0,0,13.75,9.145482063,2.525728703,0,1,0,0,-10,0,0.058579504,0.059999999,0,0,0,0.000301104,0.000301104,0
SAUDI ARABIA,670,1982,5,0,0,0,13.76599979,9.20261097,2.525728703,0,1,0,0,-10,0,0.058579504,0.059999999,0,0,0,0.000301104,0.000301104,0
SAUDI ARABIA,670,1983,5,0,0,0,13.11900043,9.260082245,2.525728703,0,1,0,0,-10,0,0.058579504,0.059999999,0,0,0,0.000301104,0.000301104,0
SAUDI ARABIA,670,1984,5,0,0,0,10.2159996,9.316679955,2.525728703,0,1,0,0,-10,0,0.058579504,0.059999999,0,0,0,0.000301104,0.000301104,0
SAUDI ARABIA,670,1985,5,0,0,0,9.199000359,9.371608734,2.525728703,0,1,0,0,-10,0,0.058579504,0.059999999,0,0,0,0.000301104,0.000301104,0
SAUDI ARABIA,670,1986,5,0,0,0,8.312999725,9.423756599,2.525728703,0,1,0,0,-10,0,0.058579504,0.059999999,0,0,0,0.000301104,0.000301104,0
SAUDI ARABIA,670,1987,5,0,0,0,7.27699995,9.47201252,2.525728703,0,1,0,0,-10,0,0.058579504,0.059999999,0,0,0,0.000301104,0.000301104,0
SAUDI ARABIA,670,1988,5,0,0,0,7.300000191,9.518707275,2.525728703,0,1,0,0,-10,0,0.058579504,0.059999999,0,0,0,0.000301104,0.000301104,0
SAUDI ARABIA,670,1989,5,0,0,0,7.074999809,9.547954559,2.525728703,0,1,0,0,-10,0,0.058579504,0.059999999,0,0,0,0.000301104,0.000301104,0
SAUDI ARABIA,670,1990,5,0,0,0,6.885000229,9.577410698,2.525728703,0,1,0,0,-10,0,0.058579504,0.059999999,0,0,0,0.000301104,0.000301104,0
SAUDI ARABIA,670,1991,5,0,0,0,7.153999805,9.60710144,2.525728703,0,1,0,0,-10,0,0.058579504,0.059999999,0,0,0,0.000301104,0.000301104,0
SAUDI ARABIA,670,1992,5,0,0,0,7.662000179,9.59499073,2.525728703,0,1,0,0,-10,0,0.058579504,0.059999999,0,0,0,0.000301104,0.000301104,0
SAUDI ARABIA,670,1993,5,0,0,0,7.627999783,9.675331116,2.525728703,0,1,0,0,-10,0,0.058579504,0.059999999,0,0,0,0.000301104,0.000301104,0
SAUDI ARABIA,670,1994,5,0,0,0,7.382999897,9.763362885,2.525728703,0,1,0,0,-10,0,0.058579504,0.059999999,0,0,0,0.000301104,0.000301104,0
SAUDI ARABIA,670,1995,5,0,0,0,7.227000237,9.817276001,2.525728703,0,1,0,0,-10,0,0.058579504,0.059999999,0,0,0,0.000301104,0.000301104,0
SAUDI ARABIA,670,1996,5,0,0,0,7.072000027,9.851088524,2.525728703,0,1,0,0,-10,0,0.058579504,0.059999999,0,0,0,0.000301104,0.000301104,0
SAUDI ARABIA,670,1997,5,0,0,0,6.985000134,9.873492241,2.525728703,0,1,0,0,-10,0,0.058579504,0.059999999,0,0,0,0.000301104,0.000301104,0
SAUDI ARABIA,670,1998,5,0,0,0,6.986999989,9.906764984,2.525728703,0,1,0,0,-10,0,0.058579504,0.059999999,0,0,0,0.000301104,0.000301104,0
SAUDI ARABIA,670,1999,5,0,0,0,6.914999962,9.939767838,2.525728703,0,1,0,0,-10,0,0.058579504,0.059999999,0,0,0,0.000301104,0.000301104,0
YEMEN ARAB REP.,678,1945,5,0,0,0,.,8.027150154,3.33932209,0,0,0,0,-10,0,0.037243664,0.01,0,0,0,8.21E-07,8.21E-07,0
YEMEN ARAB REP.,678,1946,5,0,0,0,.,8.027150154,3.33932209,0,0,0,0,-10,0,0.037243664,0.01,0,0,0,8.21E-07,8.21E-07,0
YEMEN ARAB REP.,678,1947,5,0,0,0,0.050999999,8.042378426,3.33932209,0,0,0,1,-9,0,0.037243664,0.01,0,0,0,8.21E-07,8.21E-07,0
YEMEN ARAB REP.,678,1948,5,1,0,0,0.050000001,8.061171532,3.33932209,0,0,0,1,-7,0,0.037243664,0.01,0,0,0,8.21E-07,8.21E-07,0
YEMEN ARAB REP.,678,1949,5,0,0,1,0.048999999,8.074648857,3.33932209,0,0,0,1,-6,0,0.037243664,0.01,0,0,0,8.21E-07,8.21E-07,0
YEMEN ARAB REP.,678,1950,5,0,0,0,0.048999999,8.094988823,3.33932209,0,0,0,1,-6,0,0.037243664,0.01,0,0,0,8.21E-07,8.21E-07,0
YEMEN ARAB REP.,678,1951,5,0,0,0,0.048,8.108923912,3.33932209,0,0,0,0,-6,0,0.037243664,0.01,0,0,0,8.21E-07,8.21E-07,0
YEMEN ARAB REP.,678,1952,5,0,0,0,0.075000003,8.123261452,3.33932209,0,0,0,0,-6,0,0.037243664,0.01,0,0,0,8.21E-07,8.21E-07,0
YEMEN ARAB REP.,678,1953,5,0,0,0,0.074000001,8.141189575,3.33932209,0,0,0,0,-6,0,0.037243664,0.01,0,0,0,8.21E-07,8.21E-07,0
YEMEN ARAB REP.,678,1954,5,0,0,0,0.072999999,8.160518646,3.33932209,0,0,0,0,-6,0,0.037243664,0.01,0,0,0,8.21E-07,8.21E-07,0
YEMEN ARAB REP.,678,1955,5,0,0,0,0.071999997,8.180880547,3.33932209,0,0,0,0,-6,0,0.037243664,0.01,0,0,0,8.21E-07,8.21E-07,0
YEMEN ARAB REP.,678,1956,5,0,0,0,0.153999999,8.201385498,3.33932209,0,0,0,0,-6,0,0.037243664,0.01,0,0,0,8.21E-07,8.21E-07,0
YEMEN ARAB REP.,678,1957,5,0,0,0,0.103,8.221747398,3.33932209,0,0,0,0,-6,0,0.037243664,0.01,0,0,0,8.21E-07,8.21E-07,0
YEMEN ARAB REP.,678,1958,5,0,0,0,0.078000002,8.241703033,3.33932209,0,0,0,0,-6,0,0.037243664,0.01,0,0,0,8.21E-07,8.21E-07,0
YEMEN ARAB REP.,678,1959,5,0,0,0,0.118000001,8.261784554,3.33932209,0,0,0,0,-6,0,0.037243664,0.01,0,0,0,8.21E-07,8.21E-07,0
YEMEN ARAB REP.,678,1960,5,0,0,0,0.144999996,8.282483101,3.33932209,0,0,0,0,-6,0,0.037243664,0.01,0,0,0,8.21E-07,8.21E-07,0
YEMEN ARAB REP.,678,1961,5,0,0,0,0.133000001,8.303751945,3.33932209,0,0,0,0,-6,0,0.037243664,0.01,0,0,0,8.21E-07,8.21E-07,0
YEMEN ARAB REP.,678,1962,5,1,0,0,0.150999993,8.325790405,3.33932209,0,0,0,0,-6,0,0.037243664,0.01,0,0,0,8.21E-07,8.21E-07,0
YEMEN ARAB REP.,678,1963,5,0,0,1,0.145999998,8.348537445,3.33932209,0,0,0,1,0,1,0.037243664,0.01,0,0,0,8.21E-07,8.21E-07,0
YEMEN ARAB REP.,678,1964,5,0,0,1,0.153999999,8.370547295,3.33932209,0,0,0,1,0,1,0.037243664,0.01,0,0,0,8.21E-07,8.21E-07,0
YEMEN ARAB REP.,678,1965,5,0,0,1,0.173999995,8.391403198,3.33932209,0,0,0,1,0,1,0.037243664,0.01,0,0,0,8.21E-07,8.21E-07,0
YEMEN ARAB REP.,678,1966,5,0,0,1,0.172000006,8.410053253,3.33932209,0,0,0,0,0,1,0.037243664,0.01,0,0,0,8.21E-07,8.21E-07,0
YEMEN ARAB REP.,678,1967,5,0,0,1,0.162,8.4266119,3.33932209,0,0,0,1,-3,1,0.037243664,0.01,0,0,0,8.21E-07,8.21E-07,0
YEMEN ARAB REP.,678,1968,5,0,0,1,0.170000002,8.441391945,3.33932209,0,0,0,1,-3,1,0.037243664,0.01,0,0,0,8.21E-07,8.21E-07,0
YEMEN ARAB REP.,678,1969,5,0,0,1,0.207000002,8.455317497,3.33932209,0,0,0,1,-3,1,0.037243664,0.01,0,0,0,8.21E-07,8.21E-07,0
YEMEN ARAB REP.,678,1970,5,0,0,1,0.210999995,8.469053268,3.33932209,0,0,0,0,-3,1,0.037243664,0.01,0,0,0,8.21E-07,8.21E-07,0
YEMEN ARAB REP.,678,1971,5,0,0,0,0.214000002,8.48384285,3.33932209,0,0,0,0,-3,1,0.037243664,0.01,0,0,0,8.21E-07,8.21E-07,0
YEMEN ARAB REP.,678,1972,5,0,0,0,0.266000003,8.499436378,3.33932209,0,0,0,0,-3,1,0.037243664,0.01,0,0,0,8.21E-07,8.21E-07,0
YEMEN ARAB REP.,678,1973,5,0,0,0,0.294,8.515992165,3.33932209,0,0,0,0,-3,1,0.037243664,0.01,0,0,0,8.21E-07,8.21E-07,0
YEMEN ARAB REP.,678,1974,5,0,0,0,0.335999995,8.533460617,3.33932209,0,0,0,0,-3,1,0.037243664,0.01,0,0,0,8.21E-07,8.21E-07,0
YEMEN ARAB REP.,678,1975,5,0,0,0,0.345999986,8.552174568,3.33932209,0,0,0,0,-4,1,0.037243664,0.01,0,0,0,8.21E-07,8.21E-07,0
YEMEN ARAB REP.,678,1976,5,0,0,0,0.486000001,8.572059631,3.33932209,0,0,0,0,-4,1,0.037243664,0.01,0,0,0,8.21E-07,8.21E-07,0
YEMEN ARAB REP.,678,1977,5,0,0,0,0.541000009,8.59322834,3.33932209,0,0,0,0,-4,1,0.037243664,0.01,0,0,0,8.21E-07,8.21E-07,0
YEMEN ARAB REP.,678,1978,5,0,0,0,0.597000003,8.61577034,3.33932209,0,0,0,0,-6,0,0.037243664,0.01,0,0,0,8.21E-07,8.21E-07,0
YEMEN ARAB REP.,678,1979,5,0,0,0,0.524999976,8.639057159,3.33932209,0,0,0,0,-6,0,0.037243664,0.01,0,0,0,8.21E-07,8.21E-07,0
YEMEN ARAB REP.,678,1980,5,0,0,0,0.578999996,8.653820038,3.33932209,0,0,0,0,-6,0,0.037243664,0.01,0,0,0,8.21E-07,8.21E-07,0
YEMEN ARAB REP.,678,1981,5,0,0,0,0.712000012,8.668540001,3.33932209,0,0,0,0,-6,0,0.037243664,0.01,0,0,0,8.21E-07,8.21E-07,0
YEMEN ARAB REP.,678,1982,5,0,0,0,0.698000014,8.79361248,3.33932209,0,0,0,0,-6,0,0.037243664,0.01,0,0,0,8.21E-07,8.21E-07,0
YEMEN ARAB REP.,678,1983,5,0,0,0,0.776000023,8.829665184,3.33932209,0,0,0,0,-6,0,0.037243664,0.01,0,0,0,8.21E-07,8.21E-07,0
YEMEN ARAB REP.,678,1984,5,0,0,0,0.913999975,8.86559391,3.33932209,0,0,0,0,-6,0,0.037243664,0.01,0,0,0,8.21E-07,8.21E-07,0
YEMEN ARAB REP.,678,1985,5,0,0,0,0.944999993,8.90177536,3.33932209,0,0,0,0,-6,0,0.037243664,0.01,0,0,0,8.21E-07,8.21E-07,0
YEMEN ARAB REP.,678,1986,5,0,0,0,0.973999977,8.938662529,3.33932209,0,1,0,0,-6,0,0.037243664,0.01,0,0,0,8.21E-07,8.21E-07,0
YEMEN ARAB REP.,678,1987,5,0,0,0,1.19599998,8.976009369,3.33932209,0,1,0,0,-6,0,0.037243664,0.01,0,0,0,8.21E-07,8.21E-07,0
YEMEN ARAB REP.,678,1988,5,0,0,0,1.254999995,9.013473511,3.33932209,0,1,0,0,-6,0,0.037243664,0.01,0,0,0,8.21E-07,8.21E-07,0
YEMEN ARAB REP.,678,1989,5,0,0,0,1.253999949,9.05122757,3.33932209,0,1,0,0,-5,1,0.037243664,0.01,0,0,0,8.21E-07,8.21E-07,0
YEMEN ARAB REP.,678,1990,5,0,0,0,1.243999958,9.088963509,3.33932209,0,1,0,0,-5,1,0.037243664,0.01,0,0,0,8.21E-07,8.21E-07,0
YEMEN,679,1990,5,0,0,0,1.677999973,9.32634449,3.33932209,1,0,1,0,-5,1,0.059999999,0.01,0,0,0,8.21E-07,8.21E-07,0
YEMEN,679,1991,5,0,0,0,1.677999973,9.32634449,3.33932209,1,0,1,1,-5,1,0.059999999,0.01,0,0,0,8.21E-07,8.21E-07,0
YEMEN,679,1992,5,0,0,0,1.64199996,9.359622002,3.33932209,1,1,0,1,-4,1,0.059999999,0.01,0,0,0,8.21E-07,8.21E-07,0
YEMEN,679,1993,5,0,0,0,.,9.388486862,3.33932209,1,1,0,1,-3,1,0.059999999,0.01,0,0,0,8.21E-07,8.21E-07,0
YEMEN,679,1994,5,1,0,0,.,9.568853378,3.33932209,1,1,0,1,-2,1,0.059999999,0.01,0,0,0,8.21E-07,8.21E-07,0
YEMEN,679,1995,5,0,0,1,.,9.601368904,3.33932209,1,1,0,1,-2,1,0.059999999,0.01,0,0,0,8.21E-07,8.21E-07,0
YEMEN,679,1996,5,0,0,0,.,9.633776665,3.33932209,1,1,0,0,-2,1,0.059999999,0.01,0,0,0,8.21E-07,8.21E-07,0
YEMEN,679,1997,5,0,0,0,.,9.659302711,3.33932209,1,1,0,0,-2,1,0.059999999,0.01,0,0,0,8.21E-07,8.21E-07,0
YEMEN,679,1998,5,0,0,0,.,9.684827805,3.33932209,1,1,0,0,-2,1,0.059999999,0.01,0,0,0,8.21E-07,8.21E-07,0
YEMEN,679,1999,5,0,0,0,.,9.710353851,3.33932209,1,1,0,0,-2,1,0.059999999,0.01,0,0,0,8.21E-07,8.21E-07,0
YEMEN PEOP. REP.,680,1967,5,0,0,0,2.082999945,7.185387135,3.33932209,0,0,1,0,-5,1,0.172264218,0.01,0,0,0,8.21E-07,8.21E-07,0
YEMEN PEOP. REP.,680,1968,5,0,0,0,2.082999945,7.185387135,3.33932209,0,0,1,0,-5,1,0.172264218,0.01,0,0,0,8.21E-07,8.21E-07,0
YEMEN PEOP. REP.,680,1969,5,0,0,0,2.381999969,7.215240002,3.33932209,0,0,0,0,-5,1,0.172264218,0.01,0,0,0,8.21E-07,8.21E-07,0
YEMEN PEOP. REP.,680,1970,5,0,0,0,2.778000116,7.242797852,3.33932209,0,0,0,0,-5,1,0.172264218,0.01,0,0,0,8.21E-07,8.21E-07,0
YEMEN PEOP. REP.,680,1971,5,0,0,0,2.772000074,7.265429497,3.33932209,0,0,0,0,-6,0,0.172264218,0.01,0,0,0,8.21E-07,8.21E-07,0
YEMEN PEOP. REP.,680,1972,5,0,0,0,1.657999992,7.296413422,3.33932209,0,0,0,0,-6,0,0.172264218,0.01,0,0,0,8.21E-07,8.21E-07,0
YEMEN PEOP. REP.,680,1973,5,0,0,0,1.827000022,7.323170662,3.33932209,0,0,0,0,-6,0,0.172264218,0.01,0,0,0,8.21E-07,8.21E-07,0
YEMEN PEOP. REP.,680,1974,5,0,0,0,2.115999937,7.362010479,3.33932209,0,0,0,0,-6,0,0.172264218,0.01,0,0,0,8.21E-07,8.21E-07,0
YEMEN PEOP. REP.,680,1975,5,0,0,0,2.022000074,7.398174286,3.33932209,0,0,0,0,-7,0,0.172264218,0.01,0,0,0,8.21E-07,8.21E-07,0
YEMEN PEOP. REP.,680,1976,5,0,0,0,1.894999981,7.432483673,3.33932209,0,0,0,0,-7,0,0.172264218,0.01,0,0,0,8.21E-07,8.21E-07,0
YEMEN PEOP. REP.,680,1977,5,0,0,0,2.040999889,7.466799259,3.33932209,0,0,0,0,-7,0,0.172264218,0.01,0,0,0,8.21E-07,8.21E-07,0
YEMEN PEOP. REP.,680,1978,5,0,0,0,2.085000038,7.493874073,3.33932209,0,0,0,0,-7,0,0.172264218,0.01,0,0,0,8.21E-07,8.21E-07,0
YEMEN PEOP. REP.,680,1979,5,0,0,0,2.128000021,7.524561405,3.33932209,0,0,0,0,-8,0,0.172264218,0.01,0,0,0,8.21E-07,8.21E-07,0
YEMEN PEOP. REP.,680,1980,5,0,0,0,2.16899991,7.554858685,3.33932209,0,0,0,0,-8,0,0.172264218,0.01,0,0,0,8.21E-07,8.21E-07,0
YEMEN PEOP. REP.,680,1981,5,0,0,0,2.161000013,7.585280895,3.33932209,0,0,0,0,-8,0,0.172264218,0.01,0,0,0,8.21E-07,8.21E-07,0
YEMEN PEOP. REP.,680,1982,5,0,0,0,2.40899992,7.577121735,3.33932209,0,0,0,0,-8,0,0.172264218,0.01,0,0,0,8.21E-07,8.21E-07,0
YEMEN PEOP. REP.,680,1983,5,0,0,0,2.927999973,7.602900505,3.33932209,0,0,0,0,-8,0,0.172264218,0.01,0,0,0,8.21E-07,8.21E-07,0
YEMEN PEOP. REP.,680,1984,5,0,0,0,2.601999998,7.628517628,3.33932209,0,0,0,0,-8,0,0.172264218,0.01,0,0,0,8.21E-07,8.21E-07,0
YEMEN PEOP. REP.,680,1985,5,0,0,0,2.732000113,7.653969288,3.33932209,0,0,0,0,-8,0,0.172264218,0.01,0,0,0,8.21E-07,8.21E-07,0
YEMEN PEOP. REP.,680,1986,5,1,0,0,2.769999981,7.679713726,3.33932209,0,1,0,0,-8,0,0.172264218,0.01,0,0,0,8.21E-07,8.21E-07,0
YEMEN PEOP. REP.,680,1987,5,0,0,1,3.819999933,7.705262661,3.33932209,0,1,0,0,-7,0,0.172264218,0.01,0,0,0,8.21E-07,8.21E-07,0
YEMEN PEOP. REP.,680,1988,5,0,0,1,3.944000006,7.731053352,3.33932209,0,1,0,0,-7,0,0.172264218,0.01,0,0,0,8.21E-07,8.21E-07,0
YEMEN PEOP. REP.,680,1989,5,0,0,0,3.950000048,7.756623268,3.33932209,0,1,0,0,-7,0,0.172264218,0.01,0,0,0,8.21E-07,8.21E-07,0
YEMEN PEOP. REP.,680,1990,5,0,0,0,4.254000187,7.782390118,3.33932209,0,1,0,0,-7,0,0.172264218,0.01,0,0,0,8.21E-07,8.21E-07,0
KUWAIT,690,1961,5,0,0,0,66.73500061,5.777652264,0,0,1,1,0,.,.,0.184686184,0.300000012,0,0,0,0.395992105,0.395992105,0
KUWAIT,690,1962,5,0,0,0,66.73500061,5.777652264,0,0,1,1,0,.,.,0.184686184,0.300000012,0,0,0,0.395992105,0.395992105,0
KUWAIT,690,1963,5,0,0,0,58.40100098,5.874930859,0,0,1,0,.,.,.,0.184686184,0.300000012,0,0,0,0.395992105,0.395992105,0
KUWAIT,690,1964,5,0,0,0,53.90100098,5.971261978,0,0,1,0,0,-8,0,0.184686184,0.300000012,0,0,0,0.395992105,0.395992105,0
KUWAIT,690,1965,5,0,0,0,51.98899841,6.066108227,0,0,1,0,0,-8,0,0.184686184,0.300000012,0,0,0,0.395992105,0.395992105,0
KUWAIT,690,1966,5,0,0,0,46.53499985,6.159095287,0,0,1,0,0,-9,0,0.184686184,0.300000012,0,0,0,0.395992105,0.395992105,0
KUWAIT,690,1967,5,0,0,0,46.88800049,6.253829002,0,0,1,0,0,-9,0,0.184686184,0.300000012,0,0,0,0.395992105,0.395992105,0
KUWAIT,690,1968,5,0,0,0,43.43700027,6.349139214,0,0,1,0,0,-9,0,0.184686184,0.300000012,0,0,0,0.395992105,0.395992105,0
KUWAIT,690,1969,5,0,0,0,43.36600113,6.444131374,0,0,1,0,0,-9,0,0.184686184,0.300000012,0,0,0,0.395992105,0.395992105,0
KUWAIT,690,1970,5,0,0,0,41.02099991,6.53087759,0,0,1,0,0,-9,0,0.184686184,0.300000012,0,0,0,0.395992105,0.395992105,0
KUWAIT,690,1971,5,0,0,0,39.26900101,6.612040997,0,0,1,0,0,-9,0,0.184686184,0.300000012,0,0,0,0.395992105,0.395992105,0
KUWAIT,690,1972,5,0,0,0,39.52299881,6.679599285,0,0,1,0,0,-8,0,0.184686184,0.300000012,0,0,0,0.395992105,0.395992105,0
KUWAIT,690,1973,5,0,0,0,38.87099838,6.739336491,0,0,1,0,0,-8,0,0.184686184,0.300000012,0,0,0,0.395992105,0.395992105,0
KUWAIT,690,1974,5,0,0,0,34.98199844,6.795705795,0,0,1,0,0,-8,0,0.184686184,0.300000012,0,0,0,0.395992105,0.395992105,0
KUWAIT,690,1975,5,0,0,0,29.86499977,6.853299141,0,0,1,0,0,-8,0,0.184686184,0.300000012,0,0,0,0.395992105,0.395992105,0
KUWAIT,690,1976,5,0,0,0,25.83300018,6.914731026,0,0,1,0,0,-8,0,0.184686184,0.300000012,0,0,0,0.395992105,0.395992105,0
KUWAIT,690,1977,5,0,0,0,26.45100021,6.978213787,0,0,1,0,0,-10,0,0.184686184,0.300000012,0,0,0,0.395992105,0.395992105,0
KUWAIT,690,1978,5,0,0,0,24.79100037,7.042286396,0,0,1,0,0,-10,0,0.184686184,0.300000012,0,0,0,0.395992105,0.395992105,0
KUWAIT,690,1979,5,0,0,0,24.98399925,7.10496521,0,0,1,0,0,-10,0,0.184686184,0.300000012,0,0,0,0.395992105,0.395992105,0
KUWAIT,690,1980,5,0,0,0,26.75499916,7.167037964,0,0,1,0,0,-10,0,0.184686184,0.300000012,0,0,0,0.395992105,0.395992105,0
KUWAIT,690,1981,5,0,0,0,20.01799965,7.226209164,0,0,1,0,0,-10,0,0.184686184,0.300000012,0,0,0,0.395992105,0.395992105,0
KUWAIT,690,1982,5,0,0,0,16.34799957,7.280008316,0,0,1,0,0,-8,0,0.184686184,0.300000012,0,0,0,0.395992105,0.395992105,0
KUWAIT,690,1983,5,0,0,0,14.78999996,7.329093933,0,0,1,0,0,-8,0,0.184686184,0.300000012,0,0,0,0.395992105,0.395992105,0
KUWAIT,690,1984,5,0,0,0,13.4289999,7.373374462,0,0,1,0,0,-8,0,0.184686184,0.300000012,0,0,0,0.395992105,0.395992105,0
KUWAIT,690,1985,5,0,0,0,13.56700039,7.411556244,0,0,1,0,0,-8,0,0.184686184,0.300000012,0,0,0,0.395992105,0.395992105,0
KUWAIT,690,1986,5,0,0,0,13.11400032,7.445417404,0,0,0,0,0,-8,0,0.184686184,0.300000012,0,0,0,0.395992105,0.395992105,0
KUWAIT,690,1987,5,0,0,0,12.98499966,7.490529537,0,0,0,0,0,-10,0,0.184686184,0.300000012,0,0,0,0.395992105,0.395992105,0
KUWAIT,690,1988,5,0,0,0,13.05799961,7.535296917,0,0,0,0,0,-10,0,0.184686184,0.300000012,0,0,0,0.395992105,0.395992105,0
KUWAIT,690,1989,5,0,0,0,11.2329998,7.579679012,0,0,0,0,0,-10,0,0.184686184,0.300000012,0,0,0,0.395992105,0.395992105,0
KUWAIT,690,1990,5,0,0,0,9.732999802,7.624619007,0,0,1,0,0,-10,0,0.184686184,0.300000012,.,.,.,0.395992105,0.395992105,0
KUWAIT,690,1991,5,0,0,0,9.956999779,7.669961929,0,0,1,0,0,.,.,0.184686184,0.300000012,0,0,0,0.395992105,0.395992105,0
KUWAIT,690,1992,5,0,0,0,9.649999619,7.650168896,0,0,1,0,0,-9,0,0.184686184,0.300000012,0,0,0,0.395992105,0.395992105,0
KUWAIT,690,1993,5,0,0,0,.,7.585788727,0,0,1,0,0,-7,0,0.184686184,0.300000012,0,0,0,0.395992105,0.395992105,0
KUWAIT,690,1994,5,0,0,0,.,7.286876202,0,0,1,0,0,-7,0,0.184686184,0.300000012,0,0,0,0.395992105,0.395992105,0
KUWAIT,690,1995,5,0,0,0,.,7.315218449,0,0,1,0,0,-7,0,0.184686184,0.300000012,0,0,0,0.395992105,0.395992105,0
KUWAIT,690,1996,5,0,0,0,.,7.368339539,0,0,1,0,0,-7,0,0.184686184,0.300000012,0,0,0,0.395992105,0.395992105,0
KUWAIT,690,1997,5,0,0,0,.,7.436617374,0,0,1,0,0,-7,0,0.184686184,0.300000012,0,0,0,0.395992105,0.395992105,0
KUWAIT,690,1998,5,0,0,0,.,7.500529289,0,0,1,0,0,-7,0,0.184686184,0.300000012,0,0,0,0.395992105,0.395992105,0
KUWAIT,690,1999,5,0,0,0,.,7.533158779,0,0,1,0,0,-7,0,0.184686184,0.300000012,0,0,0,0.395992105,0.395992105,0
BAHRAIN,692,1971,5,0,0,0,17.01300049,5.402677536,0,0,1,1,0,-10,0,0.263893723,0.189999998,0,0,0,0.023001746,0.023001746,0
BAHRAIN,692,1972,5,0,0,0,17.01300049,5.402677536,0,0,1,1,0,-10,0,0.263893723,0.189999998,0,0,0,0.023001746,0.023001746,0
BAHRAIN,692,1973,5,0,0,0,14.85599995,5.438079357,0,0,1,0,0,-10,0,0.263893723,0.189999998,0,0,0,0.023001746,0.023001746,0
BAHRAIN,692,1974,5,0,0,0,13.80500031,5.468060017,0,0,1,0,1,-7,0,0.263893723,0.189999998,0,0,0,0.023001746,0.023001746,0
BAHRAIN,692,1975,5,0,0,0,13.11200047,5.493061543,0,0,1,0,1,-7,0,0.263893723,0.189999998,0,0,0,0.023001746,0.023001746,0
BAHRAIN,692,1976,5,0,0,0,10.15100002,5.568344593,0,0,1,0,1,-10,0,0.263893723,0.189999998,0,0,0,0.023001746,0.023001746,0
BAHRAIN,692,1977,5,0,0,0,12.60700035,5.616771221,0,0,1,0,1,-10,0,0.263893723,0.189999998,0,0,0,0.023001746,0.023001746,0
BAHRAIN,692,1978,5,0,0,0,13.43200016,5.666426659,0,0,1,0,1,-10,0,0.263893723,0.189999998,0,0,0,0.023001746,0.023001746,0
BAHRAIN,692,1979,5,0,0,0,13.04599953,5.713732719,0,0,1,0,0,-10,0,0.263893723,0.189999998,0,0,0,0.023001746,0.023001746,0
BAHRAIN,692,1980,5,0,0,0,12.85900021,5.765191078,0,0,1,0,0,-10,0,0.263893723,0.189999998,0,0,0,0.023001746,0.023001746,0
BAHRAIN,692,1981,5,0,0,0,12.72399998,5.811141014,0,0,1,0,0,-10,0,0.263893723,0.189999998,0,0,0,0.023001746,0.023001746,0
BAHRAIN,692,1982,5,0,0,0,11.4630003,5.866467953,0,0,1,0,0,-10,0,0.263893723,0.189999998,0,0,0,0.023001746,0.023001746,0
BAHRAIN,692,1983,5,0,0,0,10.18200016,5.924255848,0,0,1,0,0,-10,0,0.263893723,0.189999998,0,0,0,0.023001746,0.023001746,0
BAHRAIN,692,1984,5,0,0,0,10.29399967,5.966146946,0,0,1,0,0,-10,0,0.263893723,0.189999998,0,0,0,0.023001746,0.023001746,0
BAHRAIN,692,1985,5,0,0,0,10.34799957,6.008813381,0,0,1,0,0,-10,0,0.263893723,0.189999998,0,0,0,0.023001746,0.023001746,0
BAHRAIN,692,1986,5,0,0,0,9.546999931,6.052089214,0,0,1,0,0,-10,0,0.263893723,0.189999998,0,0,0,0.023001746,0.023001746,0
BAHRAIN,692,1987,5,0,0,0,9.119000435,6.091310024,0,0,1,0,0,-10,0,0.263893723,0.189999998,0,0,0,0.023001746,0.023001746,0
BAHRAIN,692,1988,5,0,0,0,8.854999542,6.126869202,0,0,1,0,0,-10,0,0.263893723,0.189999998,0,0,0,0.023001746,0.023001746,0
BAHRAIN,692,1989,5,0,0,0,9.211000443,6.159095287,0,0,1,0,0,-10,0,0.263893723,0.189999998,0,0,0,0.023001746,0.023001746,0
BAHRAIN,692,1990,5,0,0,0,9.017000198,6.192362309,0,0,1,0,0,-10,0,0.263893723,0.189999998,0,0,0,0.023001746,0.023001746,0
BAHRAIN,692,1991,5,0,0,0,8.87899971,6.220590115,0,0,1,0,0,-10,0,0.263893723,0.189999998,0,0,0,0.023001746,0.023001746,0
BAHRAIN,692,1992,5,0,0,0,9.18900013,6.246106625,0,0,1,0,0,-10,0,0.263893723,0.189999998,0,0,0,0.023001746,0.023001746,0
BAHRAIN,692,1993,5,0,0,0,9.694999695,6.253829002,0,0,1,0,0,-10,0,0.263893723,0.189999998,0,0,0,0.023001746,0.023001746,0
BAHRAIN,692,1994,5,0,0,0,10.14400005,6.285997868,0,0,1,0,0,-9,0,0.263893723,0.189999998,0,0,0,0.023001746,0.023001746,0
BAHRAIN,692,1995,5,0,0,0,10.01099968,6.322565079,0,0,1,0,0,-9,0,0.263893723,0.189999998,0,0,0,0.023001746,0.023001746,0
BAHRAIN,692,1996,5,0,0,0,9.871999741,6.357842445,0,0,1,0,0,-9,0,0.263893723,0.189999998,0,0,0,0.023001746,0.023001746,0
BAHRAIN,692,1997,5,0,0,0,9.803999901,6.395261765,0,0,1,0,0,-9,0,0.263893723,0.189999998,0,0,0,0.023001746,0.023001746,0
BAHRAIN,692,1998,5,0,0,0,9.763999939,6.429719448,0,0,1,0,0,-9,0,0.263893723,0.189999998,0,0,0,0.023001746,0.023001746,0
BAHRAIN,692,1999,5,0,0,0,9.614999771,6.463450432,0,0,1,0,0,-9,0,0.263893723,0.189999998,0,0,0,0.023001746,0.023001746,0
U. ARAB EMIRATES,696,1971,5,0,0,0,40.04399872,5.54126358,0,0,1,1,0,-8,0,0.18086803,0.170000002,1,1,1,0.9870246,0.9870246,1
U. ARAB EMIRATES,696,1972,5,0,0,0,40.04399872,5.54126358,0,0,1,1,0,-8,0,0.18086803,0.170000002,1,1,1,0.9870246,0.9870246,1
U. ARAB EMIRATES,696,1973,5,0,0,0,37.85900116,5.703782558,0,0,1,0,0,-8,0,0.18086803,0.170000002,1,1,1,0.9870246,0.9870246,1
U. ARAB EMIRATES,696,1974,5,0,0,0,37.31100082,5.874930859,0,0,1,0,0,-8,0,0.18086803,0.170000002,1,1,1,0.9870246,0.9870246,1
U. ARAB EMIRATES,696,1975,5,0,0,0,35.67399979,6.052089214,0,0,1,0,0,-8,0,0.18086803,0.170000002,1,1,1,0.9870246,0.9870246,1
U. ARAB EMIRATES,696,1976,5,0,0,0,31.6970005,6.224558353,0,0,1,0,0,-8,0,0.18086803,0.170000002,1,1,1,0.9870246,0.9870246,1
U. ARAB EMIRATES,696,1977,5,0,0,0,30.61599922,6.391917229,0,0,1,0,0,-8,0,0.18086803,0.170000002,1,1,1,0.9870246,0.9870246,1
U. ARAB EMIRATES,696,1978,5,0,0,0,30.28499985,6.55393362,0,0,1,0,0,-8,0,0.18086803,0.170000002,1,1,1,0.9870246,0.9870246,1
U. ARAB EMIRATES,696,1979,5,0,0,0,25.33200073,6.700731277,0,0,1,0,0,-8,0,0.18086803,0.170000002,1,1,1,0.9870246,0.9870246,1
U. ARAB EMIRATES,696,1980,5,0,0,0,27.87400055,6.824373722,0,0,1,0,0,-8,0,0.18086803,0.170000002,1,1,1,0.9870246,0.9870246,1
U. ARAB EMIRATES,696,1981,5,0,0,0,31.96899986,6.922643661,0,0,1,0,0,-8,0,0.18086803,0.170000002,1,1,1,0.9870246,0.9870246,1
U. ARAB EMIRATES,696,1982,5,0,0,0,28.90699959,7.003065586,0,0,1,0,0,-8,0,0.18086803,0.170000002,1,1,1,0.9870246,0.9870246,1
U. ARAB EMIRATES,696,1983,5,0,0,0,24.3220005,7.069874287,0,0,0,0,0,-8,0,0.18086803,0.170000002,1,1,1,0.9870246,0.9870246,1
U. ARAB EMIRATES,696,1984,5,0,0,0,21.36000061,7.12447834,0,0,0,0,0,-8,0,0.18086803,0.170000002,1,1,1,0.9870246,0.9870246,1
U. ARAB EMIRATES,696,1985,5,0,0,0,21.49799919,7.169350147,0,0,0,0,0,-8,0,0.18086803,0.170000002,1,1,1,0.9870246,0.9870246,1
U. ARAB EMIRATES,696,1986,5,0,0,0,19.64800072,7.207118988,0,0,0,0,0,-8,0,0.18086803,0.170000002,1,1,1,0.9870246,0.9870246,1
U. ARAB EMIRATES,696,1987,5,0,0,0,16.47400093,7.242797852,0,0,0,0,0,-8,0,0.18086803,0.170000002,1,1,1,0.9870246,0.9870246,1
U. ARAB EMIRATES,696,1988,5,0,0,0,17.08200073,7.277247906,0,0,0,0,0,-8,0,0.18086803,0.170000002,1,1,1,0.9870246,0.9870246,1
U. ARAB EMIRATES,696,1989,5,0,0,0,16.59000015,7.309881687,0,0,0,0,0,-8,0,0.18086803,0.170000002,1,1,1,0.9870246,0.9870246,1
U. ARAB EMIRATES,696,1990,5,0,0,0,18.30800056,7.34148407,0,0,0,0,0,-8,0,0.18086803,0.170000002,1,1,1,0.9870246,0.9870246,1
U. ARAB EMIRATES,696,1991,5,0,0,0,19.90099907,7.3708601,0,0,0,0,0,-8,0,0.18086803,0.170000002,1,1,1,0.9870246,0.9870246,1
U. ARAB EMIRATES,696,1992,5,0,0,0,18.28700066,7.395721436,0,0,0,0,0,-8,0,0.18086803,0.170000002,1,1,1,0.9870246,0.9870246,1
U. ARAB EMIRATES,696,1993,5,0,0,0,18.12999916,7.420578957,0,0,0,0,0,-8,0,0.18086803,0.170000002,1,1,1,0.9870246,0.9870246,1
U. ARAB EMIRATES,696,1994,5,0,0,0,16.78199959,7.709756851,0,0,0,0,0,-8,0,0.18086803,0.170000002,1,1,1,0.9870246,0.9870246,1
U. ARAB EMIRATES,696,1995,5,0,0,0,16.7310009,7.734559059,0,0,0,0,0,-8,0,0.18086803,0.170000002,1,1,1,0.9870246,0.9870246,1
U. ARAB EMIRATES,696,1996,5,0,0,0,17.33799934,7.758333683,0,0,0,0,0,-8,0,0.18086803,0.170000002,1,1,1,0.9870246,0.9870246,1
U. ARAB EMIRATES,696,1997,5,0,0,0,18.17200089,7.807103157,0,0,0,0,0,-8,0,0.18086803,0.170000002,1,1,1,0.9870246,0.9870246,1
U. ARAB EMIRATES,696,1998,5,0,0,0,17.68400002,7.855544567,0,0,0,0,0,-8,0,0.18086803,0.170000002,1,1,1,0.9870246,0.9870246,1
U. ARAB EMIRATES,696,1999,5,0,0,0,15.80200005,7.890208244,0,0,0,0,0,-8,0,0.18086803,0.170000002,1,1,1,0.9870246,0.9870246,1
OMAN,698,1971,5,0,0,0,5.883999825,6.510258198,1.335001111,0,1,1,0,-10,0,0.237020016,0.133000001,0,0,0,0.002715552,0.002715552,0
OMAN,698,1972,5,0,0,0,5.883999825,6.510258198,1.335001111,0,1,1,0,-10,0,0.237020016,0.133000001,0,0,0,0.002715552,0.002715552,0
OMAN,698,1973,5,0,0,0,6.114999771,6.53813982,1.335001111,0,1,0,0,-10,0,0.237020016,0.133000001,0,0,0,0.002715552,0.002715552,0
OMAN,698,1974,5,0,0,0,5.71600008,6.566672325,1.335001111,0,1,0,0,-10,0,0.237020016,0.133000001,0,0,0,0.002715552,0.002715552,0
OMAN,698,1975,5,0,0,0,5.510000229,6.601230145,1.335001111,0,1,0,0,-10,0,0.237020016,0.133000001,0,0,0,0.002715552,0.002715552,0
OMAN,698,1976,5,0,0,0,7.118999958,6.641181946,1.335001111,0,1,0,0,-10,0,0.237020016,0.133000001,0,0,0,0.002715552,0.002715552,0
OMAN,698,1977,5,0,0,0,7.708000183,6.687108517,1.335001111,0,1,0,0,-10,0,0.237020016,0.133000001,0,0,0,0.002715552,0.002715552,0
OMAN,698,1978,5,0,0,0,6.795000076,6.736967087,1.335001111,0,1,0,0,-10,0,0.237020016,0.133000001,0,0,0,0.002715552,0.002715552,0
OMAN,698,1979,5,0,0,0,6.15500021,6.788971901,1.335001111,0,1,0,0,-10,0,0.237020016,0.133000001,0,0,0,0.002715552,0.002715552,0
OMAN,698,1980,5,0,0,0,5.894000053,6.842683315,1.335001111,0,1,0,0,-10,0,0.237020016,0.133000001,0,0,0,0.002715552,0.002715552,0
OMAN,698,1981,5,0,0,0,6.520999908,6.895682812,1.335001111,0,1,0,0,-10,0,0.237020016,0.133000001,0,0,0,0.002715552,0.002715552,0
OMAN,698,1982,5,0,0,0,6.669000149,6.947937012,1.335001111,0,0,0,0,-10,0,0.237020016,0.133000001,0,0,0,0.002715552,0.002715552,0
OMAN,698,1983,5,0,0,0,6.920000076,6.99942255,1.335001111,0,0,0,0,-10,0,0.237020016,0.133000001,0,0,0,0.002715552,0.002715552,0
OMAN,698,1984,5,0,0,0,7.695000172,7.050122738,1.335001111,0,0,0,0,-10,0,0.237020016,0.133000001,0,0,0,0.002715552,0.002715552,0
OMAN,698,1985,5,0,0,0,8.161999702,7.097548962,1.335001111,0,0,0,0,-10,0,0.237020016,0.133000001,0,0,0,0.002715552,0.002715552,0
OMAN,698,1986,5,0,0,0,9.199000359,7.141244888,1.335001111,0,0,0,0,-10,0,0.237020016,0.133000001,0,0,0,0.002715552,0.002715552,0
OMAN,698,1987,5,0,0,0,7.734000206,7.182352066,1.335001111,0,1,0,0,-10,0,0.237020016,0.133000001,0,0,0,0.002715552,0.002715552,0
OMAN,698,1988,5,0,0,0,7.097000122,7.221105099,1.335001111,0,1,0,0,-10,0,0.237020016,0.133000001,0,0,0,0.002715552,0.002715552,0
OMAN,698,1989,5,0,0,0,7.235000134,7.257707596,1.335001111,0,1,0,0,-10,0,0.237020016,0.133000001,0,0,0,0.002715552,0.002715552,0
OMAN,698,1990,5,0,0,0,7.56400013,7.293697834,1.335001111,0,1,0,0,-10,0,0.237020016,0.133000001,0,0,0,0.002715552,0.002715552,0
OMAN,698,1991,5,0,0,0,7.879000187,7.314552784,1.335001111,0,1,0,0,-10,0,0.237020016,0.133000001,0,0,0,0.002715552,0.002715552,0
OMAN,698,1992,5,0,0,0,7.945000172,7.351799965,1.335001111,0,1,0,0,-9,0,0.237020016,0.133000001,0,0,0,0.002715552,0.002715552,0
OMAN,698,1993,5,0,0,0,7.900000095,7.402451515,1.335001111,0,1,0,0,-9,0,0.237020016,0.133000001,0,0,0,0.002715552,0.002715552,0
OMAN,698,1994,5,0,0,0,7.925000191,7.609862328,1.335001111,0,1,0,0,-9,0,0.237020016,0.133000001,0,0,0,0.002715552,0.002715552,0
OMAN,698,1995,5,0,0,0,7.973999977,7.638198376,1.335001111,0,1,0,0,-9,0,0.237020016,0.133000001,0,0,0,0.002715552,0.002715552,0
OMAN,698,1996,5,0,0,0,8.001999855,7.666222095,1.335001111,0,1,0,0,-9,0,0.237020016,0.133000001,0,0,0,0.002715552,0.002715552,0
OMAN,698,1997,5,0,0,0,.,7.683864117,1.335001111,0,1,0,0,-9,0,0.237020016,0.133000001,0,0,0,0.002715552,0.002715552,0
OMAN,698,1998,5,0,0,0,.,7.721348763,1.335001111,0,1,0,0,-9,0,0.237020016,0.133000001,0,0,0,0.002715552,0.002715552,0
OMAN,698,1999,5,0,0,0,.,7.750016212,1.335001111,0,1,0,0,-9,0,0.237020016,0.133000001,0,0,0,0.002715552,0.002715552,0
AFGHANISTAN,700,1945,3,0,0,0,.,9.186354637,4.19870472,0,0,0,0,-10,0,0.658280969,0.252999991,0,0,0,0.335059495,0.335059495,0
AFGHANISTAN,700,1946,3,0,0,0,.,9.186354637,4.19870472,0,0,0,0,-10,0,0.658280969,0.252999991,0,0,0,0.335059495,0.335059495,0
AFGHANISTAN,700,1947,3,0,0,0,0.194000006,9.208539009,4.19870472,0,0,0,0,-10,0,0.658280969,0.252999991,0,0,0,0.335059495,0.335059495,0
AFGHANISTAN,700,1948,3,0,0,0,0.195999995,9.230535507,4.19870472,0,0,0,0,-10,0,0.658280969,0.252999991,0,0,0,0.335059495,0.335059495,0
AFGHANISTAN,700,1949,3,0,0,0,0.194000006,9.344783783,4.19870472,0,0,0,0,-10,0,0.658280969,0.252999991,0,0,0,0.335059495,0.335059495,0
AFGHANISTAN,700,1950,3,0,0,0,0.246999994,9.362890244,4.19870472,0,0,0,0,-10,0,0.658280969,0.252999991,0,0,0,0.335059495,0.335059495,0
AFGHANISTAN,700,1951,3,0,0,0,0.187999994,9.378394127,4.19870472,0,0,0,0,-10,0,0.658280969,0.252999991,0,0,0,0.335059495,0.335059495,0
AFGHANISTAN,700,1952,3,0,0,0,0.211999997,9.391243935,4.19870472,0,0,0,0,-10,0,0.658280969,0.252999991,0,0,0,0.335059495,0.335059495,0
AFGHANISTAN,700,1953,3,0,0,0,0.221000001,9.404096603,4.19870472,0,0,0,0,-10,0,0.658280969,0.252999991,0,0,0,0.335059495,0.335059495,0
AFGHANISTAN,700,1954,3,0,0,0,0.218999997,9.417273521,4.19870472,0,0,0,0,-10,0,0.658280969,0.252999991,0,0,0,0.335059495,0.335059495,0
AFGHANISTAN,700,1955,3,0,0,0,0.282999992,9.431080818,4.19870472,0,0,0,0,-10,0,0.658280969,0.252999991,0,0,0,0.335059495,0.335059495,0
AFGHANISTAN,700,1956,3,0,0,0,0.330000013,9.445570946,4.19870472,0,0,0,0,-10,0,0.658280969,0.252999991,0,0,0,0.335059495,0.335059495,0
AFGHANISTAN,700,1957,3,0,0,0,0.351000011,9.464206696,4.19870472,0,0,0,0,-10,0,0.658280969,0.252999991,0,0,0,0.335059495,0.335059495,0
AFGHANISTAN,700,1958,3,0,0,0,0.407000005,9.477232933,4.19870472,0,0,0,0,-10,0,0.658280969,0.252999991,0,0,0,0.335059495,0.335059495,0
AFGHANISTAN,700,1959,3,0,0,0,0.428000003,9.493412018,4.19870472,0,0,0,0,-10,0,0.658280969,0.252999991,0,0,0,0.335059495,0.335059495,0
AFGHANISTAN,700,1960,3,0,0,0,0.453999996,9.503009796,4.19870472,0,0,0,0,-10,0,0.658280969,0.252999991,0,0,0,0.335059495,0.335059495,0
AFGHANISTAN,700,1961,3,0,0,0,0.476999998,9.516942024,4.19870472,0,0,0,0,-10,0,0.658280969,0.252999991,0,0,0,0.335059495,0.335059495,0
AFGHANISTAN,700,1962,3,0,0,0,0.504000008,9.528212547,4.19870472,0,0,0,0,-10,0,0.658280969,0.252999991,0,0,0,0.335059495,0.335059495,0
AFGHANISTAN,700,1963,3,0,0,0,0.550999999,9.540147781,4.19870472,0,0,0,0,-10,0,0.658280969,0.252999991,0,0,0,0.335059495,0.335059495,0
AFGHANISTAN,700,1964,3,0,0,0,0.561999977,9.552297592,4.19870472,0,0,0,0,-10,0,0.658280969,0.252999991,0,0,0,0.335059495,0.335059495,0
AFGHANISTAN,700,1965,3,0,0,0,0.586000025,9.563248634,4.19870472,0,0,0,1,-7,0,0.658280969,0.252999991,0,0,0,0.335059495,0.335059495,0
AFGHANISTAN,700,1966,3,0,0,0,0.620000005,9.573662758,4.19870472,0,0,0,1,-7,0,0.658280969,0.252999991,0,0,0,0.335059495,0.335059495,0
AFGHANISTAN,700,1967,3,0,0,0,0.646000028,9.583626747,4.19870472,0,0,0,1,-7,0,0.658280969,0.252999991,0,0,0,0.335059495,0.335059495,0
AFGHANISTAN,700,1968,3,0,0,0,0.726999998,9.593082428,4.19870472,0,0,0,0,-7,0,0.658280969,0.252999991,0,0,0,0.335059495,0.335059495,0
AFGHANISTAN,700,1969,3,0,0,0,0.754999995,9.602111816,4.19870472,0,0,0,0,-7,0,0.658280969,0.252999991,0,0,0,0.335059495,0.335059495,0
AFGHANISTAN,700,1970,3,0,0,0,0.700999975,9.611127853,4.19870472,0,0,0,0,-7,0,0.658280969,0.252999991,0,0,0,0.335059495,0.335059495,0
AFGHANISTAN,700,1971,3,0,0,0,0.74000001,9.619930267,4.19870472,0,0,0,0,-7,0,0.658280969,0.252999991,0,0,0,0.335059495,0.335059495,0
AFGHANISTAN,700,1972,3,0,0,0,0.841000021,9.628918648,4.19870472,0,0,0,0,-7,0,0.658280969,0.252999991,0,0,0,0.335059495,0.335059495,0
AFGHANISTAN,700,1973,3,0,0,0,0.788999975,9.637044907,4.19870472,0,0,0,0,-7,0,0.658280969,0.252999991,0,0,0,0.335059495,0.335059495,0
AFGHANISTAN,700,1974,3,0,0,0,0.838,9.644975662,4.19870472,0,0,0,0,-7,0,0.658280969,0.252999991,0,0,0,0.335059495,0.335059495,0
AFGHANISTAN,700,1975,3,0,0,0,0.883000016,9.653486252,4.19870472,0,0,0,0,-7,0,0.658280969,0.252999991,0,0,0,0.335059495,0.335059495,0
AFGHANISTAN,700,1976,3,0,0,0,0.896000028,9.660778999,4.19870472,0,0,0,0,-7,0,0.658280969,0.252999991,0,0,0,0.335059495,0.335059495,0
AFGHANISTAN,700,1977,3,0,0,0,0.981000006,9.669345856,4.19870472,0,0,0,0,-7,0,0.658280969,0.252999991,0,0,0,0.335059495,0.335059495,0
AFGHANISTAN,700,1978,3,1,0,0,0.977999985,9.677653313,4.19870472,0,0,0,0,-7,0,0.658280969,0.252999991,0,0,0,0.335059495,0.335059495,0
AFGHANISTAN,700,1979,3,0,0,1,0.998000026,9.68595314,4.19870472,0,0,0,1,0,1,0.658280969,0.252999991,0,0,0,0.335059495,0.335059495,0
AFGHANISTAN,700,1980,3,0,0,1,1.006999969,9.694000244,4.19870472,0,0,0,1,-7,0,0.658280969,0.252999991,0,0,0,0.335059495,0.335059495,0
AFGHANISTAN,700,1981,3,0,0,1,0.966000021,9.702166557,4.19870472,0,0,0,1,-7,0,0.658280969,0.252999991,0,0,0,0.335059495,0.335059495,0
AFGHANISTAN,700,1982,3,0,0,1,0.987999976,9.710933685,4.19870472,0,0,0,1,-7,0,0.658280969,0.252999991,0,0,0,0.335059495,0.335059495,0
AFGHANISTAN,700,1983,3,0,0,1,1.021999955,9.728300095,4.19870472,0,0,0,0,-7,0,0.658280969,0.252999991,0,0,0,0.335059495,0.335059495,0
AFGHANISTAN,700,1984,3,0,0,1,1.116999984,9.75394249,4.19870472,0,0,0,0,-7,0,0.658280969,0.252999991,0,0,0,0.335059495,0.335059495,0
AFGHANISTAN,700,1985,3,0,0,1,1.195000052,9.779736519,4.19870472,0,0,0,0,-7,0,0.658280969,0.252999991,0,0,0,0.335059495,0.335059495,0
AFGHANISTAN,700,1986,3,0,0,1,1.312999964,9.805654526,4.19870472,0,0,0,0,-7,0,0.658280969,0.252999991,0,0,0,0.335059495,0.335059495,0
AFGHANISTAN,700,1987,3,0,0,1,1.289000034,9.831668854,4.19870472,0,0,0,0,-7,0,0.658280969,0.252999991,0,0,0,0.335059495,0.335059495,0
AFGHANISTAN,700,1988,3,0,0,1,1.495000005,9.630299568,4.19870472,0,0,0,0,-7,0,0.658280969,0.252999991,0,0,0,0.335059495,0.335059495,0
AFGHANISTAN,700,1989,3,0,0,1,1.81400001,9.64943409,4.19870472,0,0,0,0,-7,0,0.658280969,0.252999991,0,0,0,0.335059495,0.335059495,0
AFGHANISTAN,700,1990,3,0,0,1,1.825999975,9.668650627,4.19870472,0,0,0,0,-8,0,0.658280969,0.252999991,0,0,0,0.335059495,0.335059495,0
AFGHANISTAN,700,1991,3,0,0,1,1.853000045,9.687877655,4.19870472,0,0,0,0,-8,0,0.658280969,0.252999991,0,0,0,0.335059495,0.335059495,0
AFGHANISTAN,700,1992,3,1,1,1,1.769000053,9.706864357,4.19870472,0,0,0,0,-8,0,0.658280969,0.252999991,1,1,1,0.335059495,0.335059495,0
AFGHANISTAN,700,1993,3,0,0,1,.,9.855347633,4.19870472,0,0,0,1,0,1,0.658280969,0.252999991,1,1,1,0.335059495,0.335059495,0
AFGHANISTAN,700,1994,3,0,0,1,.,10.00525951,4.19870472,0,0,0,1,0,1,0.658280969,0.252999991,1,1,1,0.335059495,0.335059495,0
AFGHANISTAN,700,1995,3,0,0,1,.,10.0340519,4.19870472,0,0,0,1,0,1,0.658280969,0.252999991,1,1,1,0.335059495,0.335059495,0
AFGHANISTAN,700,1996,3,0,0,1,.,10.06394672,4.19870472,0,0,0,1,0,1,0.658280969,0.252999991,0,0,0,0.335059495,0.335059495,0
AFGHANISTAN,700,1997,3,0,0,1,.,10.09433937,4.19870472,0,0,0,1,-7,0,0.658280969,0.252999991,0,0,0,0.335059495,0.335059495,0
AFGHANISTAN,700,1998,3,0,0,1,.,10.12522888,4.19870472,0,0,0,1,-7,0,0.658280969,0.252999991,0,0,0,0.335059495,0.335059495,0
AFGHANISTAN,700,1999,3,0,0,1,.,10.15661716,4.19870472,0,0,0,1,-7,0,0.658280969,0.252999991,0,0,0,0.335059495,0.335059495,0
TURKMENISTAN,701,1991,2,0,0,0,3.762000084,8.23270607,2.555398941,0,1,1,0,-8,0,0.462365568,0.092,0,0,0,0.00067945,0.00067945,0
TURKMENISTAN,701,1992,2,0,0,0,3.762000084,8.23270607,2.555398941,0,1,1,0,-8,0,0.462365568,0.092,0,0,0,0.00067945,0.00067945,0
TURKMENISTAN,701,1993,2,0,0,0,3.323999882,8.302018166,2.555398941,0,1,0,0,-9,0,0.462365568,0.092,0,0,0,0.00067945,0.00067945,0
TURKMENISTAN,701,1994,2,0,0,0,2.799999952,8.368228912,2.555398941,0,1,0,0,-9,0,0.462365568,0.092,0,0,0,0.00067945,0.00067945,0
TURKMENISTAN,701,1995,2,0,0,0,2.263999939,8.390722275,2.555398941,0,1,0,0,-9,0,0.462365568,0.092,0,0,0,0.00067945,0.00067945,0
TURKMENISTAN,701,1996,2,0,0,0,2.053999901,8.413608551,2.555398941,0,1,0,0,-9,0,0.462365568,0.092,0,0,0,0.00067945,0.00067945,0
TURKMENISTAN,701,1997,2,0,0,0,1.878000021,8.433376312,2.555398941,0,1,0,0,-9,0,0.462365568,0.092,0,0,0,0.00067945,0.00067945,0
TURKMENISTAN,701,1998,2,0,0,0,1.644999981,8.446341515,2.555398941,0,1,0,0,-9,0,0.462365568,0.092,0,0,0,0.00067945,0.00067945,0
TURKMENISTAN,701,1999,2,0,0,0,1.736999989,8.459139824,2.555398941,0,1,0,0,-9,0,0.462365568,0.092,0,0,0,0.00067945,0.00067945,0
TAJIKISTAN,702,1991,2,0,0,0,2.275000095,8.60593605,4.406719208,0,0,1,0,-2,1,0.551569521,0.25,0,0,0,0.050585289,0.050585289,0
TAJIKISTAN,702,1992,2,1,0,0,2.275000095,8.60593605,4.406719208,0,0,1,0,-2,1,0.551569521,0.25,0,0,0,0.050585289,0.050585289,0
TAJIKISTAN,702,1993,2,0,0,1,1.583999991,8.625329971,4.406719208,0,0,0,1,-6,0,0.551569521,0.25,0,0,0,0.050585289,0.050585289,0
TAJIKISTAN,702,1994,2,0,0,1,1.389000058,8.637284279,4.406719208,0,0,0,1,-6,0,0.551569521,0.25,0,0,0,0.050585289,0.050585289,0
TAJIKISTAN,702,1995,2,0,0,1,1.103999972,8.656085014,4.406719208,0,0,0,1,-6,0,0.551569521,0.25,0,0,0,0.050585289,0.050585289,0
TAJIKISTAN,702,1996,2,0,0,1,0.958999991,8.669914246,4.406719208,0,0,0,0,-6,0,0.551569521,0.25,0,0,0,0.050585289,0.050585289,0
TAJIKISTAN,702,1997,2,0,0,1,0.90200001,8.685585022,4.406719208,0,0,0,0,-6,0,0.551569521,0.25,0,0,0,0.050585289,0.050585289,0
TAJIKISTAN,702,1998,2,0,0,1,0.903999984,8.702343941,4.406719208,0,0,0,0,-5,1,0.551569521,0.25,0,0,0,0.050585289,0.050585289,0
TAJIKISTAN,702,1999,2,0,0,0,0.936999977,8.718173027,4.406719208,0,0,0,1,-1,1,0.551569521,0.25,0,0,0,0.050585289,0.050585289,0
KYRGYZSTAN,703,1991,2,0,0,0,2.871999979,8.400659561,4.045224667,0,0,1,0,-3,1,0.662595272,0.180000007,0,0,0,0.044228031,0.044228031,0
KYRGYZSTAN,703,1992,2,0,0,0,2.871999979,8.400659561,4.045224667,0,0,1,0,-3,1,0.662595272,0.180000007,0,0,0,0.044228031,0.044228031,0
KYRGYZSTAN,703,1993,2,0,0,0,2.450999975,8.409607887,4.045224667,0,0,0,0,-3,1,0.662595272,0.180000007,0,0,0,0.044228031,0.044228031,0
KYRGYZSTAN,703,1994,2,0,0,0,2.049999952,8.408047676,4.045224667,0,0,0,0,-3,1,0.662595272,0.180000007,0,0,0,0.044228031,0.044228031,0
KYRGYZSTAN,703,1995,2,0,0,0,1.639000058,8.405814171,4.045224667,0,0,0,0,-3,1,0.662595272,0.180000007,0,0,0,0.044228031,0.044228031,0
KYRGYZSTAN,703,1996,2,0,0,0,1.532999992,8.414938927,4.045224667,0,0,0,0,-3,1,0.662595272,0.180000007,0,0,0,0.044228031,0.044228031,0
KYRGYZSTAN,703,1997,2,0,0,0,1.618000031,8.428580284,4.045224667,0,0,0,0,-3,1,0.662595272,0.180000007,0,0,0,0.044228031,0.044228031,0
KYRGYZSTAN,703,1998,2,0,0,0,1.753000021,8.441391945,4.045224667,0,0,0,0,-3,1,0.662595272,0.180000007,0,0,0,0.044228031,0.044228031,0
KYRGYZSTAN,703,1999,2,0,0,0,1.763000011,8.454892159,4.045224667,0,0,0,0,-3,1,0.662595272,0.180000007,0,0,0,0.044228031,0.044228031,0
UZBEKISTAN,704,1991,2,0,0,0,2.816999912,9.950275421,3.086734772,0,0,1,0,-9,0,0.484536111,0.079999998,0,0,0,0.000394499,0.000394499,0
UZBEKISTAN,704,1992,2,0,0,0,2.816999912,9.950275421,3.086734772,0,0,1,0,-9,0,0.484536111,0.079999998,0,0,0,0.000394499,0.000394499,0
UZBEKISTAN,704,1993,2,0,0,0,2.443000078,9.985067368,3.086734772,0,0,0,0,-9,0,0.484536111,0.079999998,0,0,0,0.000394499,0.000394499,0
UZBEKISTAN,704,1994,2,0,0,0,2.332999945,9.996431351,3.086734772,0,0,0,0,-9,0,0.484536111,0.079999998,0,0,0,0.000394499,0.000394499,0
UZBEKISTAN,704,1995,2,0,0,0,2.16899991,10.01578903,3.086734772,0,0,0,0,-9,0,0.484536111,0.079999998,0,0,0,0.000394499,0.000394499,0
UZBEKISTAN,704,1996,2,0,0,0,2.111000061,10.03385735,3.086734772,0,0,0,0,-9,0,0.484536111,0.079999998,0,0,0,0.000394499,0.000394499,0
UZBEKISTAN,704,1997,2,0,0,0,2.105999947,10.05298424,3.086734772,0,0,0,0,-9,0,0.484536111,0.079999998,0,0,0,0.000394499,0.000394499,0
UZBEKISTAN,704,1998,2,0,0,0,2.118999958,10.07183743,3.086734772,0,0,0,0,-9,0,0.484536111,0.079999998,0,0,0,0.000394499,0.000394499,0
UZBEKISTAN,704,1999,2,0,0,0,2.174000025,10.08909512,3.086734772,0,0,0,0,-9,0,0.484536111,0.079999998,0,0,0,0.000394499,0.000394499,0
KAZAKHSTAN,705,1991,2,0,0,0,4.197999954,9.729729652,3.999877453,0,1,1,0,-3,1,0.688473523,0.35800001,0,0,0,0.353615732,0.353615732,0
KAZAKHSTAN,705,1992,2,0,0,0,4.197999954,9.729729652,3.999877453,0,1,1,0,-3,1,0.688473523,0.35800001,0,0,0,0.353615732,0.353615732,0
KAZAKHSTAN,705,1993,2,0,0,0,3.663000107,9.743318558,3.999877453,0,1,0,0,-3,1,0.688473523,0.35800001,0,0,0,0.353615732,0.353615732,0
KAZAKHSTAN,705,1994,2,0,0,0,3.33100009,9.709841728,3.999877453,0,1,0,0,-3,1,0.688473523,0.35800001,0,0,0,0.353615732,0.353615732,0
KAZAKHSTAN,705,1995,2,0,0,0,2.937999964,9.698736191,3.999877453,0,1,0,0,-3,1,0.688473523,0.35800001,0,0,0,0.353615732,0.353615732,0
KAZAKHSTAN,705,1996,2,0,0,0,2.723999977,9.68446064,3.999877453,0,1,0,0,-4,1,0.688473523,0.35800001,0,0,0,0.353615732,0.353615732,0
KAZAKHSTAN,705,1997,2,0,0,0,2.773999929,9.675394058,3.999877453,0,1,0,0,-4,1,0.688473523,0.35800001,0,0,0,0.353615732,0.353615732,0
KAZAKHSTAN,705,1998,2,0,0,0,2.865999937,9.66782856,3.999877453,0,1,0,0,-4,1,0.688473523,0.35800001,0,0,0,0.353615732,0.353615732,0
KAZAKHSTAN,705,1999,2,0,0,0,2.859999895,9.661723137,3.999877453,0,1,0,0,-4,1,0.688473523,0.35800001,0,0,0,0.353615732,0.353615732,0
CHINA,710,1945,3,0,0,0,0.232999995,13.21509933,3.648057461,0,0,0,0,.,.,0.11845237,0.0137,0,0,0,0,0,0
CHINA,710,1946,3,1,0,0,0.232999995,13.21509933,3.648057461,0,0,0,0,.,.,0.11845237,0.0137,0,0,0,0,0,0
CHINA,710,1947,3,0,0,1,0.225999996,13.22359943,3.648057461,0,0,0,0,-5,1,0.11845237,0.0137,0,0,0,0,0,0
CHINA,710,1948,3,0,0,1,0.247999996,13.23209953,3.648057461,0,0,0,0,-5,1,0.11845237,0.0137,0,0,0,0,0,0
CHINA,710,1949,3,0,0,1,0.256000012,13.24059963,3.648057461,0,0,0,0,-5,1,0.11845237,0.0137,0,0,0,0,0,0
CHINA,710,1950,3,1,2,1,0.254000008,13.24909973,3.648057461,0,0,0,1,-8,0,0.11845237,0.0137,0,0,0,0,0,0
CHINA,710,1951,3,0,0,1,0.272000015,13.25670052,3.648057461,0,0,0,1,-8,0,0.11845237,0.0137,0,0,0,0,0,0
CHINA,710,1952,3,0,0,1,0.289999992,13.26609993,3.648057461,0,0,0,1,-8,0,0.11845237,0.0137,0,0,0,0,0,0
CHINA,710,1953,3,0,0,0,0.305999994,13.27460003,3.648057461,0,0,0,0,-8,0,0.11845237,0.0137,0,0,0,0,0,0
CHINA,710,1954,3,0,0,0,0.32100001,13.28395462,3.648057461,0,0,0,0,-8,0,0.11845237,0.0137,0,0,0,0,0,0
CHINA,710,1955,3,0,0,0,0.338,13.30910873,3.648057461,0,0,0,0,-8,0,0.11845237,0.0137,0,0,0,0,0,0
CHINA,710,1956,3,1,2,0,0.354999989,13.32880783,3.648057461,0,0,0,0,-8,0,0.11845237,0.0137,0,0,0,0,0,0
CHINA,710,1957,3,0,0,1,0.370999992,13.35074139,3.648057461,0,0,0,0,-8,0,0.11845237,0.0137,0,0,0,0,0,0
CHINA,710,1958,3,0,0,1,0.388999999,13.3793745,3.648057461,0,0,0,0,-8,0,0.11845237,0.0137,0,0,0,0,0,0
CHINA,710,1959,3,0,0,1,0.444999993,13.39990425,3.648057461,0,0,0,0,-8,0,0.11845237,0.0137,0,0,0,0,0,0
CHINA,710,1960,3,0,0,1,0.479000002,13.41811752,3.648057461,0,0,0,0,-8,0,0.11845237,0.0137,0,0,0,0,0,0
CHINA,710,1961,3,0,0,0,0.566999972,13.41065502,3.648057461,0,0,0,0,-8,0,0.11845237,0.0137,0,0,0,0,0,0
CHINA,710,1962,3,0,0,0,0.476999998,13.40049934,3.648057461,0,0,0,0,-8,0,0.11845237,0.0137,0,0,0,0,0,0
CHINA,710,1963,3,0,0,0,0.444999993,13.4087038,3.648057461,0,0,0,0,-8,0,0.11845237,0.0137,0,0,0,0,0,0
CHINA,710,1964,3,0,0,0,0.469999999,13.43327332,3.648057461,0,0,0,0,-8,0,0.11845237,0.0137,0,0,0,0,0,0
CHINA,710,1965,3,0,0,0,0.518999994,13.45648003,3.648057461,0,0,0,0,-8,0,0.11845237,0.0137,0,0,0,0,0,0
CHINA,710,1966,3,0,0,0,0.577000022,13.48029327,3.648057461,0,0,0,0,-8,0,0.11845237,0.0137,0,0,0,0,0,0
CHINA,710,1967,3,0,0,0,0.640999973,13.50817394,3.648057461,0,0,0,0,-9,0,0.11845237,0.0137,0,0,0,0,0,0
CHINA,710,1968,3,0,0,0,0.596000016,13.53388119,3.648057461,0,0,0,0,-9,0,0.11845237,0.0137,0,0,0,0,0,0
CHINA,710,1969,3,0,0,0,0.546999991,13.55998993,3.648057461,0,0,0,0,-9,0,0.11845237,0.0137,0,0,0,0,0,0
CHINA,710,1970,3,0,0,0,0.616999984,13.58739567,3.648057461,0,0,0,0,-8,0,0.11845237,0.0137,0,0,0,0,0,0
CHINA,710,1971,3,0,0,0,0.69599998,13.61500263,3.648057461,0,0,0,0,-8,0,0.11845237,0.0137,0,0,0,0,0,0
CHINA,710,1972,3,0,0,0,0.708999991,13.64247131,3.648057461,0,0,0,0,-8,0,0.11845237,0.0137,0,0,0,0,0,0
CHINA,710,1973,3,0,0,0,0.712000012,13.66704559,3.648057461,0,0,0,0,-8,0,0.11845237,0.0137,0,0,0,0,0,0
CHINA,710,1974,3,0,0,0,0.74000001,13.68987942,3.648057461,0,0,0,0,-8,0,0.11845237,0.0137,0,0,0,0,0,0
CHINA,710,1975,3,0,0,0,0.736999989,13.71053886,3.648057461,0,0,0,0,-8,0,0.11845237,0.0137,0,0,0,0,0,0
CHINA,710,1976,3,0,0,0,0.765999973,13.72820282,3.648057461,0,0,0,0,-8,0,0.11845237,0.0137,0,0,0,0,0,0
CHINA,710,1977,3,0,0,0,0.725000024,13.74367619,3.648057461,0,0,0,0,-7,0,0.11845237,0.0137,0,0,0,0,0,0
CHINA,710,1978,3,0,0,0,0.762000024,13.75730419,3.648057461,0,0,0,0,-7,0,0.11845237,0.0137,0,0,0,0,0,0
CHINA,710,1979,3,0,0,0,0.823000014,13.77068615,3.648057461,0,0,0,0,-7,0,0.11845237,0.0137,0,0,0,0,0,0
CHINA,710,1980,3,0,0,0,0.879000008,13.78402519,3.648057461,0,0,0,0,-7,0,0.11845237,0.0137,0,0,0,0,0,0
CHINA,710,1981,3,0,0,0,0.972000003,13.79656696,3.648057461,0,0,0,0,-7,0,0.11845237,0.0137,0,0,0,0,0,0
CHINA,710,1982,3,0,0,0,0.966000021,13.80935287,3.648057461,0,0,0,0,-7,0,0.11845237,0.0137,0,0,0,0,0,0
CHINA,710,1983,3,0,0,0,0.963,13.82407284,3.648057461,0,0,0,0,-7,0,0.11845237,0.0137,0,0,0,0,0,0
CHINA,710,1984,3,0,0,0,1.029000044,13.83853149,3.648057461,0,0,0,0,-7,0,0.11845237,0.0137,0,0,0,0,0,0
CHINA,710,1985,3,0,0,0,1.136000037,13.85165215,3.648057461,0,0,0,0,-7,0,0.11845237,0.0137,0,0,0,0,0,0
CHINA,710,1986,3,0,0,0,1.261999965,13.86526489,3.648057461,0,0,0,0,-7,0,0.11845237,0.0137,0,0,0,0,0,0
CHINA,710,1987,3,0,0,0,1.238999963,13.88013458,3.648057461,0,0,0,0,-7,0,0.11845237,0.0137,0,0,0,0,0,0
CHINA,710,1988,3,0,0,0,1.261000037,13.8961668,3.648057461,0,0,0,0,-7,0,0.11845237,0.0137,0,0,0,0,0,0
CHINA,710,1989,3,0,0,0,1.325999975,13.91227055,3.648057461,0,0,0,0,-7,0,0.11845237,0.0137,0,0,0,0,0,0
CHINA,710,1990,3,0,0,0,1.351999998,13.92760563,3.648057461,0,0,0,0,-7,0,0.11845237,0.0137,0,0,0,0,0,0
CHINA,710,1991,3,1,2,0,1.324000001,13.94098186,3.648057461,0,0,0,0,-7,0,0.11845237,0.0137,0,0,0,0,0,0
CHINA,710,1992,3,0,0,1,1.378000021,13.95485783,3.648057461,0,0,0,0,-7,0,0.11845237,0.0137,0,0,0,0,0,0
CHINA,710,1993,3,0,0,1,1.493000031,13.96565342,3.648057461,0,0,0,0,-7,0,0.11845237,0.0137,0,0,0,0,0,0
CHINA,710,1994,3,0,0,1,1.675999999,13.97966957,3.648057461,0,0,0,0,-7,0,0.11845237,0.0137,0,0,0,0,0,0
CHINA,710,1995,3,0,0,1,1.870000005,13.99023533,3.648057461,0,0,0,0,-7,0,0.11845237,0.0137,0,0,0,0,0,0
CHINA,710,1996,3,0,0,1,2.04399991,14.00059795,3.648057461,0,0,0,0,-7,0,0.11845237,0.0137,0,0,0,0,0,0
CHINA,710,1997,3,0,0,1,2.21600008,14.01059532,3.648057461,0,0,0,0,-7,0,0.11845237,0.0137,0,0,0,0,0,0
CHINA,710,1998,3,0,0,1,2.388000011,14.02022648,3.648057461,0,0,0,0,-7,0,0.11845237,0.0137,0,0,0,0,0,0
CHINA,710,1999,3,0,0,1,2.549000025,14.02949142,3.648057461,0,0,0,0,-7,0,0.11845237,0.0137,0,0,0,0,0,0
MONGOLIA,712,1945,3,0,0,0,.,6.565265179,3.618993282,0,0,0,0,-9,0,0.383224964,0.052999999,0,0,0,3.41E-05,3.41E-05,0
MONGOLIA,712,1946,3,0,0,0,.,6.565265179,3.618993282,0,0,0,0,-9,0,0.383224964,0.052999999,0,0,0,3.41E-05,3.41E-05,0
MONGOLIA,712,1947,3,0,0,0,.,6.579251289,3.618993282,0,0,0,0,-9,0,0.383224964,0.052999999,0,0,0,3.41E-05,3.41E-05,0
MONGOLIA,712,1948,3,0,0,0,.,6.593044758,3.618993282,0,0,0,0,-9,0,0.383224964,0.052999999,0,0,0,3.41E-05,3.41E-05,0
MONGOLIA,712,1949,3,0,0,0,.,6.608000755,3.618993282,0,0,0,0,-9,0,0.383224964,0.052999999,0,0,0,3.41E-05,3.41E-05,0
MONGOLIA,712,1950,3,0,0,0,0.818000019,6.624065399,3.618993282,0,0,0,0,-9,0,0.383224964,0.052999999,0,0,0,3.41E-05,3.41E-05,0
MONGOLIA,712,1951,3,0,0,0,0.827000022,6.641181946,3.618993282,0,0,0,0,-9,0,0.383224964,0.052999999,0,0,0,3.41E-05,3.41E-05,0
MONGOLIA,712,1952,3,0,0,0,0.837000012,6.65801096,3.618993282,0,0,0,0,-9,0,0.383224964,0.052999999,0,0,0,3.41E-05,3.41E-05,0
MONGOLIA,712,1953,3,0,0,0,0.846000016,6.675823212,3.618993282,0,0,0,0,-7,0,0.383224964,0.052999999,0,0,0,3.41E-05,3.41E-05,0
MONGOLIA,712,1954,3,0,0,0,0.843999982,6.693323612,3.618993282,0,0,0,0,-7,0,0.383224964,0.052999999,0,0,0,3.41E-05,3.41E-05,0
MONGOLIA,712,1955,3,0,0,0,0.841000021,6.709304333,3.618993282,0,0,0,0,-7,0,0.383224964,0.052999999,0,0,0,3.41E-05,3.41E-05,0
MONGOLIA,712,1956,3,0,0,0,0.842000008,6.728628635,3.618993282,0,0,0,0,-7,0,0.383224964,0.052999999,0,0,0,3.41E-05,3.41E-05,0
MONGOLIA,712,1957,3,0,0,0,0.994000018,6.749931335,3.618993282,0,0,0,0,-7,0,0.383224964,0.052999999,0,0,0,3.41E-05,3.41E-05,0
MONGOLIA,712,1958,3,0,0,0,1.095000029,6.771935463,3.618993282,0,0,0,0,-7,0,0.383224964,0.052999999,0,0,0,3.41E-05,3.41E-05,0
MONGOLIA,712,1959,3,0,0,0,1.167000055,6.799056053,3.618993282,0,0,0,0,-7,0,0.383224964,0.052999999,0,0,0,3.41E-05,3.41E-05,0
MONGOLIA,712,1960,3,0,0,0,1.256999969,6.827629089,3.618993282,0,0,0,0,-7,0,0.383224964,0.052999999,0,0,0,3.41E-05,3.41E-05,0
MONGOLIA,712,1961,3,0,0,0,1.274000049,6.859614849,3.618993282,0,0,0,0,-7,0,0.383224964,0.052999999,0,0,0,3.41E-05,3.41E-05,0
MONGOLIA,712,1962,3,0,0,0,1.351999998,6.890609264,3.618993282,0,0,0,0,-7,0,0.383224964,0.052999999,0,0,0,3.41E-05,3.41E-05,0
MONGOLIA,712,1963,3,0,0,0,1.419999957,6.915723324,3.618993282,0,0,0,0,-7,0,0.383224964,0.052999999,0,0,0,3.41E-05,3.41E-05,0
MONGOLIA,712,1964,3,0,0,0,1.42900002,6.938284397,3.618993282,0,0,0,0,-7,0,0.383224964,0.052999999,0,0,0,3.41E-05,3.41E-05,0
MONGOLIA,712,1965,3,0,0,0,1.379999995,6.966967106,3.618993282,0,0,0,0,-7,0,0.383224964,0.052999999,0,0,0,3.41E-05,3.41E-05,0
MONGOLIA,712,1966,3,0,0,0,1.529000044,6.993933201,3.618993282,0,0,0,0,-7,0,0.383224964,0.052999999,0,0,0,3.41E-05,3.41E-05,0
MONGOLIA,712,1967,3,0,0,0,1.524999976,7.020190716,3.618993282,0,0,0,0,-7,0,0.383224964,0.052999999,0,0,0,3.41E-05,3.41E-05,0
MONGOLIA,712,1968,3,0,0,0,1.583999991,7.0475173,3.618993282,0,0,0,0,-7,0,0.383224964,0.052999999,0,0,0,3.41E-05,3.41E-05,0
MONGOLIA,712,1969,3,0,0,0,1.664999962,7.074116707,3.618993282,0,0,0,0,-7,0,0.383224964,0.052999999,0,0,0,3.41E-05,3.41E-05,0
MONGOLIA,712,1970,3,0,0,0,1.72300005,7.101675987,3.618993282,0,0,0,0,-7,0,0.383224964,0.052999999,0,0,0,3.41E-05,3.41E-05,0
MONGOLIA,712,1971,3,0,0,0,1.805999994,7.129297733,3.618993282,0,0,0,0,-7,0,0.383224964,0.052999999,0,0,0,3.41E-05,3.41E-05,0
MONGOLIA,712,1972,3,0,0,0,1.860000014,7.156956196,3.618993282,0,0,0,0,-7,0,0.383224964,0.052999999,0,0,0,3.41E-05,3.41E-05,0
MONGOLIA,712,1973,3,0,0,0,1.924999952,7.186144352,3.618993282,0,0,0,0,-7,0,0.383224964,0.052999999,0,0,0,3.41E-05,3.41E-05,0
MONGOLIA,712,1974,3,0,0,0,1.980999947,7.215240002,3.618993282,0,0,0,0,-7,0,0.383224964,0.052999999,0,0,0,3.41E-05,3.41E-05,0
MONGOLIA,712,1975,3,0,0,0,2.046999931,7.246367931,3.618993282,0,0,0,0,-7,0,0.383224964,0.052999999,0,0,0,3.41E-05,3.41E-05,0
MONGOLIA,712,1976,3,0,0,0,2.118999958,7.275172234,3.618993282,0,0,0,0,-7,0,0.383224964,0.052999999,0,0,0,3.41E-05,3.41E-05,0
MONGOLIA,712,1977,3,0,0,0,2.203999996,7.304515839,3.618993282,0,0,0,0,-7,0,0.383224964,0.052999999,0,0,0,3.41E-05,3.41E-05,0
MONGOLIA,712,1978,3,0,0,0,2.315000057,7.333676338,3.618993282,0,0,0,0,-7,0,0.383224964,0.052999999,0,0,0,3.41E-05,3.41E-05,0
MONGOLIA,712,1979,3,0,0,0,2.444999933,7.362645149,3.618993282,0,0,0,0,-7,0,0.383224964,0.052999999,0,0,0,3.41E-05,3.41E-05,0
MONGOLIA,712,1980,3,0,0,0,2.536000013,7.374629021,3.618993282,0,0,0,0,-7,0,0.383224964,0.052999999,0,0,0,3.41E-05,3.41E-05,0
MONGOLIA,712,1981,3,0,0,0,2.650000095,7.402451515,3.618993282,0,0,0,0,-7,0,0.383224964,0.052999999,0,0,0,3.41E-05,3.41E-05,0
MONGOLIA,712,1982,3,0,0,0,1.572999954,7.429520607,3.618993282,0,0,0,0,-7,0,0.383224964,0.052999999,0,0,0,3.41E-05,3.41E-05,0
MONGOLIA,712,1983,3,0,0,0,1.654999971,7.465082645,3.618993282,0,0,0,0,-7,0,0.383224964,0.052999999,0,0,0,3.41E-05,3.41E-05,0
MONGOLIA,712,1984,3,0,0,0,1.703999996,7.488852978,3.618993282,0,0,0,0,-7,0,0.383224964,0.052999999,0,0,0,3.41E-05,3.41E-05,0
MONGOLIA,712,1985,3,0,0,0,1.758000016,7.526717663,3.618993282,0,0,0,0,-7,0,0.383224964,0.052999999,0,0,0,3.41E-05,3.41E-05,0
MONGOLIA,712,1986,3,0,0,0,1.85800004,7.554334641,3.618993282,0,0,0,0,-7,0,0.383224964,0.052999999,0,0,0,3.41E-05,3.41E-05,0
MONGOLIA,712,1987,3,0,0,0,1.906000018,7.581719875,3.618993282,0,0,0,0,-7,0,0.383224964,0.052999999,0,0,0,3.41E-05,3.41E-05,0
MONGOLIA,712,1988,3,0,0,0,1.855000019,7.609366417,3.618993282,0,0,0,0,-7,0,0.383224964,0.052999999,0,0,0,3.41E-05,3.41E-05,0
MONGOLIA,712,1989,3,0,0,0,1.886000037,7.636752129,3.618993282,0,0,0,0,-7,0,0.383224964,0.052999999,0,0,0,3.41E-05,3.41E-05,0
MONGOLIA,712,1990,3,0,0,0,2.007999897,7.664346695,3.618993282,0,0,0,0,-7,0,0.383224964,0.052999999,0,0,0,3.41E-05,3.41E-05,0
MONGOLIA,712,1991,3,0,0,0,1.842000008,7.69165659,3.618993282,0,0,0,1,2,1,0.383224964,0.052999999,0,0,0,3.41E-05,3.41E-05,0
MONGOLIA,712,1992,3,0,0,0,1.644000053,7.718685627,3.618993282,0,0,0,1,2,1,0.383224964,0.052999999,0,0,0,3.41E-05,3.41E-05,0
MONGOLIA,712,1993,3,0,0,0,1.463999987,7.745002747,3.618993282,0,0,0,1,9,0,0.383224964,0.052999999,0,0,0,3.41E-05,3.41E-05,0
MONGOLIA,712,1994,3,0,0,0,1.398000002,7.763935089,3.618993282,0,0,0,1,9,0,0.383224964,0.052999999,0,0,0,3.41E-05,3.41E-05,0
MONGOLIA,712,1995,3,0,0,0,1.409000039,7.784094334,3.618993282,0,0,0,1,9,0,0.383224964,0.052999999,0,0,0,3.41E-05,3.41E-05,0
MONGOLIA,712,1996,3,0,0,0,1.476999998,7.804251194,3.618993282,0,0,0,0,9,0,0.383224964,0.052999999,0,0,0,3.41E-05,3.41E-05,0
MONGOLIA,712,1997,3,0,0,0,1.493999958,7.82314539,3.618993282,0,0,0,0,10,0,0.383224964,0.052999999,0,0,0,3.41E-05,3.41E-05,0
MONGOLIA,712,1998,3,0,0,0,1.534999967,7.840777397,3.618993282,0,0,0,0,10,0,0.383224964,0.052999999,0,0,0,3.41E-05,3.41E-05,0
MONGOLIA,712,1999,3,0,0,0,1.572000027,7.857140541,3.618993282,0,0,0,0,10,0,0.383224964,0.052999999,0,0,0,3.41E-05,3.41E-05,0
TAIWAN,713,1949,3,0,0,0,0.773000002,8.86770916,3.862832785,0,0,1,0,-8,0,0.274399996,0.140000001,1,1,1,0.001900568,0.001900568,0
TAIWAN,713,1950,3,0,0,0,0.773000002,8.86770916,3.862832785,0,0,1,0,-8,0,0.274399996,0.140000001,1,1,1,0.001900568,0.001900568,0
TAIWAN,713,1951,3,0,0,0,0.721000016,8.938400269,3.862832785,0,0,0,0,-8,0,0.274399996,0.140000001,1,1,1,0.001900568,0.001900568,0
TAIWAN,713,1952,3,0,0,0,0.88499999,8.951569557,3.862832785,0,0,0,0,-8,0,0.274399996,0.140000001,1,1,1,0.001900568,0.001900568,0
TAIWAN,713,1953,3,0,0,0,0.976000011,8.987196922,3.862832785,0,0,0,0,-8,0,0.274399996,0.140000001,1,1,1,0.001900568,0.001900568,0
TAIWAN,713,1954,3,0,0,0,1.029000044,9.019180298,3.862832785,0,0,0,0,-8,0,0.274399996,0.140000001,1,1,1,0.001900568,0.001900568,0
TAIWAN,713,1955,3,0,0,0,1.087000012,9.061840057,3.862832785,0,0,0,0,-8,0,0.274399996,0.140000001,1,1,1,0.001900568,0.001900568,0
TAIWAN,713,1956,3,0,0,0,1.116000056,9.094929695,3.862832785,0,0,0,0,-8,0,0.274399996,0.140000001,1,1,1,0.001900568,0.001900568,0
TAIWAN,713,1957,3,0,0,0,1.128999949,9.131297112,3.862832785,0,0,0,0,-8,0,0.274399996,0.140000001,1,1,1,0.001900568,0.001900568,0
TAIWAN,713,1958,3,0,0,0,1.148000002,9.178850174,3.862832785,0,0,0,0,-8,0,0.274399996,0.140000001,1,1,1,0.001900568,0.001900568,0
TAIWAN,713,1959,3,0,0,0,1.187999964,9.214232445,3.862832785,0,0,0,0,-8,0,0.274399996,0.140000001,1,1,1,0.001900568,0.001900568,0
TAIWAN,713,1960,3,0,0,0,1.225999951,9.252537727,3.862832785,0,0,0,0,-8,0,0.274399996,0.140000001,1,1,1,0.001900568,0.001900568,0
TAIWAN,713,1961,3,0,0,0,1.256000042,9.286560059,3.862832785,0,0,0,0,-8,0,0.274399996,0.140000001,1,1,1,0.001900568,0.001900568,0
TAIWAN,713,1962,3,0,0,0,1.297999978,9.319105148,3.862832785,0,0,0,0,-8,0,0.274399996,0.140000001,1,1,1,0.001900568,0.001900568,0
TAIWAN,713,1963,3,0,0,0,1.355000019,9.351058006,3.862832785,0,0,0,0,-8,0,0.274399996,0.140000001,1,1,1,0.001900568,0.001900568,0
TAIWAN,713,1964,3,0,0,0,1.419999957,9.382863998,3.862832785,0,0,0,0,-8,0,0.274399996,0.140000001,1,1,1,0.001900568,0.001900568,0
TAIWAN,713,1965,3,0,0,0,1.542000055,9.413852692,3.862832785,0,0,0,0,-8,0,0.274399996,0.140000001,1,1,1,0.001900568,0.001900568,0
TAIWAN,713,1966,3,0,0,0,1.659999967,9.44367218,3.862832785,0,0,0,0,-8,0,0.274399996,0.140000001,1,1,1,0.001900568,0.001900568,0
TAIWAN,713,1967,3,0,0,0,1.735000014,9.472166061,3.862832785,0,0,0,0,-8,0,0.274399996,0.140000001,1,1,1,0.001900568,0.001900568,0
TAIWAN,713,1968,3,0,0,0,1.883000016,9.495293617,3.862832785,0,0,0,0,-8,0,0.274399996,0.140000001,1,1,1,0.001900568,0.001900568,0
TAIWAN,713,1969,3,0,0,0,1.950000048,9.521494865,3.862832785,0,0,0,0,-8,0,0.274399996,0.140000001,1,1,1,0.001900568,0.001900568,0
TAIWAN,713,1970,3,0,0,0,2.019000053,9.570459366,3.862832785,0,0,0,0,-8,0,0.274399996,0.140000001,1,1,1,0.001900568,0.001900568,0
TAIWAN,713,1971,3,0,0,0,2.187999964,9.593968391,3.862832785,0,0,0,0,-8,0,0.274399996,0.140000001,1,1,1,0.001900568,0.001900568,0
TAIWAN,713,1972,3,0,0,0,2.39199996,9.61547184,3.862832785,0,0,0,0,-8,0,0.274399996,0.140000001,1,1,1,0.001900568,0.001900568,0
TAIWAN,713,1973,3,0,0,0,2.625999928,9.634888649,3.862832785,0,0,0,0,-8,0,0.274399996,0.140000001,1,1,1,0.001900568,0.001900568,0
TAIWAN,713,1974,3,0,0,0,2.914000034,9.652780533,3.862832785,0,0,0,0,-8,0,0.274399996,0.140000001,1,1,1,0.001900568,0.001900568,0
TAIWAN,713,1975,3,0,0,0,3.003000021,9.671051025,3.862832785,0,0,0,0,-8,0,0.274399996,0.140000001,1,1,1,0.001900568,0.001900568,0
TAIWAN,713,1976,3,0,0,0,3.042000055,9.689675331,3.862832785,0,0,0,0,-7,0,0.274399996,0.140000001,1,1,1,0.001900568,0.001900568,0
TAIWAN,713,1977,3,0,0,0,3.345000029,9.711600304,3.862832785,0,0,0,0,-7,0,0.274399996,0.140000001,1,1,1,0.001900568,0.001900568,0
TAIWAN,713,1978,3,0,0,0,3.569999933,9.72990799,3.862832785,0,0,0,0,-7,0,0.274399996,0.140000001,1,1,1,0.001900568,0.001900568,0
TAIWAN,713,1979,3,0,0,0,3.920000076,9.748936653,3.862832785,0,0,0,0,-7,0,0.274399996,0.140000001,1,1,1,0.001900568,0.001900568,0
TAIWAN,713,1980,3,0,0,0,4.248000145,9.768755913,3.862832785,0,0,0,0,-7,0,0.274399996,0.140000001,1,1,1,0.001900568,0.001900568,0
TAIWAN,713,1981,3,0,0,0,4.459000111,9.787234306,3.862832785,0,0,0,0,-7,0,0.274399996,0.140000001,1,1,1,0.001900568,0.001900568,0
TAIWAN,713,1982,3,0,0,0,4.592999935,9.805654526,3.862832785,0,0,0,0,-7,0,0.274399996,0.140000001,1,1,1,0.001900568,0.001900568,0
TAIWAN,713,1983,3,0,0,0,4.642000198,9.823253632,3.862832785,0,0,0,0,-7,0,0.274399996,0.140000001,1,1,1,0.001900568,0.001900568,0
TAIWAN,713,1984,3,0,0,0,4.90199995,9.838042259,3.862832785,0,0,0,0,-7,0,0.274399996,0.140000001,1,1,1,0.001900568,0.001900568,0
TAIWAN,713,1985,3,0,0,0,5.294000149,9.852878571,3.862832785,0,0,0,0,-7,0,0.274399996,0.140000001,1,1,1,0.001900568,0.001900568,0
TAIWAN,713,1986,3,0,0,0,5.448999882,9.865681648,3.862832785,0,0,0,0,-7,0,0.274399996,0.140000001,1,1,1,0.001900568,0.001900568,0
TAIWAN,713,1987,3,0,0,0,5.901000023,9.875859261,3.862832785,0,0,0,0,-7,0,0.274399996,0.140000001,1,1,1,0.001900568,0.001900568,0
TAIWAN,713,1988,3,0,0,0,6.59800005,9.887001991,3.862832785,0,0,0,1,-1,1,0.274399996,0.140000001,0,0,0,0.001900568,0.001900568,0
TAIWAN,713,1989,3,0,0,0,7.169000149,9.898675919,3.862832785,0,0,0,1,-1,1,0.274399996,0.140000001,0,0,0,0.001900568,0.001900568,0
TAIWAN,713,1990,3,0,0,0,7.721000195,9.908524513,3.862832785,0,0,0,1,-1,1,0.274399996,0.140000001,0,0,0,0.001900568,0.001900568,0
TAIWAN,713,1991,3,0,0,0,8.062999725,9.920983315,3.862832785,0,0,0,0,-1,1,0.274399996,0.140000001,0,0,0,0.001900568,0.001900568,0
TAIWAN,713,1992,3,0,0,0,8.583000183,9.925933838,3.862832785,0,0,0,0,-1,1,0.274399996,0.140000001,0,0,0,0.001900568,0.001900568,0
TAIWAN,713,1993,3,0,0,0,9.083000183,9.934792519,3.862832785,0,0,0,1,7,0,0.274399996,0.140000001,0,0,0,0.001900568,0.001900568,0
TAIWAN,713,1994,3,0,0,0,9.569999695,9.943813324,3.862832785,0,0,0,1,7,0,0.274399996,0.140000001,0,0,0,0.001900568,0.001900568,0
TAIWAN,713,1995,3,0,0,0,10.09799957,9.953515053,3.862832785,0,0,0,1,7,0,0.274399996,0.140000001,0,0,0,0.001900568,0.001900568,0
TAIWAN,713,1996,3,0,0,0,10.60999966,9.962557793,3.862832785,0,0,0,0,7,0,0.274399996,0.140000001,0,0,0,0.001900568,0.001900568,0
TAIWAN,713,1997,3,0,0,0,11.12699986,9.970538139,3.862832785,0,0,0,0,8,0,0.274399996,0.140000001,0,0,0,0.001900568,0.001900568,0
TAIWAN,713,1998,3,0,0,0,11.72900009,9.98368454,3.862832785,0,0,0,0,9,0,0.274399996,0.140000001,0,0,0,0.001900568,0.001900568,0
TAIWAN,713,1999,3,0,0,0,12.18099976,9.990582466,3.862832785,0,0,0,0,9,0,0.274399996,0.140000001,0,0,0,0.001900568,0.001900568,0
N. KOREA,731,1948,3,0,0,0,.,9.382274628,2.264569998,0,0,1,0,-7,0,0.001,0.001,0,0,0,0,0,0
N. KOREA,731,1949,3,0,0,0,.,9.382274628,2.264569998,0,0,1,0,-7,0,0.001,0.001,0,0,0,0,0,0
N. KOREA,731,1950,3,0,0,0,1.075999975,9.114159584,2.264569998,0,0,0,0,-7,0,0.001,0.001,0,0,0,0,0,0
N. KOREA,731,1951,3,0,0,0,1.029999971,9.155883789,2.264569998,0,0,0,0,-7,0,0.001,0.001,0,0,0,0,0,0
N. KOREA,731,1952,3,0,0,0,0.69599998,9.142917633,2.264569998,0,0,0,0,-7,0,0.001,0.001,0,0,0,0,0,0
N. KOREA,731,1953,3,0,0,0,0.670000017,9.116029739,2.264569998,0,0,0,0,-7,0,0.001,0.001,0,0,0,0,0,0
N. KOREA,731,1954,3,0,0,0,0.68900001,9.103311539,2.264569998,0,0,0,0,-7,0,0.001,0.001,0,0,0,0,0,0
N. KOREA,731,1955,3,0,0,0,0.916999996,9.103979111,2.264569998,0,0,0,0,-7,0,0.001,0.001,0,0,0,0,0,0
N. KOREA,731,1956,3,0,0,0,1.098999977,9.116029739,2.264569998,0,0,0,0,-7,0,0.001,0.001,0,0,0,0,0,0
N. KOREA,731,1957,3,0,0,0,1.175999999,9.137339592,2.264569998,0,0,0,0,-8,0,0.001,0.001,0,0,0,0,0,0
N. KOREA,731,1958,3,0,0,0,1.263000011,9.165029526,2.264569998,0,0,0,0,-8,0,0.001,0.001,0,0,0,0,0,0
N. KOREA,731,1959,3,0,0,0,1.353000045,9.19664669,2.264569998,0,0,0,0,-8,0,0.001,0.001,0,0,0,0,0,0
N. KOREA,731,1960,3,0,0,0,1.460000038,9.229456902,2.264569998,0,0,0,0,-8,0,0.001,0.001,0,0,0,0,0,0
N. KOREA,731,1961,3,0,0,0,1.546000004,9.261603355,2.264569998,0,0,0,0,-8,0,0.001,0.001,0,0,0,0,0,0
N. KOREA,731,1962,3,0,0,0,1.600999951,9.291920662,2.264569998,0,0,0,0,-8,0,0.001,0.001,0,0,0,0,0,0
N. KOREA,731,1963,3,0,0,0,1.675999999,9.320091248,2.264569998,0,0,0,0,-8,0,0.001,0.001,0,0,0,0,0,0
N. KOREA,731,1964,3,0,0,0,1.723999977,9.346966743,2.264569998,0,0,0,0,-8,0,0.001,0.001,0,0,0,0,0,0
N. KOREA,731,1965,3,0,0,0,1.799000025,9.373054504,2.264569998,0,0,0,0,-8,0,0.001,0.001,0,0,0,0,0,0
N. KOREA,731,1966,3,0,0,0,1.934000015,9.400960922,2.264569998,0,0,0,0,-8,0,0.001,0.001,0,0,0,0,0,0
N. KOREA,731,1967,3,0,0,0,2.051000118,9.428672791,2.264569998,0,0,0,0,-9,0,0.001,0.001,0,0,0,0,0,0
N. KOREA,731,1968,3,0,0,0,2.124000072,9.456184387,2.264569998,0,0,0,0,-9,0,0.001,0.001,0,0,0,0,0,0
N. KOREA,731,1969,3,0,0,0,2.256000042,9.48425293,2.264569998,0,0,0,0,-9,0,0.001,0.001,0,0,0,0,0,0
N. KOREA,731,1970,3,0,0,0,2.276000023,9.511777878,2.264569998,0,0,0,0,-9,0,0.001,0.001,0,0,0,0,0,0
N. KOREA,731,1971,3,0,0,0,2.346999884,9.539068222,2.264569998,0,0,0,0,-9,0,0.001,0.001,0,0,0,0,0,0
N. KOREA,731,1972,3,0,0,0,2.588000059,9.566124916,2.264569998,0,0,0,0,-9,0,0.001,0.001,0,0,0,0,0,0
N. KOREA,731,1973,3,0,0,0,2.49000001,9.592946053,2.264569998,0,0,0,0,-9,0,0.001,0.001,0,0,0,0,0,0
N. KOREA,731,1974,3,0,0,0,2.582000017,9.619399071,2.264569998,0,0,0,0,-9,0,0.001,0.001,0,0,0,0,0,0
N. KOREA,731,1975,3,0,0,0,2.653000116,9.645428658,2.264569998,0,0,0,0,-9,0,0.001,0.001,0,0,0,0,0,0
N. KOREA,731,1976,3,0,0,0,2.734999895,9.671051025,2.264569998,0,0,0,0,-9,0,0.001,0.001,0,0,0,0,0,0
N. KOREA,731,1977,3,0,0,0,2.789999962,9.696155548,2.264569998,0,0,0,0,-9,0,0.001,0.001,0,0,0,0,0,0
N. KOREA,731,1978,3,0,0,0,2.868000031,9.720826149,2.264569998,0,0,0,0,-9,0,0.001,0.001,0,0,0,0,0,0
N. KOREA,731,1979,3,0,0,0,2.937000036,9.745195389,2.264569998,0,0,0,0,-9,0,0.001,0.001,0,0,0,0,0,0
N. KOREA,731,1980,3,0,0,0,2.98300004,9.768527031,2.264569998,0,0,0,0,-9,0,0.001,0.001,0,0,0,0,0,0
N. KOREA,731,1981,3,0,0,0,3.065000057,9.792108536,2.264569998,0,0,0,0,-9,0,0.001,0.001,0,0,0,0,0,0
N. KOREA,731,1982,3,0,0,0,3.114000082,9.815585136,2.264569998,0,0,0,0,-9,0,0.001,0.001,0,0,0,0,0,0
N. KOREA,731,1983,3,0,0,0,3.174999952,9.846970558,2.264569998,0,0,0,0,-9,0,0.001,0.001,0,0,0,0,0,0
N. KOREA,731,1984,3,0,0,0,3.292000055,9.863810539,2.264569998,0,0,0,0,-9,0,0.001,0.001,0,0,0,0,0,0
N. KOREA,731,1985,3,0,0,0,3.355000019,9.880679131,2.264569998,0,0,0,0,-9,0,0.001,0.001,0,0,0,0,0,0
N. KOREA,731,1986,3,0,0,0,3.447999954,9.897871971,2.264569998,0,0,0,0,-9,0,0.001,0.001,0,0,0,0,0,0
N. KOREA,731,1987,3,0,0,0,3.523000002,9.915317535,2.264569998,0,0,0,0,-9,0,0.001,0.001,0,0,0,0,0,0
N. KOREA,731,1988,3,0,0,0,3.578999996,9.933094978,2.264569998,0,0,0,0,-9,0,0.001,0.001,0,0,0,0,0,0
N. KOREA,731,1989,3,0,0,0,4.065000057,9.951181412,2.264569998,0,0,0,0,-9,0,0.001,0.001,0,0,0,0,0,0
N. KOREA,731,1990,3,0,0,0,4.186999798,9.969602585,2.264569998,0,0,0,0,-9,0,0.001,0.001,0,0,0,0,0,0
N. KOREA,731,1991,3,0,0,0,4.271999836,9.988426208,2.264569998,0,0,0,0,-9,0,0.001,0.001,0,0,0,0,0,0
N. KOREA,731,1992,3,0,0,0,4.359000206,10.00753212,2.264569998,0,0,0,0,-9,0,0.001,0.001,0,0,0,0,0,0
N. KOREA,731,1993,3,0,0,0,.,10.03976536,2.264569998,0,0,0,0,-9,0,0.001,0.001,0,0,0,0,0,0
N. KOREA,731,1994,3,0,0,0,.,9.975842476,2.264569998,0,0,0,0,-9,0,0.001,0.001,0,0,0,0,0,0
N. KOREA,731,1995,3,0,0,0,.,9.992650986,2.264569998,0,0,0,0,-9,0,0.001,0.001,0,0,0,0,0,0
N. KOREA,731,1996,3,0,0,0,.,10.00960255,2.264569998,0,0,0,0,-9,0,0.001,0.001,0,0,0,0,0,0
N. KOREA,731,1997,3,0,0,0,.,10.02492046,2.264569998,0,0,0,0,-9,0,0.001,0.001,0,0,0,0,0,0
N. KOREA,731,1998,3,0,0,0,.,10.03860378,2.264569998,0,0,0,0,-9,0,0.001,0.001,0,0,0,0,0,0
N. KOREA,731,1999,3,0,0,0,.,10.0506525,2.264569998,0,0,0,0,-9,0,0.001,0.001,0,0,0,0,0,0
S. KOREA,732,1949,3,1,0,0,0.507000029,9.913833618,2.292534828,1,0,1,0,-3,1,0.004117548,0.002,0,0,0,0,0,0
S. KOREA,732,1950,3,0,0,1,0.507000029,9.913833618,2.292534828,1,0,1,0,-3,1,0.004117548,0.002,0,0,0,0,0,0
S. KOREA,732,1951,3,0,0,1,0.606000006,9.921131134,2.292534828,1,0,0,0,-3,1,0.004117548,0.002,0,0,0,0,0,0
S. KOREA,732,1952,3,0,0,0,0.651000023,9.921818733,2.292534828,1,0,0,0,-3,1,0.004117548,0.002,0,0,0,0,0,0
S. KOREA,732,1953,3,0,0,0,0.666999996,9.927204132,2.292534828,1,0,0,0,-4,1,0.004117548,0.002,0,0,0,0,0,0
S. KOREA,732,1954,3,0,0,0,0.796000004,9.942131042,2.292534828,1,0,0,0,-4,1,0.004117548,0.002,0,0,0,0,0,0
S. KOREA,732,1955,3,0,0,0,0.816999972,9.952230453,2.292534828,1,0,0,0,-4,1,0.004117548,0.002,0,0,0,0,0,0
S. KOREA,732,1956,3,0,0,0,0.879000008,9.962227821,2.292534828,1,0,0,0,-4,1,0.004117548,0.002,0,0,0,0,0,0
S. KOREA,732,1957,3,0,0,0,0.882000029,9.995200157,2.292534828,1,0,0,0,-4,1,0.004117548,0.002,0,0,0,0,0,0
S. KOREA,732,1958,3,0,0,0,0.926999986,10.0270319,2.292534828,1,0,0,0,-4,1,0.004117548,0.002,0,0,0,0,0,0
S. KOREA,732,1959,3,0,0,0,0.925999999,10.05788136,2.292534828,1,0,0,0,-4,1,0.004117548,0.002,0,0,0,0,0,0
S. KOREA,732,1960,3,0,0,0,0.920000017,10.0878067,2.292534828,1,0,0,0,-4,1,0.004117548,0.002,0,0,0,0,0,0
S. KOREA,732,1961,3,0,0,0,0.903999984,10.1168232,2.292534828,1,0,0,1,8,0,0.004117548,0.002,0,0,0,0,0,0
S. KOREA,732,1962,3,0,0,0,0.917999983,10.14329147,2.292534828,1,0,0,1,-7,0,0.004117548,0.002,0,0,0,0,0,0
S. KOREA,732,1963,3,0,0,0,0.927999973,10.16957569,2.292534828,1,0,0,1,-7,0,0.004117548,0.002,0,0,0,0,0,0
S. KOREA,732,1964,3,0,0,0,0.989000022,10.19600773,2.292534828,1,0,0,1,3,1,0.004117548,0.002,0,0,0,0,0,0
S. KOREA,732,1965,3,0,0,0,1.024000049,10.22245026,2.292534828,1,0,0,1,3,1,0.004117548,0.002,0,0,0,0,0,0
S. KOREA,732,1966,3,0,0,0,1.057999969,10.25488377,2.292534828,1,0,0,1,3,1,0.004117548,0.002,0,0,0,0,0,0
S. KOREA,732,1967,3,0,0,0,1.162999988,10.28007317,2.292534828,1,0,0,0,3,1,0.004117548,0.002,0,0,0,0,0,0
S. KOREA,732,1968,3,0,0,0,1.213999987,10.30343723,2.292534828,1,0,0,0,3,1,0.004117548,0.002,0,0,0,0,0,0
S. KOREA,732,1969,3,0,0,0,1.338000059,10.32649803,2.292534828,1,0,0,0,3,1,0.004117548,0.002,0,0,0,0,0,0
S. KOREA,732,1970,3,0,0,0,1.457000017,10.34923077,2.292534828,1,0,0,0,3,1,0.004117548,0.002,0,0,0,0,0,0
S. KOREA,732,1971,3,0,0,0,1.679999948,10.37108231,2.292534828,1,0,0,0,3,1,0.004117548,0.002,0,0,0,0,0,0
S. KOREA,732,1972,3,0,0,0,1.815000057,10.39194489,2.292534828,1,0,0,0,3,1,0.004117548,0.002,0,0,0,0,0,0
S. KOREA,732,1973,3,0,0,0,1.845000029,10.41229153,2.292534828,1,0,0,1,-9,0,0.004117548,0.002,0,0,0,0,0,0
S. KOREA,732,1974,3,0,0,0,2.065999985,10.43220234,2.292534828,1,0,0,1,-8,0,0.004117548,0.002,0,0,0,0,0,0
S. KOREA,732,1975,3,0,0,0,2.236000061,10.45178223,2.292534828,1,0,0,1,-8,0,0.004117548,0.002,0,0,0,0,0,0
S. KOREA,732,1976,3,0,0,0,2.322999954,10.47109985,2.292534828,1,0,0,0,-8,0,0.004117548,0.002,0,0,0,0,0,0
S. KOREA,732,1977,3,0,0,0,2.558000088,10.48707104,2.292534828,1,0,0,0,-8,0,0.004117548,0.002,0,0,0,0,0,0
S. KOREA,732,1978,3,0,0,0,2.779999971,10.50265408,2.292534828,1,0,0,0,-8,0,0.004117548,0.002,0,0,0,0,0,0
S. KOREA,732,1979,3,0,0,0,3.082999945,10.51783466,2.292534828,1,0,0,0,-8,0,0.004117548,0.002,0,0,0,0,0,0
S. KOREA,732,1980,3,0,0,0,3.321000099,10.53300285,2.292534828,1,0,0,0,-8,0,0.004117548,0.002,0,0,0,0,0,0
S. KOREA,732,1981,3,0,0,0,3.092999935,10.54859924,2.292534828,1,0,0,0,-8,0,0.004117548,0.002,0,0,0,0,0,0
S. KOREA,732,1982,3,0,0,0,3.211999893,10.56418896,2.292534828,1,0,0,1,-5,1,0.004117548,0.002,0,0,0,0,0,0
S. KOREA,732,1983,3,0,0,0,3.394999981,10.57964134,2.292534828,1,0,0,1,-5,1,0.004117548,0.002,0,0,0,0,0,0
S. KOREA,732,1984,3,0,0,0,3.711999893,10.59438229,2.292534828,1,0,0,1,-5,1,0.004117548,0.002,0,0,0,0,0,0
S. KOREA,732,1985,3,0,0,0,4.005000114,10.60673332,2.292534828,1,0,0,0,-5,1,0.004117548,0.002,0,0,0,0,0,0
S. KOREA,732,1986,3,0,0,0,4.217000008,10.61658478,2.292534828,1,0,0,0,-5,1,0.004117548,0.002,0,0,0,0,0,0
S. KOREA,732,1987,3,0,0,0,4.622000217,10.6258049,2.292534828,1,0,0,0,-5,1,0.004117548,0.002,0,0,0,0,0,0
S. KOREA,732,1988,3,0,0,0,5.079999924,10.63525391,2.292534828,1,0,0,1,1,1,0.004117548,0.002,0,0,0,0,0,0
S. KOREA,732,1989,3,0,0,0,5.606999874,10.64482975,2.292534828,1,0,0,1,6,0,0.004117548,0.002,0,0,0,0,0,0
S. KOREA,732,1990,3,0,0,0,6.092999935,10.6544323,2.292534828,1,0,0,1,6,0,0.004117548,0.002,0,0,0,0,0,0
S. KOREA,732,1991,3,0,0,0,6.672999859,10.66590405,2.292534828,1,0,0,1,6,0,0.004117548,0.002,0,0,0,0,0,0
S. KOREA,732,1992,3,0,0,0,7.250999928,10.67516899,2.292534828,1,0,0,0,6,0,0.004117548,0.002,0,0,0,0,0,0
S. KOREA,732,1993,3,0,0,0,7.576000214,10.68418789,2.292534828,1,0,0,0,6,0,0.004117548,0.002,0,0,0,0,0,0
S. KOREA,732,1994,3,0,0,0,7.921000004,10.69321728,2.292534828,1,0,0,0,6,0,0.004117548,0.002,0,0,0,0,0,0
S. KOREA,732,1995,3,0,0,0,8.498000145,10.70218754,2.292534828,1,0,0,0,6,0,0.004117548,0.002,0,0,0,0,0,0
S. KOREA,732,1996,3,0,0,0,9.144000053,10.71430683,2.292534828,1,0,0,0,6,0,0.004117548,0.002,0,0,0,0,0,0
S. KOREA,732,1997,3,0,0,0,9.644000053,10.72645569,2.292534828,1,0,0,0,6,0,0.004117548,0.002,0,0,0,0,0,0
S. KOREA,732,1998,3,0,0,0,10.02900028,10.73620129,2.292534828,1,0,0,0,6,0,0.004117548,0.002,0,0,0,0,0,0
S. KOREA,732,1999,3,0,0,0,9.269000053,10.7452774,2.292534828,1,0,0,0,8,0,0.004117548,0.002,0,0,0,0,0,0
JAPAN,740,1945,0,0,0,0,.,11.18646145,2.753660679,1,0,0,0,.,.,0.015465021,0.005,.,.,.,0,0,0
JAPAN,740,1946,0,0,0,0,.,11.18646145,2.753660679,1,0,0,0,.,.,0.015465021,0.005,.,.,.,0,0,0
JAPAN,740,1947,0,0,0,0,.,.,2.753660679,1,0,0,0,.,.,0.015465021,0.005,.,.,.,0,0,0
JAPAN,740,1948,0,0,0,0,.,.,2.753660679,1,0,0,0,.,.,0.015465021,0.005,.,.,.,0,0,0
JAPAN,740,1949,0,0,0,0,.,.,2.753660679,1,0,0,0,.,.,0.015465021,0.005,.,.,.,0,0,0
JAPAN,740,1950,0,0,0,0,.,.,2.753660679,1,0,0,0,.,.,0.015465021,0.005,.,.,.,0,0,0
JAPAN,740,1951,0,0,0,0,1.429999948,11.3341217,2.753660679,1,0,0,0,.,.,0.015465021,0.005,.,.,.,0,0,0
JAPAN,740,1952,0,0,0,0,1.610000014,11.34886456,2.753660679,1,0,0,.,.,.,0.015465021,0.005,0,0,0,0,0,0
JAPAN,740,1953,0,0,0,0,1.741000056,11.36339283,2.753660679,1,0,0,0,10,0,0.015465021,0.005,0,0,0,0,0,0
JAPAN,740,1954,0,0,0,0,1.832000017,11.37758636,2.753660679,1,0,0,0,10,0,0.015465021,0.005,0,0,0,0,0,0
JAPAN,740,1955,0,0,0,0,1.912999988,11.39170647,2.753660679,1,0,0,0,10,0,0.015465021,0.005,0,0,0,0,0,0
JAPAN,740,1956,0,0,0,0,2.052999973,11.40551853,2.753660679,1,0,0,0,10,0,0.015465021,0.005,0,0,0,0,0,0
JAPAN,740,1957,0,0,0,0,2.187999964,11.4151144,2.753660679,1,0,0,0,10,0,0.015465021,0.005,0,0,0,0,0,0
JAPAN,740,1958,0,0,0,0,2.329999924,11.42449856,2.753660679,1,0,0,0,10,0,0.015465021,0.005,0,0,0,0,0,0
JAPAN,740,1959,0,0,0,0,2.436000109,11.43380642,2.753660679,1,0,0,0,10,0,0.015465021,0.005,0,0,0,0,0,0
JAPAN,740,1960,0,0,0,0,2.628999949,11.44302845,2.753660679,1,0,0,0,10,0,0.015465021,0.005,0,0,0,0,0,0
JAPAN,740,1961,0,0,0,0,2.953999996,11.45215607,2.753660679,1,0,0,0,10,0,0.015465021,0.005,0,0,0,0,0,0
JAPAN,740,1962,0,0,0,0,3.351000071,11.46110535,2.753660679,1,0,0,0,10,0,0.015465021,0.005,0,0,0,0,0,0
JAPAN,740,1963,0,0,0,0,3.553999901,11.47040367,2.753660679,1,0,0,0,10,0,0.015465021,0.005,0,0,0,0,0,0
JAPAN,740,1964,0,0,0,0,3.885999918,11.48058796,2.753660679,1,0,0,0,10,0,0.015465021,0.005,0,0,0,0,0,0
JAPAN,740,1965,0,0,0,0,4.342999935,11.49098682,2.753660679,1,0,0,0,10,0,0.015465021,0.005,0,0,0,0,0,0
JAPAN,740,1966,0,0,0,0,4.491000175,11.5018034,2.753660679,1,0,0,0,10,0,0.015465021,0.005,0,0,0,0,0,0
JAPAN,740,1967,0,0,0,0,4.923999786,11.51084328,2.753660679,1,0,0,0,10,0,0.015465021,0.005,0,0,0,0,0,0
JAPAN,740,1968,0,0,0,0,5.416999817,11.52020931,2.753660679,1,0,0,0,10,0,0.015465021,0.005,0,0,0,0,0,0
JAPAN,740,1969,0,0,0,0,6.076000214,11.52351952,2.753660679,1,0,0,0,10,0,0.015465021,0.005,0,0,0,0,0,0
JAPAN,740,1970,0,0,0,0,6.672999859,11.54425907,2.753660679,1,0,0,0,10,0,0.015465021,0.005,0,0,0,0,0,0
JAPAN,740,1971,0,0,0,0,7.30700016,11.55545807,2.753660679,1,0,0,0,10,0,0.015465021,0.005,0,0,0,0,0,0
JAPAN,740,1972,0,0,0,0,7.510000229,11.56833172,2.753660679,1,0,0,0,10,0,0.015465021,0.005,0,0,0,0,0,0
JAPAN,740,1973,0,0,0,0,8.019000053,11.58233929,2.753660679,1,0,0,0,10,0,0.015465021,0.005,0,0,0,0,0,0
JAPAN,740,1974,0,0,0,0,8.538999557,11.59061813,2.753660679,1,0,0,0,10,0,0.015465021,0.005,0,0,0,0,0,0
JAPAN,740,1975,0,0,0,0,8.295000076,11.60970688,2.753660679,1,0,0,0,10,0,0.015465021,0.005,0,0,0,0,0,0
JAPAN,740,1976,0,0,0,0,8.380999565,11.62571812,2.753660679,1,0,0,0,10,0,0.015465021,0.005,0,0,0,0,0,0
JAPAN,740,1977,0,0,0,0,8.67800045,11.63311481,2.753660679,1,0,0,0,10,0,0.015465021,0.005,0,0,0,0,0,0
JAPAN,740,1978,0,0,0,0,8.99600029,11.64275169,2.753660679,1,0,0,0,10,0,0.015465021,0.005,0,0,0,0,0,0
JAPAN,740,1979,0,0,0,0,9.340000153,11.65180016,2.753660679,1,0,0,0,10,0,0.015465021,0.005,0,0,0,0,0,0
JAPAN,740,1980,0,0,0,0,9.755999565,11.66022396,2.753660679,1,0,0,0,10,0,0.015465021,0.005,0,0,0,0,0,0
JAPAN,740,1981,0,0,0,0,10.07199955,11.66806412,2.753660679,1,0,0,0,10,0,0.015465021,0.005,0,0,0,0,0,0
JAPAN,740,1982,0,0,0,0,10.38000011,11.67545223,2.753660679,1,0,0,0,10,0,0.015465021,0.005,0,0,0,0,0,0
JAPAN,740,1983,0,0,0,0,10.63500023,11.68223763,2.753660679,1,0,0,0,10,0,0.015465021,0.005,0,0,0,0,0,0
JAPAN,740,1984,0,0,0,0,10.8409996,11.68905258,2.753660679,1,0,0,0,10,0,0.015465021,0.005,0,0,0,0,0,0
JAPAN,740,1985,0,0,0,0,11.23999977,11.69539738,2.753660679,1,0,0,0,10,0,0.015465021,0.005,0,0,0,0,0,0
JAPAN,740,1986,0,0,0,0,11.77099991,11.70151043,2.753660679,1,0,0,0,10,0,0.015465021,0.005,0,0,0,0,0,0
JAPAN,740,1987,0,0,0,0,11.99600029,11.70760345,2.753660679,1,0,0,0,10,0,0.015465021,0.005,0,0,0,0,0,0
JAPAN,740,1988,0,0,0,0,12.43000031,11.71252155,2.753660679,1,0,0,0,10,0,0.015465021,0.005,0,0,0,0,0,0
JAPAN,740,1989,0,0,0,0,13.15600014,11.71678829,2.753660679,1,0,0,0,10,0,0.015465021,0.005,0,0,0,0,0,0
JAPAN,740,1990,0,0,0,0,13.70600033,11.72088242,2.753660679,1,0,0,0,10,0,0.015465021,0.005,0,0,0,0,0,0
JAPAN,740,1991,0,0,0,0,14.33100033,11.72429562,2.753660679,1,0,0,0,10,0,0.015465021,0.005,0,0,0,0,0,0
JAPAN,740,1992,0,0,0,0,14.93599987,11.72739983,2.753660679,1,0,0,0,10,0,0.015465021,0.005,0,0,0,0,0,0
JAPAN,740,1993,0,0,0,0,15.10499954,11.72803688,2.753660679,1,0,0,0,10,0,0.015465021,0.005,0,0,0,0,0,0
JAPAN,740,1994,0,0,0,0,15.11499977,11.73235035,2.753660679,1,0,0,0,10,0,0.015465021,0.005,0,0,0,0,0,0
JAPAN,740,1995,0,0,0,0,15.15999985,11.73575687,2.753660679,1,0,0,0,10,0,0.015465021,0.005,0,0,0,0,0,0
JAPAN,740,1996,0,0,0,0,15.32499981,11.73957443,2.753660679,1,0,0,0,10,0,0.015465021,0.005,0,0,0,0,0,0
JAPAN,740,1997,0,0,0,0,16.05699921,11.74213886,2.753660679,1,0,0,0,10,0,0.015465021,0.005,0,0,0,0,0,0
JAPAN,740,1998,0,0,0,0,16.27099991,11.74475956,2.753660679,1,0,0,0,10,0,0.015465021,0.005,0,0,0,0,0,0
JAPAN,740,1999,0,0,0,0,15.82299995,11.74649239,2.753660679,1,0,0,0,10,0,0.015465021,0.005,0,0,0,0,0,0
INDIA,750,1947,3,0,0,0,0.588999987,12.75154591,2.631888866,1,0,1,0,.,.,0.886478186,0.082199998,0,0,0,0.013601116,0.013601116,0
INDIA,750,1948,3,0,0,0,0.588999987,12.75154591,2.631888866,1,0,1,0,.,.,0.886478186,0.082199998,0,0,0,0.013601116,0.013601116,0
INDIA,750,1949,3,0,0,0,0.592999995,12.76405811,2.631888866,1,0,0,.,.,.,0.886478186,0.082199998,0,0,0,0.013601116,0.013601116,0
INDIA,750,1950,3,0,0,0,0.588,12.77657795,2.631888866,1,0,0,.,.,.,0.886478186,0.082199998,0,0,0,0.013601116,0.013601116,0
INDIA,750,1951,3,0,0,0,0.589999974,12.81708431,2.631888866,1,0,0,0,9,0,0.886478186,0.082199998,0,0,0,0.013601116,0.013601116,0
INDIA,750,1952,3,1,2,0,0.60799998,12.83300781,2.631888866,1,0,0,0,9,0,0.886478186,0.082199998,0,0,0,0.013601116,0.013601116,0
INDIA,750,1953,3,0,0,1,0.616999984,12.84868145,2.631888866,1,0,0,0,9,0,0.886478186,0.082199998,0,0,0,0.013601116,0.013601116,0
INDIA,750,1954,3,0,0,1,0.640999973,12.86397076,2.631888866,1,0,0,0,9,0,0.886478186,0.082199998,0,0,0,0.013601116,0.013601116,0
INDIA,750,1955,3,0,0,1,0.666000009,12.87917042,2.631888866,1,0,0,0,9,0,0.886478186,0.082199998,0,0,0,0.013601116,0.013601116,0
INDIA,750,1956,3,0,0,1,0.671999991,12.89413929,2.631888866,1,0,0,0,9,0,0.886478186,0.082199998,0,0,0,0.013601116,0.013601116,0
INDIA,750,1957,3,0,0,1,0.68900001,12.91470432,2.631888866,1,0,0,0,9,0,0.886478186,0.082199998,0,0,0,0.013601116,0.013601116,0
INDIA,750,1958,3,0,0,1,0.68900001,12.93498516,2.631888866,1,0,0,0,9,0,0.886478186,0.082199998,0,0,0,0.013601116,0.013601116,0
INDIA,750,1959,3,0,0,1,0.717999995,12.95473289,2.631888866,1,0,0,0,9,0,0.886478186,0.082199998,0,0,0,0.013601116,0.013601116,0
INDIA,750,1960,3,0,0,1,0.717000008,12.97422504,2.631888866,1,0,0,0,9,0,0.886478186,0.082199998,0,0,0,0.013601116,0.013601116,0
INDIA,750,1961,3,0,0,1,0.765999973,12.98269939,2.631888866,1,0,0,0,9,0,0.886478186,0.082199998,0,0,0,0.013601116,0.013601116,0
INDIA,750,1962,3,0,0,1,0.750999987,13.0033865,2.631888866,1,0,0,0,9,0,0.886478186,0.082199998,0,0,0,0.013601116,0.013601116,0
INDIA,750,1963,3,0,0,1,0.75999999,13.02667332,2.631888866,1,0,0,0,9,0,0.886478186,0.082199998,0,0,0,0.013601116,0.013601116,0
INDIA,750,1964,3,0,0,1,0.814999998,13.05001831,2.631888866,1,0,0,0,9,0,0.886478186,0.082199998,0,0,0,0.013601116,0.013601116,0
INDIA,750,1965,3,0,0,1,0.847000003,13.07340813,2.631888866,1,0,0,0,9,0,0.886478186,0.082199998,0,0,0,0.013601116,0.013601116,0
INDIA,750,1966,3,0,0,1,0.750999987,13.09671116,2.631888866,1,0,0,0,9,0,0.886478186,0.082199998,0,0,0,0.013601116,0.013601116,0
INDIA,750,1967,3,0,0,1,0.652999997,13.12003231,2.631888866,1,0,0,0,9,0,0.886478186,0.082199998,0,0,0,0.013601116,0.013601116,0
INDIA,750,1968,3,0,0,1,0.698000014,13.14325142,2.631888866,1,0,0,0,9,0,0.886478186,0.082199998,0,0,0,0.013601116,0.013601116,0
INDIA,750,1969,3,0,0,1,0.725000024,13.16646862,2.631888866,1,0,0,0,9,0,0.886478186,0.082199998,0,0,0,0.013601116,0.013601116,0
INDIA,750,1970,3,0,0,1,0.759000003,13.18987465,2.631888866,1,0,0,0,9,0,0.886478186,0.082199998,0,0,0,0.013601116,0.013601116,0
INDIA,750,1971,3,0,0,1,0.801999986,13.21324348,2.631888866,1,0,0,0,9,0,0.886478186,0.082199998,0,0,0,0.013601116,0.013601116,0
INDIA,750,1972,3,0,0,1,0.808000028,13.23617077,2.631888866,1,0,0,0,9,0,0.886478186,0.082199998,0,0,0,0.013601116,0.013601116,0
INDIA,750,1973,3,0,0,1,0.786000013,13.25886822,2.631888866,1,0,0,0,9,0,0.886478186,0.082199998,0,0,0,0.013601116,0.013601116,0
INDIA,750,1974,3,0,0,1,0.786000013,13.28145027,2.631888866,1,0,0,0,9,0,0.886478186,0.082199998,0,0,0,0.013601116,0.013601116,0
INDIA,750,1975,3,0,0,1,0.764999986,13.30408955,2.631888866,1,0,0,0,9,0,0.886478186,0.082199998,0,0,0,0.013601116,0.013601116,0
INDIA,750,1976,3,0,0,1,0.814999998,13.32686901,2.631888866,1,0,0,0,7,0,0.886478186,0.082199998,0,0,0,0.013601116,0.013601116,0
INDIA,750,1977,3,0,0,1,0.811999977,13.34970951,2.631888866,1,0,0,0,7,0,0.886478186,0.082199998,1,1,1,0.013601116,0.013601116,0
INDIA,750,1978,3,0,0,1,0.856999993,13.37255192,2.631888866,1,0,0,0,8,0,0.886478186,0.082199998,1,1,1,0.013601116,0.013601116,0
INDIA,750,1979,3,0,0,1,0.882000029,13.3953495,2.631888866,1,0,0,0,8,0,0.886478186,0.082199998,0,0,0,0.013601116,0.013601116,0
INDIA,750,1980,3,0,0,1,0.837000012,13.41804504,2.631888866,1,0,0,0,8,0,0.886478186,0.082199998,0,0,0,0.013601116,0.013601116,0
INDIA,750,1981,3,0,0,1,0.882000029,13.44057274,2.631888866,1,0,0,0,8,0,0.886478186,0.082199998,0,0,0,0.013601116,0.013601116,0
INDIA,750,1982,3,1,2,1,0.907999992,13.46285725,2.631888866,1,0,0,0,8,0,0.886478186,0.082199998,0,0,0,0.013601116,0.013601116,0
INDIA,750,1983,3,0,0,1,0.93599999,13.48481846,2.631888866,1,0,0,0,8,0,0.886478186,0.082199998,0,0,0,0.013601116,0.013601116,0
INDIA,750,1984,3,0,0,1,0.986000001,13.50636196,2.631888866,1,0,0,0,8,0,0.886478186,0.082199998,0,0,0,0.013601116,0.013601116,0
INDIA,750,1985,3,0,0,1,1.008000016,13.52739811,2.631888866,1,0,0,0,8,0,0.886478186,0.082199998,0,0,0,0.013601116,0.013601116,0
INDIA,750,1986,3,0,0,1,1.049999952,13.54782295,2.631888866,1,0,0,0,8,0,0.886478186,0.082199998,0,0,0,0.013601116,0.013601116,0
INDIA,750,1987,3,0,0,1,1.092000008,13.56947327,2.631888866,1,0,0,0,8,0,0.886478186,0.082199998,0,0,0,0.013601116,0.013601116,0
INDIA,750,1988,3,0,0,1,1.123000026,13.59071541,2.631888866,1,0,0,0,8,0,0.886478186,0.082199998,0,0,0,0.013601116,0.013601116,0
INDIA,750,1989,3,1,2,1,1.203999996,13.61166668,2.631888866,1,0,0,0,8,0,0.886478186,0.082199998,0,0,0,0.013601116,0.013601116,0
INDIA,750,1990,3,0,0,1,1.235000014,13.63223076,2.631888866,1,0,0,0,8,0,0.886478186,0.082199998,0,0,0,0.013601116,0.013601116,0
INDIA,750,1991,3,0,0,1,1.264000058,13.652421,2.631888866,1,0,0,0,8,0,0.886478186,0.082199998,0,0,0,0.013601116,0.013601116,0
INDIA,750,1992,3,0,0,1,1.251000047,13.67221642,2.631888866,1,0,0,0,8,0,0.886478186,0.082199998,0,0,0,0.013601116,0.013601116,0
INDIA,750,1993,3,0,0,1,1.281999946,13.6922121,2.631888866,1,0,0,0,8,0,0.886478186,0.082199998,0,0,0,0.013601116,0.013601116,0
INDIA,750,1994,3,0,0,1,1.322000027,13.708148,2.631888866,1,0,0,0,8,0,0.886478186,0.082199998,0,0,0,0.013601116,0.013601116,0
INDIA,750,1995,3,0,0,1,1.394999981,13.7251482,2.631888866,1,0,0,0,8,0,0.886478186,0.082199998,0,0,0,0.013601116,0.013601116,0
INDIA,750,1996,3,0,0,1,1.475999951,13.74224949,2.631888866,1,0,0,0,9,0,0.886478186,0.082199998,0,0,0,0.013601116,0.013601116,0
INDIA,750,1997,3,0,0,1,1.552000046,13.75958729,2.631888866,1,0,0,0,9,0,0.886478186,0.082199998,1,1,1,0.013601116,0.013601116,0
INDIA,750,1998,3,0,0,1,1.593999982,13.77716255,2.631888866,1,0,0,0,9,0,0.886478186,0.082199998,0,0,0,0.013601116,0.013601116,0
INDIA,750,1999,3,0,0,1,1.672000051,13.79497433,2.631888866,1,0,0,0,9,0,0.886478186,0.082199998,0,0,0,0.013601116,0.013601116,0
BHUTAN,760,1971,3,0,0,0,0.354000002,6.972606182,4.557029724,0,0,1,0,-8,0,0.679660439,0.349999994,0,0,0,0.289602911,0.289602911,0
BHUTAN,760,1972,3,0,0,0,0.354000002,6.972606182,4.557029724,0,0,1,0,-8,0,0.679660439,0.349999994,0,0,0,0.289602911,0.289602911,0
BHUTAN,760,1973,3,0,0,0,0.370999992,6.993015289,4.557029724,0,0,0,0,-8,0,0.679660439,0.349999994,0,0,0,0.289602911,0.289602911,0
BHUTAN,760,1974,3,0,0,0,0.388000011,7.013915539,4.557029724,0,0,0,0,-8,0,0.679660439,0.349999994,0,0,0,0.289602911,0.289602911,0
BHUTAN,760,1975,3,0,0,0,0.405999988,7.034388065,4.557029724,0,0,0,0,-8,0,0.679660439,0.349999994,0,0,0,0.289602911,0.289602911,0
BHUTAN,760,1976,3,0,0,0,0.428000003,7.056175232,4.557029724,0,0,0,0,-8,0,0.679660439,0.349999994,0,0,0,0.289602911,0.289602911,0
BHUTAN,760,1977,3,0,0,0,0.448000014,7.078341484,4.557029724,0,0,0,0,-8,0,0.679660439,0.349999994,0,0,0,0.289602911,0.289602911,0
BHUTAN,760,1978,3,0,0,0,0.470999986,7.100852013,4.557029724,0,0,0,0,-8,0,0.679660439,0.349999994,0,0,0,0.289602911,0.289602911,0
BHUTAN,760,1979,3,0,0,0,0.49000001,7.114769459,4.557029724,0,0,0,0,-8,0,0.679660439,0.349999994,0,0,0,0.289602911,0.289602911,0
BHUTAN,760,1980,3,0,0,0,0.515999973,7.134891033,4.557029724,0,0,0,0,-8,0,0.679660439,0.349999994,0,0,0,0.289602911,0.289602911,0
BHUTAN,760,1981,3,0,0,0,0.533999979,7.154615402,4.557029724,0,0,0,0,-8,0,0.679660439,0.349999994,0,0,0,0.289602911,0.289602911,0
BHUTAN,760,1982,3,0,0,0,0.575999975,7.175489902,4.557029724,0,0,0,0,-8,0,0.679660439,0.349999994,0,0,0,0.289602911,0.289602911,0
BHUTAN,760,1983,3,0,0,0,0.593999982,7.195187092,4.557029724,0,0,0,0,-8,0,0.679660439,0.349999994,0,0,0,0.289602911,0.289602911,0
BHUTAN,760,1984,3,0,0,0,0.630999982,7.185387135,4.557029724,0,0,0,0,-8,0,0.679660439,0.349999994,0,0,0,0.289602911,0.289602911,0
BHUTAN,760,1985,3,0,0,0,0.663999975,7.207859993,4.557029724,0,0,0,0,-8,0,0.679660439,0.349999994,0,0,0,0.289602911,0.289602911,0
BHUTAN,760,1986,3,0,0,0,0.671999991,7.229838848,4.557029724,0,0,0,0,-8,0,0.679660439,0.349999994,0,0,0,0.289602911,0.289602911,0
BHUTAN,760,1987,3,0,0,0,0.723999977,7.251345158,4.557029724,0,0,0,0,-8,0,0.679660439,0.349999994,0,0,0,0.289602911,0.289602911,0
BHUTAN,760,1988,3,0,0,0,0.838999987,7.272398472,4.557029724,0,0,0,0,-8,0,0.679660439,0.349999994,0,0,0,0.289602911,0.289602911,0
BHUTAN,760,1989,3,0,0,0,0.828999996,7.293017864,4.557029724,0,0,0,0,-8,0,0.679660439,0.349999994,0,0,0,0.289602911,0.289602911,0
BHUTAN,760,1990,3,0,0,0,0.845000029,7.313220501,4.557029724,0,0,0,0,-8,0,0.679660439,0.349999994,0,0,0,0.289602911,0.289602911,0
BHUTAN,760,1991,3,0,0,0,0.890999973,7.339537621,4.557029724,0,0,0,0,-8,0,0.679660439,0.349999994,0,0,0,0.289602911,0.289602911,0
BHUTAN,760,1992,3,0,0,0,0.898000002,7.358830929,4.557029724,0,0,0,0,-8,0,0.679660439,0.349999994,0,0,0,0.289602911,0.289602911,0
BHUTAN,760,1993,3,0,0,0,0.910000026,7.383989334,4.557029724,0,0,0,0,-8,0,0.679660439,0.349999994,0,0,0,0.289602911,0.289602911,0
BHUTAN,760,1994,3,0,0,0,0.93599999,6.48530674,4.557029724,0,0,0,0,-8,0,0.679660439,0.349999994,0,0,0,0.289602911,0.289602911,0
BHUTAN,760,1995,3,0,0,0,0.981999993,6.514712811,4.557029724,0,0,0,0,-8,0,0.679660439,0.349999994,0,0,0,0.289602911,0.289602911,0
BHUTAN,760,1996,3,0,0,0,1.019000053,6.544113159,4.557029724,0,0,0,0,-8,0,0.679660439,0.349999994,0,0,0,0.289602911,0.289602911,0
BHUTAN,760,1997,3,0,0,0,1.042999983,6.573498726,4.557029724,0,0,0,0,-8,0,0.679660439,0.349999994,0,0,0,0.289602911,0.289602911,0
BHUTAN,760,1998,3,0,0,0,1.092000008,6.60285902,4.557029724,0,0,0,0,-8,0,0.679660439,0.349999994,0,0,0,0.289602911,0.289602911,0
BHUTAN,760,1999,3,0,0,0,1.136000037,6.632199287,4.557029724,0,0,0,0,-8,0,0.679660439,0.349999994,.,.,.,0.289602911,0.289602911,0
PAKISTAN,770,1947,3,0,0,0,0.805000007,11.18727875,3.784189701,1,0,1,0,-4,1,0.644509017,0.129999995,.,.,.,0.006056501,0.006056501,-1
PAKISTAN,770,1948,3,0,0,0,0.805000007,11.18727875,3.784189701,1,0,1,0,-4,1,0.644509017,0.129999995,1,1,1,0.006056501,0.006056501,-1
PAKISTAN,770,1949,3,0,0,0,0.887000024,11.20639992,3.784189701,1,0,0,1,2,1,0.644509017,0.129999995,1,1,1,0.006056501,0.006056501,-1
PAKISTAN,770,1950,3,0,0,0,0.537999988,11.21519279,3.784189701,1,0,0,1,4,1,0.644509017,0.129999995,1,1,1,0.006056501,0.006056501,-1
PAKISTAN,770,1951,3,0,0,0,0.601999998,11.22577667,3.784189701,1,0,0,1,4,1,0.644509017,0.129999995,0,0,0,0.006056501,0.006056501,-1
PAKISTAN,770,1952,3,0,0,0,0.614000022,11.24907684,3.784189701,1,0,0,0,5,1,0.644509017,0.129999995,0,0,0,0.006056501,0.006056501,-1
PAKISTAN,770,1953,3,0,0,0,0.583000004,11.26993656,3.784189701,1,0,0,0,5,1,0.644509017,0.129999995,1,1,1,0.006056501,0.006056501,-1
PAKISTAN,770,1954,3,0,0,0,0.601999998,11.29081917,3.784189701,1,0,0,0,5,1,0.644509017,0.129999995,1,1,1,0.006056501,0.006056501,-1
PAKISTAN,770,1955,3,0,0,0,0.601999998,11.31170273,3.784189701,1,0,0,0,5,1,0.644509017,0.129999995,1,1,1,0.006056501,0.006056501,-1
PAKISTAN,770,1956,3,0,0,0,0.578999996,11.33257771,3.784189701,1,0,0,0,5,1,0.644509017,0.129999995,0,0,0,0.006056501,0.006056501,-1
PAKISTAN,770,1957,3,0,0,0,0.601999998,11.39931965,3.784189701,1,0,0,1,8,0,0.644509017,0.129999995,0,0,0,0.006056501,0.006056501,-1
PAKISTAN,770,1958,3,0,0,0,0.592000008,11.3743639,3.784189701,1,0,0,1,8,0,0.644509017,0.129999995,1,1,1,0.006056501,0.006056501,-1
PAKISTAN,770,1959,3,0,0,0,0.578999996,11.39526749,3.784189701,1,0,0,1,-7,0,0.644509017,0.129999995,1,1,1,0.006056501,0.006056501,-1
PAKISTAN,770,1960,3,0,0,0,0.601000011,11.41617203,3.784189701,1,0,0,1,-7,0,0.644509017,0.129999995,1,1,1,0.006056501,0.006056501,-1
PAKISTAN,770,1961,3,0,0,0,0.638000011,11.43708038,3.784189701,1,0,0,1,-7,0,0.644509017,0.129999995,1,1,1,0.006056501,0.006056501,-1
PAKISTAN,770,1962,3,0,0,0,0.658999979,11.45799351,3.784189701,1,0,0,0,-7,0,0.644509017,0.129999995,1,1,1,0.006056501,0.006056501,-1
PAKISTAN,770,1963,3,0,0,0,0.670000017,11.56589699,3.784189701,1,0,0,1,1,1,0.644509017,0.129999995,1,1,1,0.006056501,0.006056501,-1
PAKISTAN,770,1964,3,0,0,0,0.70599997,11.59155178,3.784189701,1,0,0,1,1,1,0.644509017,0.129999995,1,1,1,0.006056501,0.006056501,-1
PAKISTAN,770,1965,3,0,0,0,0.754000008,11.61719513,3.784189701,1,0,0,1,1,1,0.644509017,0.129999995,1,1,1,0.006056501,0.006056501,-1
PAKISTAN,770,1966,3,0,0,0,0.888999999,11.64333916,3.784189701,1,0,0,0,1,1,0.644509017,0.129999995,1,1,1,0.006056501,0.006056501,-1
PAKISTAN,770,1967,3,0,0,0,0.893999994,11.67001438,3.784189701,1,0,0,0,1,1,0.644509017,0.129999995,1,1,1,0.006056501,0.006056501,-1
PAKISTAN,770,1968,3,0,0,0,0.925999999,11.69657993,3.784189701,1,0,0,0,1,1,0.644509017,0.129999995,1,1,1,0.006056501,0.006056501,-1
PAKISTAN,770,1969,3,0,0,0,0.966000021,11.72326756,3.784189701,1,0,0,0,1,1,0.644509017,0.129999995,1,1,1,0.006056501,0.006056501,-1
PAKISTAN,770,1970,3,0,0,0,0.94599998,11.74989319,3.784189701,1,0,0,1,1,1,0.644509017,0.129999995,1,1,1,0.006056501,0.006056501,-1
PAKISTAN,770,1971,3,1,2,0,1.029000044,11.76542568,3.784189701,1,0,0,1,0,1,0.644509017,0.129999995,1,1,1,0.006056501,0.006056501,-1
PAKISTAN,770,1972,3,0,0,1,0.972000003,11.04408932,3.784189701,0,0,0,1,0,1,0.644509017,0.129999995,1,1,1,0.006056501,0.006056501,-1
PAKISTAN,770,1973,3,1,2,0,0.898000002,11.07612419,3.784189701,0,0,0,1,4,1,0.644509017,0.129999995,1,1,1,0.006056501,0.006056501,-1
PAKISTAN,770,1974,3,0,0,1,0.907000005,11.10805035,3.784189701,0,0,0,1,8,0,0.644509017,0.129999995,1,1,1,0.006056501,0.006056501,-1
PAKISTAN,770,1975,3,0,0,1,0.934000015,11.13967133,3.784189701,0,0,0,1,8,0,0.644509017,0.129999995,1,1,1,0.006056501,0.006056501,-1
PAKISTAN,770,1976,3,0,0,1,0.922999978,11.17089939,3.784189701,0,0,0,1,8,0,0.644509017,0.129999995,1,1,1,0.006056501,0.006056501,-1
PAKISTAN,770,1977,3,0,0,1,0.943000019,11.2016468,3.784189701,0,0,0,0,8,0,0.644509017,0.129999995,0,0,0,0.006056501,0.006056501,-1
PAKISTAN,770,1978,3,0,0,1,0.968999982,11.23180866,3.784189701,0,0,0,1,-7,0,0.644509017,0.129999995,0,0,0,0.006056501,0.006056501,-1
PAKISTAN,770,1979,3,0,0,0,1.014000058,11.2616272,3.784189701,0,0,0,1,-7,0,0.644509017,0.129999995,0,0,0,0.006056501,0.006056501,-1
PAKISTAN,770,1980,3,0,0,0,1.052999973,11.29146767,3.784189701,0,0,0,1,-7,0,0.644509017,0.129999995,0,0,0,0.006056501,0.006056501,-1
PAKISTAN,770,1981,3,0,0,0,1.110000014,11.32153511,3.784189701,0,0,0,0,-7,0,0.644509017,0.129999995,0,0,0,0.006056501,0.006056501,-1
PAKISTAN,770,1982,3,0,0,0,1.100999951,11.35174656,3.784189701,0,0,0,0,-7,0,0.644509017,0.129999995,0,0,0,0.006056501,0.006056501,-1
PAKISTAN,770,1983,3,0,0,0,1.128999949,11.38208771,3.784189701,0,0,0,0,-7,0,0.644509017,0.129999995,0,0,0,0.006056501,0.006056501,-1
PAKISTAN,770,1984,3,0,0,0,1.167999983,11.41257477,3.784189701,0,0,0,0,-7,0,0.644509017,0.129999995,0,0,0,0.006056501,0.006056501,-1
PAKISTAN,770,1985,3,0,0,0,1.207000017,11.44320011,3.784189701,0,0,0,0,-7,0,0.644509017,0.129999995,0,0,0,0.006056501,0.006056501,-1
PAKISTAN,770,1986,3,0,0,0,1.261999965,11.47397709,3.784189701,0,0,0,1,-4,1,0.644509017,0.129999995,0,0,0,0.006056501,0.006056501,-1
PAKISTAN,770,1987,3,0,0,0,1.279999971,11.50488281,3.784189701,0,0,0,1,-4,1,0.644509017,0.129999995,0,0,0,0.006056501,0.006056501,-1
PAKISTAN,770,1988,3,0,0,0,1.309000015,11.53589916,3.784189701,0,0,0,1,-4,1,0.644509017,0.129999995,1,1,1,0.006056501,0.006056501,-1
PAKISTAN,770,1989,3,0,0,0,1.371000051,11.56701565,3.784189701,0,0,0,1,8,0,0.644509017,0.129999995,1,1,1,0.006056501,0.006056501,-1
PAKISTAN,770,1990,3,0,0,0,1.396999955,11.59818554,3.784189701,0,0,0,1,8,0,0.644509017,0.129999995,0,0,0,0.006056501,0.006056501,-1
PAKISTAN,770,1991,3,0,0,0,1.394000053,11.62938309,3.784189701,0,0,0,1,8,0,0.644509017,0.129999995,0,0,0,0.006056501,0.006056501,-1
PAKISTAN,770,1992,3,0,0,0,1.394000053,11.65999985,3.784189701,0,0,0,0,8,0,0.644509017,0.129999995,0,0,0,0.006056501,0.006056501,-1
PAKISTAN,770,1993,3,1,1,0,1.432000041,11.68687916,3.784189701,0,0,0,0,8,0,0.644509017,0.129999995,1,1,1,0.006056501,0.006056501,-1
PAKISTAN,770,1994,3,0,0,1,1.422999978,11.66516685,3.784189701,0,0,0,0,8,0,0.644509017,0.129999995,1,1,1,0.006056501,0.006056501,-1
PAKISTAN,770,1995,3,0,0,1,1.442000031,11.6902504,3.784189701,0,0,0,0,8,0,0.644509017,0.129999995,1,1,1,0.006056501,0.006056501,-1
PAKISTAN,770,1996,3,0,0,1,1.478999972,11.7148447,3.784189701,0,0,0,0,8,0,0.644509017,0.129999995,0,0,0,0.006056501,0.006056501,-1
PAKISTAN,770,1997,3,0,0,1,1.498999953,11.73934269,3.784189701,0,0,0,0,8,0,0.644509017,0.129999995,0,0,0,0.006056501,0.006056501,-1
PAKISTAN,770,1998,3,0,0,1,1.478000045,11.76335239,3.784189701,0,0,0,0,7,0,0.644509017,0.129999995,0,0,0,0.006056501,0.006056501,-1
PAKISTAN,770,1999,3,0,0,1,1.480000019,11.78738594,3.784189701,0,0,0,0,7,0,0.644509017,0.129999995,1,1,1,0.006056501,0.006056501,-1
BANGLADESH,771,1972,3,0,0,0,0.893999994,11.16258717,0,0,0,1,0,8,0,0.00497508,0.104999997,0,0,0,0.000451617,0.000451617,0
BANGLADESH,771,1973,3,0,0,0,0.893999994,11.16258717,0,0,0,1,0,8,0,0.00497508,0.104999997,0,0,0,0.000451617,0.000451617,0
BANGLADESH,771,1974,3,0,0,0,0.755999982,11.19030666,0,0,0,0,0,8,0,0.00497508,0.104999997,0,0,0,0.000451617,0.000451617,0
BANGLADESH,771,1975,3,0,0,0,0.967999995,11.21815205,0,0,0,0,1,-2,1,0.00497508,0.104999997,0,0,0,0.000451617,0.000451617,0
BANGLADESH,771,1976,3,1,2,0,0.957000017,11.24611759,0,0,0,0,1,-7,0,0.00497508,0.104999997,0,0,0,0.000451617,0.000451617,0
BANGLADESH,771,1977,3,0,0,1,0.994000018,11.27303028,0,0,0,0,1,-7,0,0.00497508,0.104999997,0,0,0,0.000451617,0.000451617,0
BANGLADESH,771,1978,3,0,0,1,0.947000027,11.29890251,0,0,0,0,1,-7,0,0.00497508,0.104999997,0,0,0,0.000451617,0.000451617,0
BANGLADESH,771,1979,3,0,0,1,1.008000016,11.32371235,0,0,0,0,1,-4,1,0.00497508,0.104999997,0,0,0,0.000451617,0.000451617,0
BANGLADESH,771,1980,3,0,0,1,1.088999987,11.34748459,0,0,0,0,1,-4,1,0.00497508,0.104999997,0,0,0,0.000451617,0.000451617,0
BANGLADESH,771,1981,3,0,0,1,1.085000038,11.37020874,0,0,0,0,1,-4,1,0.00497508,0.104999997,0,0,0,0.000451617,0.000451617,0
BANGLADESH,771,1982,3,0,0,1,1.083999991,11.39291382,0,0,0,0,0,-4,1,0.00497508,0.104999997,0,0,0,0.000451617,0.000451617,0
BANGLADESH,771,1983,3,0,0,1,1.180999994,11.41558838,0,0,0,0,1,-7,0,0.00497508,0.104999997,0,0,0,0.000451617,0.000451617,0
BANGLADESH,771,1984,3,0,0,1,1.067999959,11.43824482,0,0,0,0,1,-7,0,0.00497508,0.104999997,0,0,0,0.000451617,0.000451617,0
BANGLADESH,771,1985,3,0,0,1,1.139999986,11.46088409,0,0,0,0,1,-7,0,0.00497508,0.104999997,0,0,0,0.000451617,0.000451617,0
BANGLADESH,771,1986,3,0,0,1,1.215999961,11.48349667,0,0,0,0,0,-7,0,0.00497508,0.104999997,0,0,0,0.000451617,0.000451617,0
BANGLADESH,771,1987,3,0,0,1,1.261000037,11.5058403,0,0,0,0,0,-5,1,0.00497508,0.104999997,0,0,0,0.000451617,0.000451617,0
BANGLADESH,771,1988,3,0,0,1,1.251000047,11.5279026,0,0,0,0,0,-5,1,0.00497508,0.104999997,0,0,0,0.000451617,0.000451617,0
BANGLADESH,771,1989,3,0,0,1,1.297999978,11.54968166,0,0,0,0,0,-5,1,0.00497508,0.104999997,0,0,0,0.000451617,0.000451617,0
BANGLADESH,771,1990,3,0,0,1,1.375,11.57119465,0,0,0,0,0,-5,1,0.00497508,0.104999997,0,0,0,0.000451617,0.000451617,0
BANGLADESH,771,1991,3,0,0,1,1.389999986,11.59242916,0,0,0,0,0,-5,1,0.00497508,0.104999997,0,0,0,0.000451617,0.000451617,0
BANGLADESH,771,1992,3,0,0,1,1.473999977,11.61334991,0,0,0,0,1,6,0,0.00497508,0.104999997,0,0,0,0.000451617,0.000451617,0
BANGLADESH,771,1993,3,0,0,1,1.50999999,11.64395332,0,0,0,0,1,6,0,0.00497508,0.104999997,0,0,0,0.000451617,0.000451617,0
BANGLADESH,771,1994,3,0,0,1,1.554999948,11.66226673,0,0,0,0,1,6,0,0.00497508,0.104999997,0,0,0,0.000451617,0.000451617,0
BANGLADESH,771,1995,3,0,0,1,1.593999982,11.6775713,0,0,0,0,0,6,0,0.00497508,0.104999997,0,0,0,0.000451617,0.000451617,0
BANGLADESH,771,1996,3,0,0,1,1.646000028,11.69331169,0,0,0,0,0,6,0,0.00497508,0.104999997,0,0,0,0.000451617,0.000451617,0
BANGLADESH,771,1997,3,0,0,1,1.695000052,11.70914459,0,0,0,0,0,6,0,0.00497508,0.104999997,0,0,0,0.000451617,0.000451617,0
BANGLADESH,771,1998,3,0,0,1,1.758000016,11.72506905,0,0,0,0,0,6,0,0.00497508,0.104999997,0,0,0,0.000451617,0.000451617,0
BANGLADESH,771,1999,3,0,0,0,1.82099998,11.74108601,0,0,0,0,0,6,0,0.00497508,0.104999997,0,0,0,0.000451617,0.000451617,0
BURMA,775,1948,3,1,1,0,0.202000007,9.80471611,3.600048304,0,0,1,0,8,0,0.475504875,0.085000001,0,0,0,0.000791461,0.000791461,0
BURMA,775,1949,3,0,0,1,0.202000007,9.80471611,3.600048304,0,0,1,0,8,0,0.475504875,0.085000001,0,0,0,0.000791461,0.000791461,0
BURMA,775,1950,3,0,0,1,0.199000001,9.814874649,3.600048304,0,0,0,0,8,0,0.475504875,0.085000001,0,0,0,0.000791461,0.000791461,0
BURMA,775,1951,3,0,0,1,0.228,9.819018364,3.600048304,0,0,0,0,8,0,0.475504875,0.085000001,0,0,0,0.000791461,0.000791461,0
BURMA,775,1952,3,0,0,1,0.233999997,9.838255882,3.600048304,0,0,0,0,8,0,0.475504875,0.085000001,0,0,0,0.000791461,0.000791461,0
BURMA,775,1953,3,0,0,1,0.254000008,9.857129097,3.600048304,0,0,0,0,8,0,0.475504875,0.085000001,0,0,0,0.000791461,0.000791461,0
BURMA,775,1954,3,0,0,1,0.256999999,9.875654221,3.600048304,0,0,0,0,8,0,0.475504875,0.085000001,0,0,0,0.000791461,0.000791461,0
BURMA,775,1955,3,0,0,1,0.252000004,9.89384079,3.600048304,0,0,0,0,8,0,0.475504875,0.085000001,0,0,0,0.000791461,0.000791461,0
BURMA,775,1956,3,0,0,1,0.254999995,9.911704063,3.600048304,0,0,0,0,8,0,0.475504875,0.085000001,0,0,0,0.000791461,0.000791461,0
BURMA,775,1957,3,0,0,1,0.240999997,9.932220459,3.600048304,0,0,0,0,8,0,0.475504875,0.085000001,0,0,0,0.000791461,0.000791461,0
BURMA,775,1958,3,0,0,1,0.270000011,9.952324867,3.600048304,0,0,0,0,8,0,0.475504875,0.085000001,0,0,0,0.000791461,0.000791461,0
BURMA,775,1959,3,0,0,1,0.25999999,9.971986771,3.600048304,0,0,0,0,8,0,0.475504875,0.085000001,0,0,0,0.000791461,0.000791461,0
BURMA,775,1960,3,0,0,1,0.294,9.991314888,3.600048304,0,0,0,0,8,0,0.475504875,0.085000001,0,0,0,0.000791461,0.000791461,0
BURMA,775,1961,3,0,0,1,0.316000015,9.988747597,3.600048304,0,0,0,0,8,0,0.475504875,0.085000001,0,0,0,0.000791461,0.000791461,0
BURMA,775,1962,3,0,0,1,0.312999994,10.01023197,3.600048304,0,0,0,0,8,0,0.475504875,0.085000001,0,0,0,0.000791461,0.000791461,0
BURMA,775,1963,3,0,0,1,0.372999996,10.0317049,3.600048304,0,0,0,1,-6,0,0.475504875,0.085000001,0,0,0,0.000791461,0.000791461,0
BURMA,775,1964,3,0,0,1,0.418000013,10.05319977,3.600048304,0,0,0,1,-7,0,0.475504875,0.085000001,0,0,0,0.000791461,0.000791461,0
BURMA,775,1965,3,0,0,1,0.382999986,10.07470608,3.600048304,0,0,0,1,-7,0,0.475504875,0.085000001,0,0,0,0.000791461,0.000791461,0
BURMA,775,1966,3,0,0,1,0.414999992,10.09617233,3.600048304,0,0,0,0,-7,0,0.475504875,0.085000001,0,0,0,0.000791461,0.000791461,0
BURMA,775,1967,3,0,0,1,0.402999997,10.11868,3.600048304,0,0,0,0,-7,0,0.475504875,0.085000001,0,0,0,0.000791461,0.000791461,0
BURMA,775,1968,3,0,0,1,0.379000008,10.14116478,3.600048304,0,0,0,0,-7,0,0.475504875,0.085000001,0,0,0,0.000791461,0.000791461,0
BURMA,775,1969,3,0,0,1,0.397000015,10.16365719,3.600048304,0,0,0,0,-7,0,0.475504875,0.085000001,0,0,0,0.000791461,0.000791461,0
BURMA,775,1970,3,0,0,1,0.405000001,10.18614483,3.600048304,0,0,0,0,-7,0,0.475504875,0.085000001,0,0,0,0.000791461,0.000791461,0
BURMA,775,1971,3,0,0,1,0.418000013,10.20865345,3.600048304,0,0,0,0,-7,0,0.475504875,0.085000001,0,0,0,0.000791461,0.000791461,0
BURMA,775,1972,3,0,0,1,0.418000013,10.23113537,3.600048304,0,0,0,0,-7,0,0.475504875,0.085000001,0,0,0,0.000791461,0.000791461,0
BURMA,775,1973,3,0,0,1,0.419,10.25361633,3.600048304,0,0,0,0,-7,0,0.475504875,0.085000001,0,0,0,0.000791461,0.000791461,0
BURMA,775,1974,3,0,0,1,0.411000013,10.27611923,3.600048304,0,0,0,0,-7,0,0.475504875,0.085000001,0,0,0,0.000791461,0.000791461,0
BURMA,775,1975,3,0,0,1,0.405000001,10.29620552,3.600048304,0,0,0,0,-6,0,0.475504875,0.085000001,0,0,0,0.000791461,0.000791461,0
BURMA,775,1976,3,0,0,1,0.416000009,10.31629276,3.600048304,0,0,0,0,-6,0,0.475504875,0.085000001,0,0,0,0.000791461,0.000791461,0
BURMA,775,1977,3,0,0,1,0.432000011,10.33673,3.600048304,0,0,0,0,-6,0,0.475504875,0.085000001,0,0,0,0.000791461,0.000791461,0
BURMA,775,1978,3,0,0,1,0.446999997,10.35650349,3.600048304,0,0,0,0,-6,0,0.475504875,0.085000001,0,0,0,0.000791461,0.000791461,0
BURMA,775,1979,3,0,0,1,0.467000008,10.37658024,3.600048304,0,0,0,0,-6,0,0.475504875,0.085000001,0,0,0,0.000791461,0.000791461,0
BURMA,775,1980,3,0,0,1,0.48300001,10.39665794,3.600048304,0,0,0,0,-6,0,0.475504875,0.085000001,0,0,0,0.000791461,0.000791461,0
BURMA,775,1981,3,0,0,1,0.504999995,10.4196291,3.600048304,0,0,0,0,-8,0,0.475504875,0.085000001,0,0,0,0.000791461,0.000791461,0
BURMA,775,1982,3,0,0,1,0.52700001,10.43913269,3.600048304,0,0,0,0,-8,0,0.475504875,0.085000001,0,0,0,0.000791461,0.000791461,0
BURMA,775,1983,3,0,0,1,0.550000012,10.45863628,3.600048304,0,0,0,0,-8,0,0.475504875,0.085000001,0,0,0,0.000791461,0.000791461,0
BURMA,775,1984,3,0,0,1,0.56099999,10.47813225,3.600048304,0,0,0,0,-8,0,0.475504875,0.085000001,0,0,0,0.000791461,0.000791461,0
BURMA,775,1985,3,0,0,1,0.586000025,10.49764252,3.600048304,0,0,0,0,-8,0,0.475504875,0.085000001,0,0,0,0.000791461,0.000791461,0
BURMA,775,1986,3,0,0,1,0.598999977,10.51713181,3.600048304,0,0,0,0,-8,0,0.475504875,0.085000001,0,0,0,0.000791461,0.000791461,0
BURMA,775,1987,3,0,0,1,0.574000001,10.54201984,3.600048304,0,0,0,0,-8,0,0.475504875,0.085000001,0,0,0,0.000791461,0.000791461,0
BURMA,775,1988,3,0,0,1,0.542999983,10.56689644,3.600048304,0,0,0,0,-8,0,0.475504875,0.085000001,0,0,0,0.000791461,0.000791461,0
BURMA,775,1989,3,0,0,1,0.460999995,10.59179783,3.600048304,0,0,0,0,-6,0,0.475504875,0.085000001,0,0,0,0.000791461,0.000791461,0
BURMA,775,1990,3,0,0,1,0.611000001,10.61668205,3.600048304,0,0,0,0,-6,0,0.475504875,0.085000001,0,0,0,0.000791461,0.000791461,0
BURMA,775,1991,3,0,0,1,0.628000021,10.63765717,3.600048304,0,0,0,0,-7,0,0.475504875,0.085000001,0,0,0,0.000791461,0.000791461,0
BURMA,775,1992,3,0,0,1,0.624000013,10.65869331,3.600048304,0,0,0,0,-7,0,0.475504875,0.085000001,0,0,0,0.000791461,0.000791461,0
BURMA,775,1993,3,0,0,1,0.684000015,10.68441677,3.600048304,0,0,0,0,-7,0,0.475504875,0.085000001,0,0,0,0.000791461,0.000791461,0
BURMA,775,1994,3,0,0,1,0.726000011,10.64299393,3.600048304,0,0,0,0,-7,0,0.475504875,0.085000001,0,0,0,0.000791461,0.000791461,0
BURMA,775,1995,3,0,0,1,0.779999971,10.65446186,3.600048304,0,0,0,0,-7,0,0.475504875,0.085000001,0,0,0,0.000791461,0.000791461,0
BURMA,775,1996,3,0,0,1,0.833999991,10.66609097,3.600048304,0,0,0,0,-7,0,0.475504875,0.085000001,0,0,0,0.000791461,0.000791461,0
BURMA,775,1997,3,0,0,1,0.888000011,10.67777252,3.600048304,0,0,0,0,-7,0,0.475504875,0.085000001,0,0,0,0.000791461,0.000791461,0
BURMA,775,1998,3,0,0,1,0.938000023,10.68950653,3.600048304,0,0,0,0,-7,0,0.475504875,0.085000001,0,0,0,0.000791461,0.000791461,0
BURMA,775,1999,3,0,0,1,0.985000014,10.70129395,3.600048304,0,0,0,0,-7,0,0.475504875,0.085000001,0,0,0,0.000791461,0.000791461,0
SRI LANKA,780,1948,3,0,0,0,0.952000022,8.887928963,2.116255522,0,0,1,0,7,0,0.467041433,0.119999997,0,0,0,0.002003058,0.002003058,0
SRI LANKA,780,1949,3,0,0,0,0.952000022,8.887928963,2.116255522,0,0,1,0,7,0,0.467041433,0.119999997,0,0,0,0.002003058,0.002003058,0
SRI LANKA,780,1950,3,0,0,0,0.967999995,8.916640282,2.116255522,0,0,0,0,7,0,0.467041433,0.119999997,0,0,0,0.002003058,0.002003058,0
SRI LANKA,780,1951,3,0,0,0,1.057999969,8.94624424,2.116255522,0,0,0,0,7,0,0.467041433,0.119999997,0,0,0,0.002003058,0.002003058,0
SRI LANKA,780,1952,3,0,0,0,1.136999965,8.973097801,2.116255522,0,0,0,0,7,0,0.467041433,0.119999997,0,0,0,0.002003058,0.002003058,0
SRI LANKA,780,1953,3,0,0,0,1.139000058,8.999248505,2.116255522,0,0,0,0,7,0,0.467041433,0.119999997,0,0,0,0.002003058,0.002003058,0
SRI LANKA,780,1954,3,0,0,0,1.105000019,9.024733543,2.116255522,0,0,0,0,7,0,0.467041433,0.119999997,0,0,0,0.002003058,0.002003058,0
SRI LANKA,780,1955,3,0,0,0,1.087000012,9.049349785,2.116255522,0,0,0,0,7,0,0.467041433,0.119999997,0,0,0,0.002003058,0.002003058,0
SRI LANKA,780,1956,3,0,0,0,1.14199996,9.07360363,2.116255522,0,0,0,0,7,0,0.467041433,0.119999997,0,0,0,0.002003058,0.002003058,0
SRI LANKA,780,1957,3,0,0,0,1.088999987,9.100078583,2.116255522,0,0,0,0,7,0,0.467041433,0.119999997,0,0,0,0.002003058,0.002003058,0
SRI LANKA,780,1958,3,0,0,0,1.148000002,9.125761986,2.116255522,0,0,0,0,7,0,0.467041433,0.119999997,0,0,0,0.002003058,0.002003058,0
SRI LANKA,780,1959,3,0,0,0,1.161999941,9.15090847,2.116255522,0,0,0,0,7,0,0.467041433,0.119999997,0,0,0,0.002003058,0.002003058,0
SRI LANKA,780,1960,3,0,0,0,1.203999996,9.17533493,2.116255522,0,0,0,0,7,0,0.467041433,0.119999997,0,0,0,0.002003058,0.002003058,0
SRI LANKA,780,1961,3,0,0,0,1.258999944,9.199178696,2.116255522,0,0,0,0,7,0,0.467041433,0.119999997,0,0,0,0.002003058,0.002003058,0
SRI LANKA,780,1962,3,0,0,0,1.129999995,9.223750114,2.116255522,0,0,0,0,7,0,0.467041433,0.119999997,0,0,0,0.002003058,0.002003058,0
SRI LANKA,780,1963,3,0,0,0,1.277999997,9.248117447,2.116255522,0,0,0,0,7,0,0.467041433,0.119999997,0,0,0,0.002003058,0.002003058,0
SRI LANKA,780,1964,3,0,0,0,1.210999966,9.27340889,2.116255522,0,0,0,0,7,0,0.467041433,0.119999997,0,0,0,0.002003058,0.002003058,0
SRI LANKA,780,1965,3,0,0,0,1.149999976,9.295508385,2.116255522,0,0,0,0,7,0,0.467041433,0.119999997,0,0,0,0.002003058,0.002003058,0
SRI LANKA,780,1966,3,0,0,0,1.17900002,9.317668915,2.116255522,0,0,0,0,7,0,0.467041433,0.119999997,0,0,0,0.002003058,0.002003058,0
SRI LANKA,780,1967,3,0,0,0,1.197999954,9.344871521,2.116255522,0,0,0,0,7,0,0.467041433,0.119999997,0,0,0,0.002003058,0.002003058,0
SRI LANKA,780,1968,3,0,0,0,1.20599997,9.36751461,2.116255522,0,0,0,0,7,0,0.467041433,0.119999997,0,0,0,0.002003058,0.002003058,0
SRI LANKA,780,1969,3,0,0,0,1.195000052,9.39199543,2.116255522,0,0,0,0,7,0,0.467041433,0.119999997,0,0,0,0.002003058,0.002003058,0
SRI LANKA,780,1970,3,0,0,0,1.24000001,9.413444519,2.116255522,0,0,0,0,7,0,0.467041433,0.119999997,0,0,0,0.002003058,0.002003058,0
SRI LANKA,780,1971,3,1,0,0,1.243000031,9.434762955,2.116255522,0,0,0,0,8,0,0.467041433,0.119999997,0,0,0,0.002003058,0.002003058,0
SRI LANKA,780,1972,3,0,0,1,1.251000047,9.442087173,2.116255522,0,0,0,0,8,0,0.467041433,0.119999997,0,0,0,0.002003058,0.002003058,0
SRI LANKA,780,1973,3,0,0,0,1.187999964,9.46195507,2.116255522,0,0,0,0,8,0,0.467041433,0.119999997,0,0,0,0.002003058,0.002003058,0
SRI LANKA,780,1974,3,0,0,0,1.253000021,9.479680061,2.116255522,0,0,0,0,8,0,0.467041433,0.119999997,0,0,0,0.002003058,0.002003058,0
SRI LANKA,780,1975,3,0,0,0,1.297000051,9.494315147,2.116255522,0,0,0,0,8,0,0.467041433,0.119999997,0,0,0,0.002003058,0.002003058,0
SRI LANKA,780,1976,3,0,0,0,1.284999967,9.510149002,2.116255522,0,0,0,0,8,0,0.467041433,0.119999997,0,0,0,0.002003058,0.002003058,0
SRI LANKA,780,1977,3,0,0,0,1.338000059,9.526391029,2.116255522,0,0,0,0,8,0,0.467041433,0.119999997,0,0,0,0.002003058,0.002003058,0
SRI LANKA,780,1978,3,0,0,0,1.389999986,9.542660713,2.116255522,0,0,0,0,8,0,0.467041433,0.119999997,0,0,0,0.002003058,0.002003058,0
SRI LANKA,780,1979,3,0,0,0,1.496999979,9.559869766,2.116255522,0,0,0,0,6,0,0.467041433,0.119999997,0,0,0,0.002003058,0.002003058,0
SRI LANKA,780,1980,3,0,0,0,1.549000025,9.579901695,2.116255522,0,0,0,0,6,0,0.467041433,0.119999997,0,0,0,0.002003058,0.002003058,0
SRI LANKA,780,1981,3,0,0,0,1.63499999,9.598184586,2.116255522,0,0,0,0,6,0,0.467041433,0.119999997,0,0,0,0.002003058,0.002003058,0
SRI LANKA,780,1982,3,0,0,0,1.631999969,9.615005493,2.116255522,0,0,0,0,6,0,0.467041433,0.119999997,0,0,0,0.002003058,0.002003058,0
SRI LANKA,780,1983,3,1,2,0,1.792000055,9.628326416,2.116255522,0,0,0,0,6,0,0.467041433,0.119999997,0,0,0,0.002003058,0.002003058,0
SRI LANKA,780,1984,3,0,0,1,1.902999997,9.64322567,2.116255522,0,0,0,0,5,1,0.467041433,0.119999997,0,0,0,0.002003058,0.002003058,0
SRI LANKA,780,1985,3,0,0,1,1.927999973,9.65496254,2.116255522,0,0,0,0,5,1,0.467041433,0.119999997,0,0,0,0.002003058,0.002003058,0
SRI LANKA,780,1986,3,0,0,1,2.045000076,9.670104027,2.116255522,0,0,0,0,5,1,0.467041433,0.119999997,0,0,0,0.002003058,0.002003058,0
SRI LANKA,780,1987,3,1,0,1,2.048000097,9.6876297,2.116255522,0,0,0,0,5,1,0.467041433,0.119999997,0,0,0,0.002003058,0.002003058,0
SRI LANKA,780,1988,3,0,0,1,2.039999962,9.702655792,2.116255522,0,0,0,0,5,1,0.467041433,0.119999997,0,0,0,0.002003058,0.002003058,0
SRI LANKA,780,1989,3,0,0,1,2.028000116,9.716374397,2.116255522,0,0,0,0,5,1,0.467041433,0.119999997,0,0,0,0.002003058,0.002003058,0
SRI LANKA,780,1990,3,0,0,1,2.036999941,9.729491234,2.116255522,0,0,0,0,5,1,0.467041433,0.119999997,0,0,0,0.002003058,0.002003058,0
SRI LANKA,780,1991,3,0,0,1,2.095999956,9.740556717,2.116255522,0,0,0,0,5,1,0.467041433,0.119999997,0,0,0,0.002003058,0.002003058,0
SRI LANKA,780,1992,3,0,0,1,2.186000109,9.752082825,2.116255522,0,0,0,0,5,1,0.467041433,0.119999997,0,0,0,0.002003058,0.002003058,0
SRI LANKA,780,1993,3,0,0,1,2.214999914,9.764513016,2.116255522,0,0,0,0,5,1,0.467041433,0.119999997,0,0,0,0.002003058,0.002003058,0
SRI LANKA,780,1994,3,0,0,1,2.338000059,9.777267456,2.116255522,0,0,0,0,5,1,0.467041433,0.119999997,0,0,0,0.002003058,0.002003058,0
SRI LANKA,780,1995,3,0,0,1,2.436000109,9.790598869,2.116255522,0,0,0,0,5,1,0.467041433,0.119999997,0,0,0,0.002003058,0.002003058,0
SRI LANKA,780,1996,3,0,0,1,2.535000086,9.804329872,2.116255522,0,0,0,0,5,1,0.467041433,0.119999997,0,0,0,0.002003058,0.002003058,0
SRI LANKA,780,1997,3,0,0,1,2.604000092,9.814656258,2.116255522,0,0,0,0,5,1,0.467041433,0.119999997,0,0,0,0.002003058,0.002003058,0
SRI LANKA,780,1998,3,0,0,1,2.73300004,9.828332901,2.116255522,0,0,0,0,5,1,0.467041433,0.119999997,0,0,0,0.002003058,0.002003058,0
SRI LANKA,780,1999,3,0,0,1,2.826999903,9.839530945,2.116255522,0,0,0,0,5,1,0.467041433,0.119999997,0,0,0,0.002003058,0.002003058,0
NEPAL,790,1945,3,0,0,0,.,8.98694706,4.3134799,0,0,0,0,-3,1,0.69923687,0.184,0,0,0,0.03488033,0.03488033,0
NEPAL,790,1946,3,0,0,0,.,8.98694706,4.3134799,0,0,0,0,-3,1,0.69923687,0.184,0,0,0,0.03488033,0.03488033,0
NEPAL,790,1947,3,0,0,0,0.490999997,8.99714756,4.3134799,0,0,0,0,-3,1,0.69923687,0.184,0,0,0,0.03488033,0.03488033,0
NEPAL,790,1948,3,0,0,0,0.504000008,9.006999016,4.3134799,0,0,0,0,-5,1,0.69923687,0.184,0,0,0,0.03488033,0.03488033,0
NEPAL,790,1949,3,0,0,0,0.518999994,9.016512871,4.3134799,0,0,0,0,-5,1,0.69923687,0.184,0,0,0,0.03488033,0.03488033,0
NEPAL,790,1950,3,0,0,0,0.532999992,9.02087307,4.3134799,0,0,0,0,-5,1,0.69923687,0.184,0,0,0,0.03488033,0.03488033,0
NEPAL,790,1951,3,0,0,0,0.546999991,9.025695801,4.3134799,0,0,0,0,-5,1,0.69923687,0.184,0,0,0,0.03488033,0.03488033,0
NEPAL,790,1952,3,0,0,0,0.512000024,9.028938293,4.3134799,0,0,0,0,-7,0,0.69923687,0.184,0,0,0,0.03488033,0.03488033,0
NEPAL,790,1953,3,0,0,0,0.526000023,9.034438133,4.3134799,0,0,0,0,-7,0,0.69923687,0.184,0,0,0,0.03488033,0.03488033,0
NEPAL,790,1954,3,0,0,0,0.541000009,9.042039871,4.3134799,0,0,0,0,-7,0,0.69923687,0.184,0,0,0,0.03488033,0.03488033,0
NEPAL,790,1955,3,0,0,0,0.555999994,9.051579475,4.3134799,0,0,0,0,-7,0,0.69923687,0.184,0,0,0,0.03488033,0.03488033,0
NEPAL,790,1956,3,0,0,0,0.541000009,9.063116074,4.3134799,0,0,0,0,-7,0,0.69923687,0.184,0,0,0,0.03488033,0.03488033,0
NEPAL,790,1957,3,0,0,0,0.556999981,9.076237679,4.3134799,0,0,0,0,-7,0,0.69923687,0.184,0,0,0,0.03488033,0.03488033,0
NEPAL,790,1958,3,0,0,0,0.573000014,9.09076786,4.3134799,0,0,0,1,-4,1,0.69923687,0.184,0,0,0,0.03488033,0.03488033,0
NEPAL,790,1959,3,0,0,0,0.588999987,9.106534004,4.3134799,0,0,0,1,-1,1,0.69923687,0.184,0,0,0,0.03488033,0.03488033,0
NEPAL,790,1960,3,0,0,0,0.606000006,9.123256683,4.3134799,0,0,0,1,2,1,0.69923687,0.184,0,0,0,0.03488033,0.03488033,0
NEPAL,790,1961,3,0,0,0,0.628000021,9.148783684,4.3134799,0,0,0,1,-10,0,0.69923687,0.184,0,0,0,0.03488033,0.03488033,0
NEPAL,790,1962,3,0,0,0,0.611000001,9.167954445,4.3134799,0,0,0,1,-10,0,0.69923687,0.184,0,0,0,0.03488033,0.03488033,0
NEPAL,790,1963,3,0,0,0,0.621999979,9.186969757,4.3134799,0,0,0,1,-9,0,0.69923687,0.184,0,0,0,0.03488033,0.03488033,0
NEPAL,790,1964,3,0,0,0,0.620999992,9.206030846,4.3134799,0,0,0,0,-9,0,0.69923687,0.184,0,0,0,0.03488033,0.03488033,0
NEPAL,790,1965,3,0,0,0,0.666999996,9.225130081,4.3134799,0,0,0,0,-9,0,0.69923687,0.184,0,0,0,0.03488033,0.03488033,0
NEPAL,790,1966,3,0,0,0,0.649999976,9.244161606,4.3134799,0,0,0,0,-9,0,0.69923687,0.184,0,0,0,0.03488033,0.03488033,0
NEPAL,790,1967,3,0,0,0,0.663999975,9.262742996,4.3134799,0,0,0,0,-9,0,0.69923687,0.184,0,0,0,0.03488033,0.03488033,0
NEPAL,790,1968,3,0,0,0,0.629999995,9.281264305,4.3134799,0,0,0,0,-9,0,0.69923687,0.184,0,0,0,0.03488033,0.03488033,0
NEPAL,790,1969,3,0,0,0,0.621999979,9.299906731,4.3134799,0,0,0,0,-9,0,0.69923687,0.184,0,0,0,0.03488033,0.03488033,0
NEPAL,790,1970,3,0,0,0,0.653999984,9.318387032,4.3134799,0,0,0,0,-9,0,0.69923687,0.184,0,0,0,0.03488033,0.03488033,0
NEPAL,790,1971,3,0,0,0,0.670000017,9.33697319,4.3134799,0,0,0,0,-9,0,0.69923687,0.184,0,0,0,0.03488033,0.03488033,0
NEPAL,790,1972,3,0,0,0,0.68599999,9.359449387,4.3134799,0,0,0,0,-9,0,0.69923687,0.184,0,0,0,0.03488033,0.03488033,0
NEPAL,790,1973,3,0,0,0,0.68599999,9.383453369,4.3134799,0,0,0,0,-9,0,0.69923687,0.184,0,0,0,0.03488033,0.03488033,0
NEPAL,790,1974,3,0,0,0,0.662,9.408781052,4.3134799,0,0,0,0,-9,0,0.69923687,0.184,0,0,0,0.03488033,0.03488033,0
NEPAL,790,1975,3,0,0,0,0.688000023,9.434523582,4.3134799,0,0,0,0,-9,0,0.69923687,0.184,0,0,0,0.03488033,0.03488033,0
NEPAL,790,1976,3,0,0,0,0.671999991,9.460398674,4.3134799,0,0,0,0,-9,0,0.69923687,0.184,0,0,0,0.03488033,0.03488033,0
NEPAL,790,1977,3,0,0,0,0.68900001,9.486304283,4.3134799,0,0,0,0,-9,0,0.69923687,0.184,0,0,0,0.03488033,0.03488033,0
NEPAL,790,1978,3,0,0,0,0.939999998,9.512516975,4.3134799,0,0,0,0,-9,0,0.69923687,0.184,0,0,0,0.03488033,0.03488033,0
NEPAL,790,1979,3,0,0,0,0.97299999,9.538852692,4.3134799,0,0,0,0,-9,0,0.69923687,0.184,0,0,0,0.03488033,0.03488033,0
NEPAL,790,1980,3,0,0,0,1.042999983,9.565214157,4.3134799,0,0,0,0,-9,0,0.69923687,0.184,0,0,0,0.03488033,0.03488033,0
NEPAL,790,1981,3,0,0,0,0.89200002,9.59151268,4.3134799,0,0,0,0,-9,0,0.69923687,0.184,0,0,0,0.03488033,0.03488033,0
NEPAL,790,1982,3,0,0,0,0.911000013,9.617337227,4.3134799,0,0,0,1,-2,1,0.69923687,0.184,0,0,0,0.03488033,0.03488033,0
NEPAL,790,1983,3,0,0,0,0.916999996,9.643614769,4.3134799,0,0,0,1,-2,1,0.69923687,0.184,0,0,0,0.03488033,0.03488033,0
NEPAL,790,1984,3,0,0,0,0.924000025,9.669851303,4.3134799,0,0,0,1,-2,1,0.69923687,0.184,0,0,0,0.03488033,0.03488033,0
NEPAL,790,1985,3,0,0,0,0.930000007,9.696155548,4.3134799,0,0,0,0,-2,1,0.69923687,0.184,0,0,0,0.03488033,0.03488033,0
NEPAL,790,1986,3,0,0,0,0.93599999,9.722085953,4.3134799,0,0,0,0,-2,1,0.69923687,0.184,0,0,0,0.03488033,0.03488033,0
NEPAL,790,1987,3,0,0,0,0.958999991,9.746716499,4.3134799,0,0,0,0,-2,1,0.69923687,0.184,0,0,0,0.03488033,0.03488033,0
NEPAL,790,1988,3,0,0,0,0.949999988,9.773207664,4.3134799,0,0,0,0,-2,1,0.69923687,0.184,0,0,0,0.03488033,0.03488033,0
NEPAL,790,1989,3,0,0,0,0.996999979,9.797793388,4.3134799,0,0,0,0,-2,1,0.69923687,0.184,0,0,0,0.03488033,0.03488033,0
NEPAL,790,1990,3,0,0,0,1.014000058,9.822385788,4.3134799,0,0,0,0,-2,1,0.69923687,0.184,0,0,0,0.03488033,0.03488033,0
NEPAL,790,1991,3,0,0,0,1.034999967,9.847763062,4.3134799,0,0,0,1,5,1,0.69923687,0.184,0,0,0,0.03488033,0.03488033,0
NEPAL,790,1992,3,0,0,0,1.072999954,9.883540154,4.3134799,0,0,0,1,5,1,0.69923687,0.184,0,0,0,0.03488033,0.03488033,0
NEPAL,790,1993,3,0,0,0,1.088999987,9.932074547,4.3134799,0,0,0,1,5,1,0.69923687,0.184,0,0,0,0.03488033,0.03488033,0
NEPAL,790,1994,3,0,0,0,1.103000045,9.915626526,4.3134799,0,0,0,0,5,1,0.69923687,0.184,0,0,0,0.03488033,0.03488033,0
NEPAL,790,1995,3,0,0,0,1.164999962,9.940467834,4.3134799,0,0,0,0,5,1,0.69923687,0.184,0,0,0,0.03488033,0.03488033,0
NEPAL,790,1996,3,0,0,0,1.175999999,9.965147018,4.3134799,0,0,0,0,5,1,0.69923687,0.184,0,0,0,0.03488033,0.03488033,0
NEPAL,790,1997,3,1,0,0,1.208999991,9.989420891,4.3134799,0,0,0,0,5,1,0.69923687,0.184,0,0,0,0.03488033,0.03488033,0
NEPAL,790,1998,3,0,0,1,1.24000001,10.01329041,4.3134799,0,0,0,0,5,1,0.69923687,0.184,0,0,0,0.03488033,0.03488033,0
NEPAL,790,1999,3,0,0,1,1.246999979,10.03675461,4.3134799,0,0,0,0,5,1,0.69923687,0.184,0,0,0,0.03488033,0.03488033,0
THAILAND,800,1945,3,0,0,0,.,9.73281765,1.85629797,0,0,0,0,-3,1,0.663652122,0.140000001,0,0,0,0.003256613,0.003256613,0
THAILAND,800,1946,3,0,0,0,.,9.73281765,1.85629797,0,0,0,0,-3,1,0.663652122,0.140000001,0,0,0,0.003256613,0.003256613,0
THAILAND,800,1947,3,0,0,0,0.591000021,9.749928474,1.85629797,0,0,0,0,-3,1,0.663652122,0.140000001,0,0,0,0.003256613,0.003256613,0
THAILAND,800,1948,3,0,0,0,0.61500001,9.787403107,1.85629797,0,0,0,0,-3,1,0.663652122,0.140000001,0,0,0,0.003256613,0.003256613,0
THAILAND,800,1949,3,0,0,0,0.640999973,9.825958252,1.85629797,0,0,0,0,-3,1,0.663652122,0.140000001,0,0,0,0.003256613,0.003256613,0
THAILAND,800,1950,3,0,0,0,0.671999991,9.85550499,1.85629797,0,0,0,0,-3,1,0.663652122,0.140000001,0,0,0,0.003256613,0.003256613,0
THAILAND,800,1951,3,0,0,0,0.856999993,9.933385849,1.85629797,0,0,0,0,-3,1,0.663652122,0.140000001,0,0,0,0.003256613,0.003256613,0
THAILAND,800,1952,3,0,0,0,0.818000019,9.960103989,1.85629797,0,0,0,0,-3,1,0.663652122,0.140000001,0,0,0,0.003256613,0.003256613,0
THAILAND,800,1953,3,0,0,0,0.801999986,9.986081123,1.85629797,0,0,0,1,-6,0,0.663652122,0.140000001,0,0,0,0.003256613,0.003256613,0
THAILAND,800,1954,3,0,0,0,0.731000006,10.0112648,1.85629797,0,0,0,1,-6,0,0.663652122,0.140000001,0,0,0,0.003256613,0.003256613,0
THAILAND,800,1955,3,0,0,0,0.777999997,10.03600597,1.85629797,0,0,0,1,-6,0,0.663652122,0.140000001,0,0,0,0.003256613,0.003256613,0
THAILAND,800,1956,3,0,0,0,0.700999975,10.06010628,1.85629797,0,0,0,1,-3,1,0.663652122,0.140000001,0,0,0,0.003256613,0.003256613,0
THAILAND,800,1957,3,0,0,0,0.714999974,10.08847237,1.85629797,0,0,0,1,-3,1,0.663652122,0.140000001,0,0,0,0.003256613,0.003256613,0
THAILAND,800,1958,3,0,0,0,0.786000013,10.11613655,1.85629797,0,0,0,1,-3,1,0.663652122,0.140000001,0,0,0,0.003256613,0.003256613,0
THAILAND,800,1959,3,0,0,0,0.800999999,10.14309502,1.85629797,0,0,0,1,-7,0,0.663652122,0.140000001,0,0,0,0.003256613,0.003256613,0
THAILAND,800,1960,3,0,0,0,0.856999993,10.16919231,1.85629797,0,0,0,1,-7,0,0.663652122,0.140000001,0,0,0,0.003256613,0.003256613,0
THAILAND,800,1961,3,0,0,0,0.943000019,10.18130875,1.85629797,0,0,0,1,-7,0,0.663652122,0.140000001,0,0,0,0.003256613,0.003256613,0
THAILAND,800,1962,3,0,0,0,0.959999979,10.21144962,1.85629797,0,0,0,0,-7,0,0.663652122,0.140000001,0,0,0,0.003256613,0.003256613,0
THAILAND,800,1963,3,0,0,0,0.995000005,10.2417078,1.85629797,0,0,0,0,-7,0,0.663652122,0.140000001,0,0,0,0.003256613,0.003256613,0
THAILAND,800,1964,3,0,0,0,1.036000013,10.27183914,1.85629797,0,0,0,0,-7,0,0.663652122,0.140000001,0,0,0,0.003256613,0.003256613,0
THAILAND,800,1965,3,0,0,0,1.100000024,10.30202866,1.85629797,0,0,0,0,-7,0,0.663652122,0.140000001,0,0,0,0.003256613,0.003256613,0
THAILAND,800,1966,3,0,0,0,1.136000037,10.33218098,1.85629797,0,0,0,0,-7,0,0.663652122,0.140000001,0,0,0,0.003256613,0.003256613,0
THAILAND,800,1967,3,0,0,0,1.225999951,10.36255646,1.85629797,0,0,0,0,-7,0,0.663652122,0.140000001,0,0,0,0.003256613,0.003256613,0
THAILAND,800,1968,3,0,0,0,1.264000058,10.39292622,1.85629797,0,0,0,0,-7,0,0.663652122,0.140000001,0,0,0,0.003256613,0.003256613,0
THAILAND,800,1969,3,0,0,0,1.330000043,10.42335224,1.85629797,0,0,0,1,-2,1,0.663652122,0.140000001,0,0,0,0.003256613,0.003256613,0
THAILAND,800,1970,3,0,0,0,1.401000023,10.45380306,1.85629797,0,0,0,1,2,1,0.663652122,0.140000001,0,0,0,0.003256613,0.003256613,0
THAILAND,800,1971,3,0,0,0,1.526000023,10.48416615,1.85629797,0,0,0,1,2,1,0.663652122,0.140000001,0,0,0,0.003256613,0.003256613,0
THAILAND,800,1972,3,0,0,0,1.48300004,10.51553345,1.85629797,0,0,0,1,-7,0,0.663652122,0.140000001,0,0,0,0.003256613,0.003256613,0
THAILAND,800,1973,3,0,0,0,1.513000011,10.54578876,1.85629797,0,0,0,1,-7,0,0.663652122,0.140000001,0,0,0,0.003256613,0.003256613,0
THAILAND,800,1974,3,0,0,0,1.648000002,10.57495117,1.85629797,0,0,0,1,-2,1,0.663652122,0.140000001,0,0,0,0.003256613,0.003256613,0
THAILAND,800,1975,3,0,0,0,1.641000032,10.60303879,1.85629797,0,0,0,1,3,1,0.663652122,0.140000001,0,0,0,0.003256613,0.003256613,0
THAILAND,800,1976,3,0,0,0,1.682999969,10.63004494,1.85629797,0,0,0,1,3,1,0.663652122,0.140000001,0,0,0,0.003256613,0.003256613,0
THAILAND,800,1977,3,0,0,0,1.779000044,10.65608215,1.85629797,0,0,0,1,-7,0,0.663652122,0.140000001,0,0,0,0.003256613,0.003256613,0
THAILAND,800,1978,3,0,0,0,1.907999992,10.68125153,1.85629797,0,0,0,1,-2,1,0.663652122,0.140000001,0,0,0,0.003256613,0.003256613,0
THAILAND,800,1979,3,0,0,0,2.025000095,10.70553398,1.85629797,0,0,0,1,2,1,0.663652122,0.140000001,0,0,0,0.003256613,0.003256613,0
THAILAND,800,1980,3,0,0,0,2.155999899,10.72895622,1.85629797,0,0,0,1,2,1,0.663652122,0.140000001,0,0,0,0.003256613,0.003256613,0
THAILAND,800,1981,3,0,0,0,2.177999973,10.75149918,1.85629797,0,0,0,1,2,1,0.663652122,0.140000001,0,0,0,0.003256613,0.003256613,0
THAILAND,800,1982,3,0,0,0,2.217000008,10.77325249,1.85629797,0,0,0,0,2,1,0.663652122,0.140000001,0,0,0,0.003256613,0.003256613,0
THAILAND,800,1983,3,0,0,0,2.194999933,10.79425526,1.85629797,0,0,0,0,2,1,0.663652122,0.140000001,0,0,0,0.003256613,0.003256613,0
THAILAND,800,1984,3,0,0,0,2.397000074,10.81454468,1.85629797,0,0,0,0,2,1,0.663652122,0.140000001,0,0,0,0.003256613,0.003256613,0
THAILAND,800,1985,3,0,0,0,2.457000017,10.83407593,1.85629797,0,0,0,0,2,1,0.663652122,0.140000001,0,0,0,0.003256613,0.003256613,0
THAILAND,800,1986,3,0,0,0,2.463000059,10.85288429,1.85629797,0,0,0,0,2,1,0.663652122,0.140000001,0,0,0,0.003256613,0.003256613,0
THAILAND,800,1987,3,0,0,0,2.50999999,10.87149715,1.85629797,0,0,0,0,2,1,0.663652122,0.140000001,0,0,0,0.003256613,0.003256613,0
THAILAND,800,1988,3,0,0,0,2.697999954,10.88939762,1.85629797,0,0,0,0,2,1,0.663652122,0.140000001,0,0,0,0.003256613,0.003256613,0
THAILAND,800,1989,3,0,0,0,2.971999884,10.90661621,1.85629797,0,0,0,0,3,1,0.663652122,0.140000001,0,0,0,0.003256613,0.003256613,0
THAILAND,800,1990,3,0,0,0,3.247999907,10.92320061,1.85629797,0,0,0,0,3,1,0.663652122,0.140000001,0,0,0,0.003256613,0.003256613,0
THAILAND,800,1991,3,0,0,0,3.579999924,10.93850327,1.85629797,0,0,0,0,3,1,0.663652122,0.140000001,0,0,0,0.003256613,0.003256613,0
THAILAND,800,1992,3,0,0,0,3.756000042,10.95345211,1.85629797,0,0,0,1,-1,1,0.663652122,0.140000001,0,0,0,0.003256613,0.003256613,0
THAILAND,800,1993,3,0,0,0,3.941999912,10.96806049,1.85629797,0,0,0,1,9,0,0.663652122,0.140000001,0,0,0,0.003256613,0.003256613,0
THAILAND,800,1994,3,0,0,0,4.228000164,10.96930122,1.85629797,0,0,0,1,9,0,0.663652122,0.140000001,0,0,0,0.003256613,0.003256613,0
THAILAND,800,1995,3,0,0,0,4.568999767,10.98050117,1.85629797,0,0,0,1,9,0,0.663652122,0.140000001,0,0,0,0.003256613,0.003256613,0
THAILAND,800,1996,3,0,0,0,4.946000099,10.99206638,1.85629797,0,0,0,0,9,0,0.663652122,0.140000001,0,0,0,0.003256613,0.003256613,0
THAILAND,800,1997,3,0,0,0,5.206999779,11.00214958,1.85629797,0,0,0,0,9,0,0.663652122,0.140000001,0,0,0,0.003256613,0.003256613,0
THAILAND,800,1998,3,0,0,0,5.085999966,11.01208305,1.85629797,0,0,0,0,9,0,0.663652122,0.140000001,0,0,0,0.003256613,0.003256613,0
THAILAND,800,1999,3,0,0,0,4.535999775,11.02036095,1.85629797,0,0,0,0,9,0,0.663652122,0.140000001,0,0,0,0.003256613,0.003256613,0
CAMBODIA,811,1953,3,0,0,0,.,8.405591011,0.693147182,0,0,1,0,-3,1,0.296923399,0.055,0,0,0,2.07E-05,2.07E-05,0
CAMBODIA,811,1954,3,0,0,0,.,8.405591011,0.693147182,0,0,1,1,-3,1,0.296923399,0.055,0,0,0,2.07E-05,2.07E-05,0
CAMBODIA,811,1955,3,0,0,0,0.389999986,8.430327415,0.693147182,0,0,0,1,-6,0,0.296923399,0.055,0,0,0,2.07E-05,2.07E-05,0
CAMBODIA,811,1956,3,0,0,0,0.435000002,8.455742836,0.693147182,0,0,0,1,-9,0,0.296923399,0.055,0,0,0,2.07E-05,2.07E-05,0
CAMBODIA,811,1957,3,0,0,0,0.47299999,8.481566429,0.693147182,0,0,0,1,-9,0,0.296923399,0.055,0,0,0,2.07E-05,2.07E-05,0
CAMBODIA,811,1958,3,0,0,0,0.504000008,8.507748604,0.693147182,0,0,0,1,-9,0,0.296923399,0.055,0,0,0,2.07E-05,2.07E-05,0
CAMBODIA,811,1959,3,0,0,0,0.531000018,8.534049988,0.693147182,0,0,0,0,-9,0,0.296923399,0.055,0,0,0,2.07E-05,2.07E-05,0
CAMBODIA,811,1960,3,0,0,0,0.545000017,8.560635567,0.693147182,0,0,0,0,-9,0,0.296923399,0.055,0,0,0,2.07E-05,2.07E-05,0
CAMBODIA,811,1961,3,0,0,0,0.563000023,8.587465286,0.693147182,0,0,0,0,-9,0,0.296923399,0.055,0,0,0,2.07E-05,2.07E-05,0
CAMBODIA,811,1962,3,0,0,0,0.603999972,8.614319801,0.693147182,0,0,0,0,-9,0,0.296923399,0.055,0,0,0,2.07E-05,2.07E-05,0
CAMBODIA,811,1963,3,0,0,0,0.624000013,8.641179085,0.693147182,0,0,0,0,-9,0,0.296923399,0.055,0,0,0,2.07E-05,2.07E-05,0
CAMBODIA,811,1964,3,0,0,0,0.683000028,8.668195724,0.693147182,0,0,0,0,-9,0,0.296923399,0.055,0,0,0,2.07E-05,2.07E-05,0
CAMBODIA,811,1965,3,0,0,0,0.666999996,8.69550705,0.693147182,0,0,0,0,-9,0,0.296923399,0.055,0,0,0,2.07E-05,2.07E-05,0
CAMBODIA,811,1966,3,0,0,0,0.700999975,8.722906113,0.693147182,0,0,0,0,-9,0,0.296923399,0.055,0,0,0,2.07E-05,2.07E-05,0
CAMBODIA,811,1967,3,0,0,0,0.744000018,8.750366211,0.693147182,0,0,0,0,-9,0,0.296923399,0.055,0,0,0,2.07E-05,2.07E-05,0
CAMBODIA,811,1968,3,0,0,0,0.753000021,8.776321411,0.693147182,0,0,0,0,-9,0,0.296923399,0.055,0,0,0,2.07E-05,2.07E-05,0
CAMBODIA,811,1969,3,0,0,0,0.765999973,8.797548294,0.693147182,0,0,0,0,-9,0,0.296923399,0.055,0,0,0,2.07E-05,2.07E-05,0
CAMBODIA,811,1970,3,1,0,0,0.915000021,8.817297935,0.693147182,0,0,0,0,-9,0,0.296923399,0.055,0,0,0,2.07E-05,2.07E-05,0
CAMBODIA,811,1971,3,0,0,1,0.866999984,8.838841438,0.693147182,0,0,0,1,-7,0,0.296923399,0.055,0,0,0,2.07E-05,2.07E-05,0
CAMBODIA,811,1972,3,0,0,1,0.545000017,8.851949692,0.693147182,0,0,0,1,-6,0,0.296923399,0.055,0,0,0,2.07E-05,2.07E-05,0
CAMBODIA,811,1973,3,0,0,1,0.451999992,8.859647751,0.693147182,0,0,0,1,-5,1,0.296923399,0.055,0,0,0,2.07E-05,2.07E-05,0
CAMBODIA,811,1974,3,0,0,1,0.463999987,8.866017342,0.693147182,0,0,0,1,-5,1,0.296923399,0.055,0,0,0,2.07E-05,2.07E-05,0
CAMBODIA,811,1975,3,0,0,1,0.391000003,8.871224403,0.693147182,0,0,0,0,-5,1,0.296923399,0.055,0,0,0,2.07E-05,2.07E-05,0
CAMBODIA,811,1976,3,0,0,1,0.398999989,8.867568016,0.693147182,0,0,0,1,0,1,0.296923399,0.055,0,0,0,2.07E-05,2.07E-05,0
CAMBODIA,811,1977,3,0,0,0,0.409999996,8.848796844,0.693147182,0,0,0,1,-7,0,0.296923399,0.055,0,0,0,2.07E-05,2.07E-05,0
CAMBODIA,811,1978,3,1,0,0,0.421999991,8.821732521,0.693147182,0,0,0,1,-7,0,0.296923399,0.055,0,0,0,2.07E-05,2.07E-05,0
CAMBODIA,811,1979,3,0,0,1,0.433999985,8.792550087,0.693147182,0,0,0,0,-7,0,0.296923399,0.055,0,0,0,2.07E-05,2.07E-05,0
CAMBODIA,811,1980,3,0,0,1,0.400000006,8.770749092,0.693147182,0,0,0,0,.,.,0.296923399,0.055,0,0,0,2.07E-05,2.07E-05,0
CAMBODIA,811,1981,3,0,0,1,0.774999976,8.764053345,0.693147182,0,0,0,0,.,.,0.296923399,0.055,0,0,0,2.07E-05,2.07E-05,0
CAMBODIA,811,1982,3,0,0,1,0.481000006,8.775395393,0.693147182,0,0,0,0,.,.,0.296923399,0.055,0,0,0,2.07E-05,2.07E-05,0
CAMBODIA,811,1983,3,0,0,1,0.493000001,8.80177021,0.693147182,0,0,0,0,.,.,0.296923399,0.055,0,0,0,2.07E-05,2.07E-05,0
CAMBODIA,811,1984,3,0,0,1,0.869000018,8.837535858,0.693147182,0,0,0,0,.,.,0.296923399,0.055,0,0,0,2.07E-05,2.07E-05,0
CAMBODIA,811,1985,3,0,0,1,0.916999996,8.869257927,0.693147182,0,0,0,0,.,.,0.296923399,0.055,0,0,0,2.07E-05,2.07E-05,0
CAMBODIA,811,1986,3,0,0,1,0.916999996,8.899730682,0.693147182,0,0,0,0,.,.,0.296923399,0.055,0,0,0,2.07E-05,2.07E-05,0
CAMBODIA,811,1987,3,0,0,1,0.938000023,8.926650047,0.693147182,0,0,0,0,.,.,0.296923399,0.055,0,0,0,2.07E-05,2.07E-05,0
CAMBODIA,811,1988,3,0,0,1,0.953000009,8.952863693,0.693147182,0,0,0,0,.,.,0.296923399,0.055,0,0,0,2.07E-05,2.07E-05,0
CAMBODIA,811,1989,3,0,0,1,0.975000024,8.97840786,0.693147182,0,0,0,1,0,1,0.296923399,0.055,0,0,0,2.07E-05,2.07E-05,0
CAMBODIA,811,1990,3,0,0,1,0.987999976,9.003315926,0.693147182,0,0,0,1,0,1,0.296923399,0.055,0,0,0,2.07E-05,2.07E-05,0
CAMBODIA,811,1991,3,0,0,1,0.992999971,9.056022644,0.693147182,0,0,0,1,1,1,0.296923399,0.055,0,0,0,2.07E-05,2.07E-05,0
CAMBODIA,811,1992,3,0,0,1,1.014000058,9.08364296,0.693147182,0,0,0,1,1,1,0.296923399,0.055,0,0,0,2.07E-05,2.07E-05,0
CAMBODIA,811,1993,3,0,0,1,.,9.110520363,0.693147182,0,0,0,1,1,1,0.296923399,0.055,0,0,0,2.07E-05,2.07E-05,0
CAMBODIA,811,1994,3,0,0,0,.,9.154848099,0.693147182,0,0,0,1,1,1,0.296923399,0.055,0,0,0,2.07E-05,2.07E-05,0
CAMBODIA,811,1995,3,0,0,0,.,9.182277679,0.693147182,0,0,0,1,1,1,0.296923399,0.055,0,0,0,2.07E-05,2.07E-05,0
CAMBODIA,811,1996,3,0,0,0,.,9.208539009,0.693147182,0,0,0,0,1,1,0.296923399,0.055,0,0,0,2.07E-05,2.07E-05,0
CAMBODIA,811,1997,3,0,0,0,.,9.233512878,0.693147182,0,0,0,0,1,1,0.296923399,0.055,0,0,0,2.07E-05,2.07E-05,0
CAMBODIA,811,1998,3,0,0,0,.,9.257200241,0.693147182,0,0,0,1,-7,0,0.296923399,0.055,0,0,0,2.07E-05,2.07E-05,0
CAMBODIA,811,1999,3,0,0,0,.,9.27959919,0.693147182,0,0,0,1,2,1,0.296923399,0.055,0,0,0,2.07E-05,2.07E-05,0
LAOS,812,1953,3,0,0,0,.,.,3.605497837,0,0,1,0,.,.,0.599656701,0.219999999,0,0,0,0.027848533,0.027848533,0
LAOS,812,1954,3,0,0,0,.,.,3.605497837,0,0,1,0,.,.,0.599656701,0.219999999,.,.,.,0.027848533,0.027848533,0
LAOS,812,1955,3,0,0,0,0.291999996,7.651120186,3.605497837,0,0,0,1,0,1,0.599656701,0.219999999,.,.,.,0.027848533,0.027848533,0
LAOS,812,1956,3,0,0,0,0.326999992,7.67136097,3.605497837,0,0,0,1,2,1,0.599656701,0.219999999,0,0,0,0.027848533,0.027848533,0
LAOS,812,1957,3,0,0,0,0.412,7.69165659,3.605497837,0,0,0,1,4,1,0.599656701,0.219999999,0,0,0,0.027848533,0.027848533,0
LAOS,812,1958,3,0,0,0,0.414000005,7.712443829,3.605497837,0,0,0,1,6,0,0.599656701,0.219999999,0,0,0,0.027848533,0.027848533,0
LAOS,812,1959,3,0,0,0,0.451000005,7.705262661,3.605497837,0,0,0,1,8,0,0.599656701,0.219999999,0,0,0,0.027848533,0.027848533,0
LAOS,812,1960,3,1,0,0,0.467000008,7.732807636,3.605497837,0,0,0,1,8,0,0.599656701,0.219999999,0,0,0,0.027848533,0.027848533,0
LAOS,812,1961,3,0,0,1,0.483999997,7.756623268,3.605497837,0,0,0,1,-1,1,0.599656701,0.219999999,0,0,0,0.027848533,0.027848533,0
LAOS,812,1962,3,0,0,1,0.535000026,7.780303001,3.605497837,0,0,0,1,0,1,0.599656701,0.219999999,0,0,0,0.027848533,0.027848533,0
LAOS,812,1963,3,0,0,1,0.565999985,7.803843498,3.605497837,0,0,0,1,0,1,0.599656701,0.219999999,0,0,0,0.027848533,0.027848533,0
LAOS,812,1964,3,0,0,1,0.600000024,7.82763958,3.605497837,0,0,0,1,0,1,0.599656701,0.219999999,0,0,0,0.027848533,0.027848533,0
LAOS,812,1965,3,0,0,1,0.635999978,7.851272106,3.605497837,0,0,0,1,0,1,0.599656701,0.219999999,0,0,0,0.027848533,0.027848533,0
LAOS,812,1966,3,0,0,1,0.638000011,7.875119209,3.605497837,0,0,0,1,0,1,0.599656701,0.219999999,0,0,0,0.027848533,0.027848533,0
LAOS,812,1967,3,0,0,1,0.699000001,7.898782253,3.605497837,0,0,0,1,0,1,0.599656701,0.219999999,0,0,0,0.027848533,0.027848533,0
LAOS,812,1968,3,0,0,1,0.768000007,7.922623634,3.605497837,0,0,0,1,0,1,0.599656701,0.219999999,0,0,0,0.027848533,0.027848533,0
LAOS,812,1969,3,0,0,1,0.658999979,7.94626379,3.605497837,0,0,0,1,0,1,0.599656701,0.219999999,0,0,0,0.027848533,0.027848533,0
LAOS,812,1970,3,0,0,1,0.797999978,7.970049381,3.605497837,0,0,0,1,0,1,0.599656701,0.219999999,0,0,0,0.027848533,0.027848533,0
LAOS,812,1971,3,0,0,1,0.94599998,7.993619919,3.605497837,0,0,0,1,0,1,0.599656701,0.219999999,0,0,0,0.027848533,0.027848533,0
LAOS,812,1972,3,0,0,1,0.88499999,8.017307281,3.605497837,0,0,0,1,0,1,0.599656701,0.219999999,0,0,0,0.027848533,0.027848533,0
LAOS,812,1973,3,0,0,1,0.939999998,8.041090965,3.605497837,0,0,0,1,0,1,0.599656701,0.219999999,0,0,0,0.027848533,0.027848533,0
LAOS,812,1974,3,0,0,1,0.966000021,8.064950943,3.605497837,0,0,0,1,-2,1,0.599656701,0.219999999,0,0,0,0.027848533,0.027848533,0
LAOS,812,1975,3,0,0,0,0.845000029,8.088562012,3.605497837,0,0,0,1,-5,1,0.599656701,0.219999999,.,.,.,0.027848533,0.027848533,0
LAOS,812,1976,3,0,0,0,0.841000021,8.139732361,3.605497837,0,0,0,1,-7,0,0.599656701,0.219999999,.,.,.,0.027848533,0.027848533,0
LAOS,812,1977,3,0,0,0,0.847000003,8.165363312,3.605497837,0,0,0,1,-7,0,0.599656701,0.219999999,.,.,.,0.027848533,0.027848533,0
LAOS,812,1978,3,0,0,0,0.882000029,8.19146347,3.605497837,0,0,0,0,-7,0,0.599656701,0.219999999,.,.,.,0.027848533,0.027848533,0
LAOS,812,1979,3,0,0,0,0.995000005,8.217438698,3.605497837,0,0,0,0,-7,0,0.599656701,0.219999999,.,.,.,0.027848533,0.027848533,0
LAOS,812,1980,3,0,0,0,1.024999976,8.243282318,3.605497837,0,0,0,0,-7,0,0.599656701,0.219999999,.,.,.,0.027848533,0.027848533,0
LAOS,812,1981,3,0,0,0,0.832000017,8.268988609,3.605497837,0,0,0,0,-7,0,0.599656701,0.219999999,.,.,.,0.027848533,0.027848533,0
LAOS,812,1982,3,0,0,0,1.085999966,8.294549942,3.605497837,0,0,0,0,-7,0,0.599656701,0.219999999,.,.,.,0.027848533,0.027848533,0
LAOS,812,1983,3,0,0,0,1.083999991,8.319717407,3.605497837,0,0,0,0,-7,0,0.599656701,0.219999999,.,.,.,0.027848533,0.027848533,0
LAOS,812,1984,3,0,0,0,0.961000025,8.134467125,3.605497837,0,0,0,0,-7,0,0.599656701,0.219999999,.,.,.,0.027848533,0.027848533,0
LAOS,812,1985,3,0,0,0,1.274999976,8.159375191,3.605497837,0,0,0,0,-7,0,0.599656701,0.219999999,.,.,.,0.027848533,0.027848533,0
LAOS,812,1986,3,0,0,0,1.340000033,8.187021255,3.605497837,0,0,0,0,-7,0,0.599656701,0.219999999,.,.,.,0.027848533,0.027848533,0
LAOS,812,1987,3,0,0,0,1.353999972,8.214735985,3.605497837,0,0,0,0,-7,0,0.599656701,0.219999999,.,.,.,0.027848533,0.027848533,0
LAOS,812,1988,3,0,0,0,1.291000009,8.24275589,3.605497837,0,0,0,0,-7,0,0.599656701,0.219999999,.,.,.,0.027848533,0.027848533,0
LAOS,812,1989,3,0,0,0,1.235000014,8.271037102,3.605497837,0,0,0,0,-7,0,0.599656701,0.219999999,.,.,.,0.027848533,0.027848533,0
LAOS,812,1990,3,0,0,0,1.363999963,8.299782753,3.605497837,0,0,0,0,-7,0,0.599656701,0.219999999,.,.,.,0.027848533,0.027848533,0
LAOS,812,1991,3,0,0,0,1.38499999,8.328451157,3.605497837,0,0,0,0,-7,0,0.599656701,0.219999999,.,.,.,0.027848533,0.027848533,0
LAOS,812,1992,3,0,0,0,1.38499999,8.357258797,3.605497837,0,0,0,0,-7,0,0.599656701,0.219999999,0,0,0,0.027848533,0.027848533,0
LAOS,812,1993,3,0,0,0,1.440999985,8.405143738,3.605497837,0,0,0,0,-7,0,0.599656701,0.219999999,0,0,0,0.027848533,0.027848533,0
LAOS,812,1994,3,0,0,0,1.485000014,8.38183403,3.605497837,0,0,0,0,-7,0,0.599656701,0.219999999,0,0,0,0.027848533,0.027848533,0
LAOS,812,1995,3,0,0,0,1.56400001,8.408712387,3.605497837,0,0,0,0,-7,0,0.599656701,0.219999999,0,0,0,0.027848533,0.027848533,0
LAOS,812,1996,3,0,0,0,1.631000042,8.434898376,3.605497837,0,0,0,0,-7,0,0.599656701,0.219999999,0,0,0,0.027848533,0.027848533,0
LAOS,812,1997,3,0,0,0,1.69599998,8.460745811,3.605497837,0,0,0,0,-7,0,0.599656701,0.219999999,0,0,0,0.027848533,0.027848533,0
LAOS,812,1998,3,0,0,0,1.769000053,8.486575127,3.605497837,0,0,0,0,-7,0,0.599656701,0.219999999,0,0,0,0.027848533,0.027848533,0
LAOS,812,1999,3,0,0,0,1.79400003,8.511917114,3.605497837,0,0,0,0,-7,0,0.599656701,0.219999999,0,0,0,0.027848533,0.027848533,0
VIETNAM,816,1954,3,0,0,0,0.63499999,9.526172638,3.005682707,0,0,1,0,-9,0,0.26616317,0.02,0,0,0,4.83E-07,4.83E-07,0
VIETNAM,816,1955,3,0,0,0,0.63499999,9.526172638,3.005682707,0,0,1,0,-9,0,0.26616317,0.02,0,0,0,4.83E-07,4.83E-07,0
VIETNAM,816,1956,3,0,0,0,0.663999975,9.551515579,3.005682707,0,0,0,0,-9,0,0.26616317,0.02,0,0,0,4.83E-07,4.83E-07,0
VIETNAM,816,1957,3,0,0,0,0.694000006,9.568015099,3.005682707,0,0,0,0,-9,0,0.26616317,0.02,0,0,0,4.83E-07,4.83E-07,0
VIETNAM,816,1958,3,0,0,0,0.681999981,9.588776588,3.005682707,0,0,0,0,-9,0,0.26616317,0.02,0,0,0,4.83E-07,4.83E-07,0
VIETNAM,816,1959,3,0,0,0,0.764999986,9.616472244,3.005682707,0,0,0,0,-9,0,0.26616317,0.02,0,0,0,4.83E-07,4.83E-07,0
VIETNAM,816,1960,3,0,0,0,0.856000006,9.646657944,3.005682707,0,0,0,0,-9,0,0.26616317,0.02,0,0,0,4.83E-07,4.83E-07,0
VIETNAM,816,1961,3,0,0,0,0.907999992,9.675143242,3.005682707,0,0,0,0,-8,0,0.26616317,0.02,0,0,0,4.83E-07,4.83E-07,0
VIETNAM,816,1962,3,0,0,0,0.936999977,9.722564697,3.005682707,0,0,0,0,-8,0,0.26616317,0.02,0,0,0,4.83E-07,4.83E-07,0
VIETNAM,816,1963,3,0,0,0,1.006000042,9.752664566,3.005682707,0,0,0,0,-8,0,0.26616317,0.02,0,0,0,4.83E-07,4.83E-07,0
VIETNAM,816,1964,3,0,0,0,1.006999969,9.792555809,3.005682707,0,0,0,0,-8,0,0.26616317,0.02,0,0,0,4.83E-07,4.83E-07,0
VIETNAM,816,1965,3,0,0,0,1.021000028,9.825526237,3.005682707,0,0,0,0,-8,0,0.26616317,0.02,0,0,0,4.83E-07,4.83E-07,0
VIETNAM,816,1966,3,0,0,0,1.042999983,9.852193832,3.005682707,0,0,0,0,-8,0,0.26616317,0.02,0,0,0,4.83E-07,4.83E-07,0
VIETNAM,816,1967,3,0,0,0,1.046000004,9.874058723,3.005682707,0,0,0,0,-8,0,0.26616317,0.02,0,0,0,4.83E-07,4.83E-07,0
VIETNAM,816,1968,3,0,0,0,1.031000018,9.8959589,3.005682707,0,0,0,0,-8,0,0.26616317,0.02,0,0,0,4.83E-07,4.83E-07,0
VIETNAM,816,1969,3,0,0,0,1.101999998,9.917390823,3.005682707,0,0,0,0,-8,0,0.26616317,0.02,0,0,0,4.83E-07,4.83E-07,0
VIETNAM,816,1970,3,0,0,0,1.097000003,9.938855171,3.005682707,0,0,0,0,-7,0,0.26616317,0.02,0,0,0,4.83E-07,4.83E-07,0
VIETNAM,816,1971,3,0,0,0,1.118000031,9.959395409,3.005682707,0,0,0,0,-7,0,0.26616317,0.02,0,0,0,4.83E-07,4.83E-07,0
VIETNAM,816,1972,3,0,0,0,.,9.98021698,3.005682707,0,0,0,0,-7,0,0.26616317,0.02,0,0,0,4.83E-07,4.83E-07,0
VIETNAM,816,1973,3,0,0,0,.,10.00052357,3.005682707,0,0,0,0,-7,0,0.26616317,0.02,0,0,0,4.83E-07,4.83E-07,0
VIETNAM,816,1974,3,0,0,0,.,10.0204258,3.005682707,0,0,0,0,-7,0,0.26616317,0.02,0,0,0,4.83E-07,4.83E-07,0
VIETNAM,816,1975,3,0,0,0,.,10.05380249,3.005682707,0,0,0,0,-7,0,0.26616317,0.02,0,0,0,4.83E-07,4.83E-07,0
VIETNAM,816,1976,3,0,0,0,1.294999957,10.77073479,3.005682707,0,0,0,0,-7,0,0.26616317,0.02,0,0,0,4.83E-07,4.83E-07,0
VIETNAM,816,1977,3,0,0,0,.,10.79540348,3.005682707,0,0,0,0,-7,0,0.26616317,0.02,0,0,0,4.83E-07,4.83E-07,0
VIETNAM,816,1978,3,0,0,0,1.172999978,10.82033825,3.005682707,0,0,0,0,-7,0,0.26616317,0.02,0,0,0,4.83E-07,4.83E-07,0
VIETNAM,816,1979,3,0,0,0,1.197000027,10.84507561,3.005682707,0,0,0,0,-7,0,0.26616317,0.02,0,0,0,4.83E-07,4.83E-07,0
VIETNAM,816,1980,3,0,0,0,1.233999968,10.86906338,3.005682707,0,0,0,0,-7,0,0.26616317,0.02,0,0,0,4.83E-07,4.83E-07,0
VIETNAM,816,1981,3,0,0,0,1.274000049,10.89191246,3.005682707,0,0,0,0,-7,0,0.26616317,0.02,0,0,0,4.83E-07,4.83E-07,0
VIETNAM,816,1982,3,0,0,0,1.307000041,10.91354179,3.005682707,0,0,0,0,-7,0,0.26616317,0.02,0,0,0,4.83E-07,4.83E-07,0
VIETNAM,816,1983,3,0,0,0,1.332999945,10.93515873,3.005682707,0,0,0,0,-7,0,0.26616317,0.02,0,0,0,4.83E-07,4.83E-07,0
VIETNAM,816,1984,3,0,0,0,1.36500001,10.95706749,3.005682707,0,0,0,0,-7,0,0.26616317,0.02,0,0,0,4.83E-07,4.83E-07,0
VIETNAM,816,1985,3,0,0,0,1.340000033,10.97883129,3.005682707,0,0,0,0,-7,0,0.26616317,0.02,0,0,0,4.83E-07,4.83E-07,0
VIETNAM,816,1986,3,0,0,0,1.422999978,11.00046539,3.005682707,0,0,0,0,-7,0,0.26616317,0.02,0,0,0,4.83E-07,4.83E-07,0
VIETNAM,816,1987,3,0,0,0,1.422000051,11.02041435,3.005682707,0,0,0,0,-7,0,0.26616317,0.02,0,0,0,4.83E-07,4.83E-07,0
VIETNAM,816,1988,3,0,0,0,1.504999995,11.04215336,3.005682707,0,0,0,0,-7,0,0.26616317,0.02,0,0,0,4.83E-07,4.83E-07,0
VIETNAM,816,1989,3,0,0,0,1.58099997,11.06236362,3.005682707,0,0,0,0,-7,0,0.26616317,0.02,0,0,0,4.83E-07,4.83E-07,0
VIETNAM,816,1990,3,0,0,0,1.483999968,11.07866001,3.005682707,0,0,0,0,-7,0,0.26616317,0.02,0,0,0,4.83E-07,4.83E-07,0
VIETNAM,816,1991,3,0,0,0,1.606999993,11.10093403,3.005682707,0,0,0,0,-7,0,0.26616317,0.02,0,0,0,4.83E-07,4.83E-07,0
VIETNAM,816,1992,3,0,0,0,1.595999956,11.12995052,3.005682707,0,0,0,0,-7,0,0.26616317,0.02,0,0,0,4.83E-07,4.83E-07,0
VIETNAM,816,1993,3,0,0,0,.,11.14879417,3.005682707,0,0,0,0,-7,0,0.26616317,0.02,0,0,0,4.83E-07,4.83E-07,0
VIETNAM,816,1994,3,0,0,0,.,11.17080116,3.005682707,0,0,0,0,-7,0,0.26616317,0.02,0,0,0,4.83E-07,4.83E-07,0
VIETNAM,816,1995,3,0,0,0,.,11.19147968,3.005682707,0,0,0,0,-7,0,0.26616317,0.02,0,0,0,4.83E-07,4.83E-07,0
VIETNAM,816,1996,3,0,0,0,.,11.21130657,3.005682707,0,0,0,0,-7,0,0.26616317,0.02,0,0,0,4.83E-07,4.83E-07,0
VIETNAM,816,1997,3,0,0,0,.,11.22996521,3.005682707,0,0,0,0,-7,0,0.26616317,0.02,0,0,0,4.83E-07,4.83E-07,0
VIETNAM,816,1998,3,0,0,0,.,11.24780083,3.005682707,0,0,0,0,-7,0,0.26616317,0.02,0,0,0,4.83E-07,4.83E-07,0
VIETNAM,816,1999,3,0,0,0,.,11.25967503,3.005682707,0,0,0,0,-7,0,0.26616317,0.02,0,0,0,4.83E-07,4.83E-07,0
"VIETNAM, S.",817,1954,3,0,0,0,0.537999988,9.203718185,3.005682707,0,0,1,0,.,.,0.263711691,0.017999999,0,0,0,4.83E-07,4.83E-07,0
"VIETNAM, S.",817,1955,3,0,0,0,0.537999988,9.203718185,3.005682707,0,0,1,0,.,.,0.263711691,0.017999999,0,0,0,4.83E-07,4.83E-07,0
"VIETNAM, S.",817,1956,3,0,0,0,0.546999991,9.392662048,3.005682707,0,0,0,0,-3,1,0.263711691,0.017999999,0,0,0,4.83E-07,4.83E-07,0
"VIETNAM, S.",817,1957,3,0,0,0,0.577000022,9.417354584,3.005682707,0,0,0,0,-3,1,0.263711691,0.017999999,0,0,0,4.83E-07,4.83E-07,0
"VIETNAM, S.",817,1958,3,0,0,0,0.611999989,9.441452026,3.005682707,0,0,0,0,-3,1,0.263711691,0.017999999,0,0,0,4.83E-07,4.83E-07,0
"VIETNAM, S.",817,1959,3,0,0,0,0.639999986,9.467615128,3.005682707,0,0,0,0,-3,1,0.263711691,0.017999999,0,0,0,4.83E-07,4.83E-07,0
"VIETNAM, S.",817,1960,3,1,0,0,0.654999971,9.531699181,3.005682707,0,0,0,0,-3,1,0.263711691,0.017999999,0,0,0,4.83E-07,4.83E-07,0
"VIETNAM, S.",817,1961,3,0,0,1,0.657999992,9.553930283,3.005682707,0,0,0,0,-3,1,0.263711691,0.017999999,0,0,0,4.83E-07,4.83E-07,0
"VIETNAM, S.",817,1962,3,0,0,1,0.693000019,9.581490517,3.005682707,0,0,0,0,-3,1,0.263711691,0.017999999,0,0,0,4.83E-07,4.83E-07,0
"VIETNAM, S.",817,1963,3,0,0,1,0.708000004,9.611127853,3.005682707,0,0,0,0,-3,1,0.263711691,0.017999999,0,0,0,4.83E-07,4.83E-07,0
"VIETNAM, S.",817,1964,3,0,0,1,0.742999971,9.636914253,3.005682707,0,0,0,0,-3,1,0.263711691,0.017999999,0,0,0,4.83E-07,4.83E-07,0
"VIETNAM, S.",817,1965,3,0,0,1,0.746999979,9.662689209,3.005682707,0,0,0,0,-3,1,0.263711691,0.017999999,0,0,0,4.83E-07,4.83E-07,0
"VIETNAM, S.",817,1966,3,0,0,1,0.802999973,9.687815666,3.005682707,0,0,0,0,-3,1,0.263711691,0.017999999,0,0,0,4.83E-07,4.83E-07,0
"VIETNAM, S.",817,1967,3,0,0,1,1.164999962,9.713537216,3.005682707,0,0,0,0,-3,1,0.263711691,0.017999999,0,0,0,4.83E-07,4.83E-07,0
"VIETNAM, S.",817,1968,3,0,0,1,1.233999968,9.739202499,3.005682707,0,0,0,0,-3,1,0.263711691,0.017999999,0,0,0,4.83E-07,4.83E-07,0
"VIETNAM, S.",817,1969,3,0,0,1,1.297000051,9.764800072,3.005682707,0,0,0,0,-3,1,0.263711691,0.017999999,0,0,0,4.83E-07,4.83E-07,0
"VIETNAM, S.",817,1970,3,0,0,1,1.381000042,9.790878296,3.005682707,0,0,0,0,-3,1,0.263711691,0.017999999,0,0,0,4.83E-07,4.83E-07,0
"VIETNAM, S.",817,1971,3,0,0,1,1.332000017,9.81629467,3.005682707,0,0,0,0,-3,1,0.263711691,0.017999999,0,0,0,4.83E-07,4.83E-07,0
"VIETNAM, S.",817,1972,3,0,0,1,1.506999969,9.842090607,3.005682707,0,0,0,0,-3,1,0.263711691,0.017999999,0,0,0,4.83E-07,4.83E-07,0
"VIETNAM, S.",817,1973,3,0,0,1,1.531999946,9.867652893,3.005682707,0,0,0,0,-3,1,0.263711691,0.017999999,0,0,0,4.83E-07,4.83E-07,0
"VIETNAM, S.",817,1974,3,0,0,1,1.555999994,9.871325493,3.005682707,0,0,0,0,-3,1,0.263711691,0.017999999,0,0,0,4.83E-07,4.83E-07,0
"VIETNAM, S.",817,1975,3,0,0,1,1.302999973,9.919015884,3.005682707,0,0,0,0,-3,1,0.263711691,0.017999999,0,0,0,4.83E-07,4.83E-07,0
MALAYSIA,820,1957,3,0,0,0,1.291000009,8.923857689,2.753660679,1,0,1,0,10,0,0.651521087,0.254000008,0,0,0,0.079167848,0.079167848,0
MALAYSIA,820,1958,3,0,0,0,1.291000009,8.923857689,2.753660679,1,0,1,0,10,0,0.651521087,0.254000008,0,0,0,0.079167848,0.079167848,0
MALAYSIA,820,1959,3,0,0,0,1.24000001,8.952475548,2.753660679,1,0,0,0,10,0,0.651521087,0.254000008,0,0,0,0.079167848,0.079167848,0
MALAYSIA,820,1960,3,0,0,0,1.330000043,8.980172157,2.753660679,1,0,0,0,10,0,0.651521087,0.254000008,0,0,0,0.079167848,0.079167848,0
MALAYSIA,820,1961,3,0,0,0,1.419999957,9.011523247,2.753660679,1,0,0,0,10,0,0.651521087,0.254000008,0,0,0,0.079167848,0.079167848,0
MALAYSIA,820,1962,3,0,0,0,1.478000045,9.041566849,2.753660679,1,0,0,0,10,0,0.651521087,0.254000008,0,0,0,0.079167848,0.079167848,0
MALAYSIA,820,1963,3,0,0,0,1.537999988,9.071537971,2.753660679,1,0,0,0,10,0,0.651521087,0.254000008,0,0,0,0.079167848,0.079167848,0
MALAYSIA,820,1964,3,0,0,0,1.577000022,9.101529121,2.753660679,1,0,0,0,10,0,0.651521087,0.254000008,0,0,0,0.079167848,0.079167848,0
MALAYSIA,820,1965,3,0,0,0,1.605999947,9.13140583,2.753660679,1,0,0,0,10,0,0.651521087,0.254000008,0,0,0,0.079167848,0.079167848,0
MALAYSIA,820,1966,3,0,0,0,1.671000004,9.161359787,2.753660679,1,0,0,0,10,0,0.651521087,0.254000008,0,0,0,0.079167848,0.079167848,0
MALAYSIA,820,1967,3,0,0,0,1.730999947,9.18758297,2.753660679,1,0,0,0,10,0,0.651521087,0.254000008,0,0,0,0.079167848,0.079167848,0
MALAYSIA,820,1968,3,0,0,0,1.738999963,9.213734627,2.753660679,1,0,0,0,10,0,0.651521087,0.254000008,0,0,0,0.079167848,0.079167848,0
MALAYSIA,820,1969,3,0,0,0,1.786999941,9.239802361,2.753660679,1,0,0,0,10,0,0.651521087,0.254000008,0,0,0,0.079167848,0.079167848,0
MALAYSIA,820,1970,3,0,0,0,1.812999964,9.265964508,2.753660679,1,0,0,1,1,1,0.651521087,0.254000008,0,0,0,0.079167848,0.079167848,0
MALAYSIA,820,1971,3,0,0,0,2.154000044,9.292197227,2.753660679,1,0,0,1,1,1,0.651521087,0.254000008,0,0,0,0.079167848,0.079167848,0
MALAYSIA,820,1972,3,0,0,0,2.217999935,9.317219734,2.753660679,1,0,0,1,4,1,0.651521087,0.254000008,0,0,0,0.079167848,0.079167848,0
MALAYSIA,820,1973,3,0,0,0,2.345999956,9.34207058,2.753660679,1,0,0,1,4,1,0.651521087,0.254000008,0,0,0,0.079167848,0.079167848,0
MALAYSIA,820,1974,3,0,0,0,2.555000067,9.36648941,2.753660679,1,0,0,1,4,1,0.651521087,0.254000008,0,0,0,0.079167848,0.079167848,0
MALAYSIA,820,1975,3,0,0,0,2.790999889,9.390492439,2.753660679,1,0,0,0,4,1,0.651521087,0.254000008,0,0,0,0.079167848,0.079167848,0
MALAYSIA,820,1976,3,0,0,0,2.663000107,9.413933754,2.753660679,1,0,0,0,4,1,0.651521087,0.254000008,0,0,0,0.079167848,0.079167848,0
MALAYSIA,820,1977,3,0,0,0,2.848999977,9.437077522,2.753660679,1,0,0,0,4,1,0.651521087,0.254000008,0,0,0,0.079167848,0.079167848,0
MALAYSIA,820,1978,3,0,0,0,3.072999954,9.460086823,2.753660679,1,0,0,0,4,1,0.651521087,0.254000008,0,0,0,0.079167848,0.079167848,0
MALAYSIA,820,1979,3,0,0,0,3.239000082,9.483036041,2.753660679,1,0,0,0,4,1,0.651521087,0.254000008,0,0,0,0.079167848,0.079167848,0
MALAYSIA,820,1980,3,0,0,0,3.470000029,9.506288528,2.753660679,1,0,0,0,4,1,0.651521087,0.254000008,0,0,0,0.079167848,0.079167848,0
MALAYSIA,820,1981,3,0,0,0,3.799000025,9.529811859,2.753660679,1,0,0,0,4,1,0.651521087,0.254000008,0,0,0,0.079167848,0.079167848,0
MALAYSIA,820,1982,3,0,0,0,4.011000156,9.556055069,2.753660679,1,0,0,0,4,1,0.651521087,0.254000008,0,0,0,0.079167848,0.079167848,0
MALAYSIA,820,1983,3,0,0,0,4.171000004,9.582592964,2.753660679,1,0,0,0,4,1,0.651521087,0.254000008,0,0,0,0.079167848,0.079167848,0
MALAYSIA,820,1984,3,0,0,0,4.287000179,9.608243942,2.753660679,1,0,0,0,4,1,0.651521087,0.254000008,0,0,0,0.079167848,0.079167848,0
MALAYSIA,820,1985,3,0,0,0,4.420000076,9.633776665,2.753660679,1,0,0,0,4,1,0.651521087,0.254000008,0,0,0,0.079167848,0.079167848,0
MALAYSIA,820,1986,3,0,0,0,4.145999908,9.660268784,2.753660679,1,0,0,0,4,1,0.651521087,0.254000008,0,0,0,0.079167848,0.079167848,0
MALAYSIA,820,1987,3,0,0,0,3.868999958,9.687195778,2.753660679,1,0,0,0,4,1,0.651521087,0.254000008,0,0,0,0.079167848,0.079167848,0
MALAYSIA,820,1988,3,0,0,0,3.891000032,9.712690353,2.753660679,1,0,0,0,4,1,0.651521087,0.254000008,0,0,0,0.079167848,0.079167848,0
MALAYSIA,820,1989,3,0,0,0,4.264999866,9.737550735,2.753660679,1,0,0,0,4,1,0.651521087,0.254000008,0,0,0,0.079167848,0.079167848,0
MALAYSIA,820,1990,3,0,0,0,4.673999786,9.761520386,2.753660679,1,0,0,0,4,1,0.651521087,0.254000008,0,0,0,0.079167848,0.079167848,0
MALAYSIA,820,1991,3,0,0,0,5.124000072,9.784873009,2.753660679,1,0,0,0,4,1,0.651521087,0.254000008,0,0,0,0.079167848,0.079167848,0
MALAYSIA,820,1992,3,0,0,0,5.616000175,9.807967186,2.753660679,1,0,0,0,4,1,0.651521087,0.254000008,0,0,0,0.079167848,0.079167848,0
MALAYSIA,820,1993,3,0,0,0,5.745999813,9.8312397,2.753660679,1,0,0,0,4,1,0.651521087,0.254000008,0,0,0,0.079167848,0.079167848,0
MALAYSIA,820,1994,3,0,0,0,6.15899992,9.883749962,2.753660679,1,0,0,0,4,1,0.651521087,0.254000008,0,0,0,0.079167848,0.079167848,0
MALAYSIA,820,1995,3,0,0,0,6.56099987,9.908637047,2.753660679,1,0,0,0,4,1,0.651521087,0.254000008,0,0,0,0.079167848,0.079167848,0
MALAYSIA,820,1996,3,0,0,0,7.028999805,9.933525085,2.753660679,1,0,0,0,3,1,0.651521087,0.254000008,0,0,0,0.079167848,0.079167848,0
MALAYSIA,820,1997,3,0,0,0,7.541999817,9.958413124,2.753660679,1,0,0,0,3,1,0.651521087,0.254000008,0,0,0,0.079167848,0.079167848,0
MALAYSIA,820,1998,3,0,0,0,7.894000053,9.983545303,2.753660679,1,0,0,0,3,1,0.651521087,0.254000008,0,0,0,0.079167848,0.079167848,0
MALAYSIA,820,1999,3,0,0,0,7.143000126,10.00694656,2.753660679,1,0,0,0,3,1,0.651521087,0.254000008,0,0,0,0.079167848,0.079167848,0
SINGAPORE,830,1965,3,0,0,0,1.863999963,7.542743683,0,0,0,1,0,-2,1,0.419382989,0.149000004,0,0,0,0.003921187,0.003921187,0
SINGAPORE,830,1966,3,0,0,0,1.863999963,7.542743683,0,0,0,1,0,-2,1,0.419382989,0.149000004,0,0,0,0.003921187,0.003921187,0
SINGAPORE,830,1967,3,0,0,0,2.007999897,7.567862511,0,0,0,0,0,-2,1,0.419382989,0.149000004,0,0,0,0.003921187,0.003921187,0
SINGAPORE,830,1968,3,0,0,0,2.193000078,7.589841366,0,0,0,0,0,-2,1,0.419382989,0.149000004,0,0,0,0.003921187,0.003921187,0
SINGAPORE,830,1969,3,0,0,0,2.430000067,7.607381344,0,0,0,0,0,-2,1,0.419382989,0.149000004,0,0,0,0.003921187,0.003921187,0
SINGAPORE,830,1970,3,0,0,0,2.742000103,7.62217474,0,0,0,0,0,-2,1,0.419382989,0.149000004,0,0,0,0.003921187,0.003921187,0
SINGAPORE,830,1971,3,0,0,0,3.01699996,7.637716293,0,0,0,0,0,-2,1,0.419382989,0.149000004,0,0,0,0.003921187,0.003921187,0
SINGAPORE,830,1972,3,0,0,0,3.660000086,7.550135136,0,0,0,0,0,-2,1,0.419382989,0.149000004,0,0,0,0.003921187,0.003921187,0
SINGAPORE,830,1973,3,0,0,0,4.107999802,7.566828251,0,0,0,0,0,-2,1,0.419382989,0.149000004,0,0,0,0.003921187,0.003921187,0
SINGAPORE,830,1974,3,0,0,0,4.756999969,7.583247662,0,0,0,0,0,-2,1,0.419382989,0.149000004,0,0,0,0.003921187,0.003921187,0
SINGAPORE,830,1975,3,0,0,0,4.869999886,7.600902557,0,0,1,0,0,-2,1,0.419382989,0.149000004,0,0,0,0.003921187,0.003921187,0
SINGAPORE,830,1976,3,0,0,0,5.349999905,7.619233608,0,0,0,0,0,-2,1,0.419382989,0.149000004,0,0,0,0.003921187,0.003921187,0
SINGAPORE,830,1977,3,0,0,0,5.592000008,7.639642239,0,0,0,0,0,-2,1,0.419382989,0.149000004,0,0,0,0.003921187,0.003921187,0
SINGAPORE,830,1978,3,0,0,0,5.902999878,7.660114288,0,0,0,0,0,-2,1,0.419382989,0.149000004,0,0,0,0.003921187,0.003921187,0
SINGAPORE,830,1979,3,0,0,0,6.247000217,7.682021618,0,0,0,0,0,-2,1,0.419382989,0.149000004,0,0,0,0.003921187,0.003921187,0
SINGAPORE,830,1980,3,0,0,0,6.639999866,7.70616293,0,0,0,0,0,-2,1,0.419382989,0.149000004,0,0,0,0.003921187,0.003921187,0
SINGAPORE,830,1981,3,0,0,0,7.052999973,7.732807636,0,0,0,0,0,-2,1,0.419382989,0.149000004,0,0,0,0.003921187,0.003921187,0
SINGAPORE,830,1982,3,0,0,0,7.590000153,7.751045227,0,0,0,0,0,-2,1,0.419382989,0.149000004,0,0,0,0.003921187,0.003921187,0
SINGAPORE,830,1983,3,0,0,0,7.927999973,7.768956184,0,0,0,0,0,-2,1,0.419382989,0.149000004,0,0,0,0.003921187,0.003921187,0
SINGAPORE,830,1984,3,0,0,0,8.359999657,7.785720825,0,0,0,0,0,-2,1,0.419382989,0.149000004,0,0,0,0.003921187,0.003921187,0
SINGAPORE,830,1985,3,0,0,0,8.890999794,7.801391125,0,0,0,0,0,-2,1,0.419382989,0.149000004,0,0,0,0.003921187,0.003921187,0
SINGAPORE,830,1986,3,0,0,0,8.616000175,7.817222595,0,0,0,0,0,-2,1,0.419382989,0.149000004,0,0,0,0.003921187,0.003921187,0
SINGAPORE,830,1987,3,0,0,0,8.696000099,7.831617355,0,0,0,0,0,-2,1,0.419382989,0.149000004,0,0,0,0.003921187,0.003921187,0
SINGAPORE,830,1988,3,0,0,0,9.395000458,7.845416069,0,0,0,0,0,-2,1,0.419382989,0.149000004,0,0,0,0.003921187,0.003921187,0
SINGAPORE,830,1989,3,0,0,0,10.31599998,7.862882137,0,0,0,0,0,-2,1,0.419382989,0.149000004,0,0,0,0.003921187,0.003921187,0
SINGAPORE,830,1990,3,0,0,0,11.05900002,7.881559849,0,0,0,0,0,-2,1,0.419382989,0.149000004,0,0,0,0.003921187,0.003921187,0
SINGAPORE,830,1991,3,0,0,0,11.71000004,7.902857304,0,0,0,0,0,-2,1,0.419382989,0.149000004,0,0,0,0.003921187,0.003921187,0
SINGAPORE,830,1992,3,0,0,0,12.22399998,7.924072266,0,0,0,0,0,-2,1,0.419382989,0.149000004,0,0,0,0.003921187,0.003921187,0
SINGAPORE,830,1993,3,0,0,0,12.65299988,7.943782806,0,0,0,0,0,-2,1,0.419382989,0.149000004,0,0,0,0.003921187,0.003921187,0
SINGAPORE,830,1994,3,0,0,0,13.93200016,7.96339035,0,0,0,0,0,-2,1,0.419382989,0.149000004,0,0,0,0.003921187,0.003921187,0
SINGAPORE,830,1995,3,0,0,0,15.03999996,7.982825756,0,0,0,0,0,-2,1,0.419382989,0.149000004,0,0,0,0.003921187,0.003921187,0
SINGAPORE,830,1996,3,0,0,0,15.76599979,8.001857758,0,0,0,0,0,-2,1,0.419382989,0.149000004,0,0,0,0.003921187,0.003921187,0
SINGAPORE,830,1997,3,0,0,0,16.28199959,8.021026611,0,0,0,0,0,-2,1,0.419382989,0.149000004,0,0,0,0.003921187,0.003921187,0
SINGAPORE,830,1998,3,0,0,0,17.03199959,8.040286064,0,0,0,0,0,-2,1,0.419382989,0.149000004,0,0,0,0.003921187,0.003921187,0
SINGAPORE,830,1999,3,0,0,0,16.53000069,8.059433937,0,0,0,0,0,-2,1,0.419382989,0.149000004,0,0,0,0.003921187,0.003921187,0
PHILIPPINES,840,1946,3,1,0,0,0.458999991,9.821951866,3.104586601,1,0,1,0,2,1,0.74517715,0.039999999,0,0,0,4.18E-06,4.18E-06,0
PHILIPPINES,840,1947,3,0,0,1,0.458999991,9.821951866,3.104586601,1,0,1,0,2,1,0.74517715,0.039999999,0,0,0,4.18E-06,4.18E-06,0
PHILIPPINES,840,1948,3,0,0,1,0.713999987,9.839589119,3.104586601,1,0,0,0,2,1,0.74517715,0.039999999,0,0,0,4.18E-06,4.18E-06,0
PHILIPPINES,840,1949,3,0,0,1,0.811999977,9.859745026,3.104586601,1,0,0,0,2,1,0.74517715,0.039999999,0,0,0,4.18E-06,4.18E-06,0
PHILIPPINES,840,1950,3,0,0,1,0.801999986,9.88705349,3.104586601,1,0,0,0,2,1,0.74517715,0.039999999,0,0,0,4.18E-06,4.18E-06,0
PHILIPPINES,840,1951,3,0,0,1,0.777999997,9.964206696,3.104586601,1,0,0,1,5,1,0.74517715,0.039999999,0,0,0,4.18E-06,4.18E-06,0
PHILIPPINES,840,1952,3,0,0,1,0.791999996,9.9948349,3.104586601,1,0,0,1,5,1,0.74517715,0.039999999,0,0,0,4.18E-06,4.18E-06,0
PHILIPPINES,840,1953,3,0,0,1,0.847000003,10.02473164,3.104586601,1,0,0,1,5,1,0.74517715,0.039999999,0,0,0,4.18E-06,4.18E-06,0
PHILIPPINES,840,1954,3,0,0,0,0.913999975,10.05354404,3.104586601,1,0,0,0,5,1,0.74517715,0.039999999,0,0,0,4.18E-06,4.18E-06,0
PHILIPPINES,840,1955,3,0,0,0,0.968999982,10.08175945,3.104586601,1,0,0,0,5,1,0.74517715,0.039999999,0,0,0,4.18E-06,4.18E-06,0
PHILIPPINES,840,1956,3,0,0,0,1.001999974,10.1090374,3.104586601,1,0,0,0,5,1,0.74517715,0.039999999,0,0,0,4.18E-06,4.18E-06,0
PHILIPPINES,840,1957,3,0,0,0,1.044999957,10.1416378,3.104586601,1,0,0,0,5,1,0.74517715,0.039999999,0,0,0,4.18E-06,4.18E-06,0
PHILIPPINES,840,1958,3,0,0,0,1.047000051,10.17309475,3.104586601,1,0,0,0,5,1,0.74517715,0.039999999,0,0,0,4.18E-06,4.18E-06,0
PHILIPPINES,840,1959,3,0,0,0,1.065999985,10.20374012,3.104586601,1,0,0,0,5,1,0.74517715,0.039999999,0,0,0,4.18E-06,4.18E-06,0
PHILIPPINES,840,1960,3,0,0,0,1.105000019,10.23333073,3.104586601,1,0,0,0,5,1,0.74517715,0.039999999,0,0,0,4.18E-06,4.18E-06,0
PHILIPPINES,840,1961,3,0,0,0,1.133000016,10.23670483,3.104586601,1,0,0,0,5,1,0.74517715,0.039999999,0,0,0,4.18E-06,4.18E-06,0
PHILIPPINES,840,1962,3,0,0,0,1.152999997,10.26639271,3.104586601,1,0,0,0,5,1,0.74517715,0.039999999,0,0,0,4.18E-06,4.18E-06,0
PHILIPPINES,840,1963,3,0,0,0,1.217000008,10.29596901,3.104586601,1,0,0,0,5,1,0.74517715,0.039999999,0,0,0,4.18E-06,4.18E-06,0
PHILIPPINES,840,1964,3,0,0,0,1.235000014,10.32571125,3.104586601,1,0,0,0,5,1,0.74517715,0.039999999,0,0,0,4.18E-06,4.18E-06,0
PHILIPPINES,840,1965,3,0,0,0,1.217000008,10.35529518,3.104586601,1,0,0,0,5,1,0.74517715,0.039999999,0,0,0,4.18E-06,4.18E-06,0
PHILIPPINES,840,1966,3,0,0,0,1.243000031,10.38495636,3.104586601,1,0,0,0,5,1,0.74517715,0.039999999,0,0,0,4.18E-06,4.18E-06,0
PHILIPPINES,840,1967,3,0,0,0,1.253000021,10.41466331,3.104586601,1,0,0,0,5,1,0.74517715,0.039999999,0,0,0,4.18E-06,4.18E-06,0
PHILIPPINES,840,1968,3,1,2,0,1.31099999,10.44427013,3.104586601,1,0,0,0,5,1,0.74517715,0.039999999,0,0,0,4.18E-06,4.18E-06,0
PHILIPPINES,840,1969,3,0,0,1,1.355999947,10.47390175,3.104586601,1,0,0,0,5,1,0.74517715,0.039999999,0,0,0,4.18E-06,4.18E-06,0
PHILIPPINES,840,1970,3,0,0,1,1.401000023,10.50358677,3.104586601,1,0,0,1,2,1,0.74517715,0.039999999,0,0,0,4.18E-06,4.18E-06,0
PHILIPPINES,840,1971,3,0,0,1,1.402999997,10.53316212,3.104586601,1,0,0,1,2,1,0.74517715,0.039999999,0,0,0,4.18E-06,4.18E-06,0
PHILIPPINES,840,1972,3,1,0,1,1.432000041,10.56243134,3.104586601,1,0,0,1,2,1,0.74517715,0.039999999,0,0,0,4.18E-06,4.18E-06,0
PHILIPPINES,840,1973,3,0,0,1,1.462000012,10.59106922,3.104586601,1,0,0,1,-9,0,0.74517715,0.039999999,0,0,0,4.18E-06,4.18E-06,0
PHILIPPINES,840,1974,3,0,0,1,1.531999946,10.61888504,3.104586601,1,0,0,1,-9,0,0.74517715,0.039999999,0,0,0,4.18E-06,4.18E-06,0
PHILIPPINES,840,1975,3,0,0,1,1.587000012,10.64571095,3.104586601,1,0,0,1,-9,0,0.74517715,0.039999999,0,0,0,4.18E-06,4.18E-06,0
PHILIPPINES,840,1976,3,0,0,1,1.625,10.67134762,3.104586601,1,0,0,0,-9,0,0.74517715,0.039999999,0,0,0,4.18E-06,4.18E-06,0
PHILIPPINES,840,1977,3,0,0,1,1.68900001,10.69518948,3.104586601,1,0,0,0,-9,0,0.74517715,0.039999999,0,0,0,4.18E-06,4.18E-06,0
PHILIPPINES,840,1978,3,0,0,1,1.725000024,10.71781158,3.104586601,1,0,0,0,-9,0,0.74517715,0.039999999,0,0,0,4.18E-06,4.18E-06,0
PHILIPPINES,840,1979,3,0,0,1,1.779999971,10.7399559,3.104586601,1,0,0,0,-9,0,0.74517715,0.039999999,0,0,0,4.18E-06,4.18E-06,0
PHILIPPINES,840,1980,3,0,0,1,1.853999972,10.76233959,3.104586601,1,0,0,0,-9,0,0.74517715,0.039999999,0,0,0,4.18E-06,4.18E-06,0
PHILIPPINES,840,1981,3,0,0,1,1.878999949,10.78566265,3.104586601,1,0,0,0,-9,0,0.74517715,0.039999999,0,0,0,4.18E-06,4.18E-06,0
PHILIPPINES,840,1982,3,0,0,1,1.866999984,10.81053543,3.104586601,1,0,0,0,-8,0,0.74517715,0.039999999,0,0,0,4.18E-06,4.18E-06,0
PHILIPPINES,840,1983,3,0,0,1,1.914999962,10.8356514,3.104586601,1,0,0,0,-7,0,0.74517715,0.039999999,0,0,0,4.18E-06,4.18E-06,0
PHILIPPINES,840,1984,3,0,0,1,1.866999984,10.86005592,3.104586601,1,0,0,0,-6,0,0.74517715,0.039999999,0,0,0,4.18E-06,4.18E-06,0
PHILIPPINES,840,1985,3,0,0,1,1.662999988,10.88464832,3.104586601,1,0,0,0,-6,0,0.74517715,0.039999999,0,0,0,4.18E-06,4.18E-06,0
PHILIPPINES,840,1986,3,0,0,1,1.542000055,10.90961933,3.104586601,1,0,0,0,-6,0,0.74517715,0.039999999,0,0,0,4.18E-06,4.18E-06,0
PHILIPPINES,840,1987,3,0,0,1,1.534999967,10.93317795,3.104586601,1,0,0,1,1,1,0.74517715,0.039999999,0,0,0,4.18E-06,4.18E-06,0
PHILIPPINES,840,1988,3,0,0,1,1.603000045,10.95703316,3.104586601,1,0,0,1,8,0,0.74517715,0.039999999,0,0,0,4.18E-06,4.18E-06,0
PHILIPPINES,840,1989,3,0,0,1,1.675999999,10.98055267,3.104586601,1,0,0,1,8,0,0.74517715,0.039999999,0,0,0,4.18E-06,4.18E-06,0
PHILIPPINES,840,1990,3,0,0,1,1.735000014,11.00371552,3.104586601,1,0,0,1,8,0,0.74517715,0.039999999,0,0,0,4.18E-06,4.18E-06,0
PHILIPPINES,840,1991,3,0,0,1,1.763000011,11.02646732,3.104586601,1,0,0,0,8,0,0.74517715,0.039999999,0,0,0,4.18E-06,4.18E-06,0
PHILIPPINES,840,1992,3,0,0,1,1.699000001,11.04879284,3.104586601,1,0,0,0,8,0,0.74517715,0.039999999,0,0,0,4.18E-06,4.18E-06,0
PHILIPPINES,840,1993,3,0,0,1,1.68900001,11.0706768,3.104586601,1,0,0,0,8,0,0.74517715,0.039999999,0,0,0,4.18E-06,4.18E-06,0
PHILIPPINES,840,1994,3,0,0,1,1.684000015,11.11382961,3.104586601,1,0,0,0,8,0,0.74517715,0.039999999,0,0,0,4.18E-06,4.18E-06,0
PHILIPPINES,840,1995,3,0,0,1,1.717000008,11.13694382,3.104586601,1,0,0,0,8,0,0.74517715,0.039999999,0,0,0,4.18E-06,4.18E-06,0
PHILIPPINES,840,1996,3,0,0,1,1.754999995,11.16005802,3.104586601,1,0,0,0,8,0,0.74517715,0.039999999,0,0,0,4.18E-06,4.18E-06,0
PHILIPPINES,840,1997,3,0,0,1,1.815999985,11.18301773,3.104586601,1,0,0,0,8,0,0.74517715,0.039999999,0,0,0,4.18E-06,4.18E-06,0
PHILIPPINES,840,1998,3,0,0,1,1.870000005,11.2054081,3.104586601,1,0,0,0,8,0,0.74517715,0.039999999,0,0,0,4.18E-06,4.18E-06,0
PHILIPPINES,840,1999,3,0,0,1,1.819000006,11.22708988,3.104586601,1,0,0,0,8,0,0.74517715,0.039999999,0,0,0,4.18E-06,4.18E-06,0
INDONESIA,850,1949,3,0,0,0,0.300000012,11.22257328,2.44234705,1,1,1,0,3,1,0.764058352,0.148000002,0,0,0,0.030092048,0.030092048,0
INDONESIA,850,1950,3,1,2,0,0.300000012,11.22257328,2.44234705,1,1,1,0,3,1,0.764058352,0.148000002,0,0,0,0.030092048,0.030092048,0
INDONESIA,850,1951,3,0,0,1,0.307999998,11.23121262,2.44234705,1,1,0,1,0,1,0.764058352,0.148000002,0,0,0,0.030092048,0.030092048,0
INDONESIA,850,1952,3,0,0,0,0.356000006,11.24785233,2.44234705,1,1,0,1,0,1,0.764058352,0.148000002,0,0,0,0.030092048,0.030092048,0
INDONESIA,850,1953,3,1,1,0,0.389999986,11.26550198,2.44234705,1,1,0,1,0,1,0.764058352,0.148000002,0,0,0,0.030092048,0.030092048,0
INDONESIA,850,1954,3,0,0,1,0.395999998,11.28411579,2.44234705,1,1,0,0,0,1,0.764058352,0.148000002,0,0,0,0.030092048,0.030092048,0
INDONESIA,850,1955,3,0,0,0,0.432999998,11.31591225,2.44234705,1,1,0,0,0,1,0.764058352,0.148000002,0,0,0,0.030092048,0.030092048,0
INDONESIA,850,1956,3,0,0,0,0.513999999,11.32407475,2.44234705,1,1,0,0,0,1,0.764058352,0.148000002,0,0,0,0.030092048,0.030092048,0
INDONESIA,850,1957,3,0,0,0,0.529999971,11.34529972,2.44234705,1,1,0,0,0,1,0.764058352,0.148000002,0,0,0,0.030092048,0.030092048,0
INDONESIA,850,1958,3,1,1,0,0.546000004,11.36727524,2.44234705,1,1,0,0,-1,1,0.764058352,0.148000002,0,0,0,0.030092048,0.030092048,0
INDONESIA,850,1959,3,0,0,1,0.550999999,11.38995552,2.44234705,1,1,0,0,-1,1,0.764058352,0.148000002,0,0,0,0.030092048,0.030092048,0
INDONESIA,850,1960,3,0,0,1,0.577000022,11.41325951,2.44234705,1,1,0,1,-5,1,0.764058352,0.148000002,0,0,0,0.030092048,0.030092048,0
INDONESIA,850,1961,3,0,0,1,0.638000011,11.44578075,2.44234705,1,1,0,1,-5,1,0.764058352,0.148000002,0,0,0,0.030092048,0.030092048,0
INDONESIA,850,1962,3,0,0,0,0.666000009,11.4771843,2.44234705,1,1,0,1,-5,1,0.764058352,0.148000002,0,0,0,0.030092048,0.030092048,0
INDONESIA,850,1963,3,0,0,0,0.652999997,11.50859642,2.44234705,1,1,0,0,-5,1,0.764058352,0.148000002,0,0,0,0.030092048,0.030092048,0
INDONESIA,850,1964,3,0,0,0,0.611000001,11.52938938,2.44234705,1,1,0,0,-5,1,0.764058352,0.148000002,0,0,0,0.030092048,0.030092048,0
INDONESIA,850,1965,3,1,2,0,0.621999979,11.55010605,2.44234705,1,1,0,0,-5,1,0.764058352,0.148000002,0,0,0,0.030092048,0.030092048,0
INDONESIA,850,1966,3,0,0,1,0.60799998,11.57083607,2.44234705,1,1,0,0,-5,1,0.764058352,0.148000002,0,0,0,0.030092048,0.030092048,0
INDONESIA,850,1967,3,0,0,1,0.611999989,11.59158897,2.44234705,1,1,0,0,-6,0,0.764058352,0.148000002,0,0,0,0.030092048,0.030092048,0
INDONESIA,850,1968,3,0,0,1,0.617999971,11.61233616,2.44234705,1,1,0,0,-7,0,0.764058352,0.148000002,0,0,0,0.030092048,0.030092048,0
INDONESIA,850,1969,3,0,0,1,0.643999994,11.63308811,2.44234705,1,1,0,0,-7,0,0.764058352,0.148000002,0,0,0,0.030092048,0.030092048,0
INDONESIA,850,1970,3,0,0,1,0.681999981,11.65381718,2.44234705,1,0,0,0,-7,0,0.764058352,0.148000002,0,0,0,0.030092048,0.030092048,0
INDONESIA,850,1971,3,0,0,1,0.714999974,11.67450809,2.44234705,1,1,0,0,-7,0,0.764058352,0.148000002,0,0,0,0.030092048,0.030092048,0
INDONESIA,850,1972,3,0,0,1,0.736999989,11.69848347,2.44234705,1,1,0,0,-7,0,0.764058352,0.148000002,0,0,0,0.030092048,0.030092048,0
INDONESIA,850,1973,3,0,0,1,0.763000011,11.72286224,2.44234705,1,1,0,0,-7,0,0.764058352,0.148000002,0,0,0,0.030092048,0.030092048,0
INDONESIA,850,1974,3,0,0,1,0.83099997,11.74728584,2.44234705,1,1,0,0,-7,0,0.764058352,0.148000002,0,0,0,0.030092048,0.030092048,0
INDONESIA,850,1975,3,1,1,1,0.89200002,11.77142811,2.44234705,1,1,0,0,-7,0,0.764058352,0.148000002,0,0,0,0.030092048,0.030092048,0
INDONESIA,850,1976,3,0,0,1,0.953000009,11.79500961,2.44234705,1,1,0,0,-7,0,0.764058352,0.148000002,0,0,0,0.030092048,0.030092048,0
INDONESIA,850,1977,3,0,0,1,0.977999985,11.81969643,2.44234705,1,1,0,0,-7,0,0.764058352,0.148000002,0,0,0,0.030092048,0.030092048,0
INDONESIA,850,1978,3,0,0,1,1.032999992,11.84291935,2.44234705,1,1,0,0,-7,0,0.764058352,0.148000002,0,0,0,0.030092048,0.030092048,0
INDONESIA,850,1979,3,0,0,1,1.123999953,11.86501789,2.44234705,1,1,0,0,-7,0,0.764058352,0.148000002,0,0,0,0.030092048,0.030092048,0
INDONESIA,850,1980,3,0,0,1,1.192000031,11.88629436,2.44234705,1,1,0,0,-7,0,0.764058352,0.148000002,0,0,0,0.030092048,0.030092048,0
INDONESIA,850,1981,3,0,0,1,1.281000018,11.90701294,2.44234705,1,1,0,0,-7,0,0.764058352,0.148000002,0,0,0,0.030092048,0.030092048,0
INDONESIA,850,1982,3,0,0,1,1.480000019,11.9270525,2.44234705,1,1,0,0,-7,0,0.764058352,0.148000002,0,0,0,0.030092048,0.030092048,0
INDONESIA,850,1983,3,0,0,1,1.486999989,11.94629765,2.44234705,1,1,0,0,-7,0,0.764058352,0.148000002,0,0,0,0.030092048,0.030092048,0
INDONESIA,850,1984,3,0,0,1,1.570000052,11.96500015,2.44234705,1,1,0,0,-7,0,0.764058352,0.148000002,0,0,0,0.030092048,0.030092048,0
INDONESIA,850,1985,3,0,0,1,1.610000014,11.98339748,2.44234705,1,1,0,0,-7,0,0.764058352,0.148000002,0,0,0,0.030092048,0.030092048,0
INDONESIA,850,1986,3,0,0,1,1.651000023,12.00172615,2.44234705,1,1,0,0,-7,0,0.764058352,0.148000002,0,0,0,0.030092048,0.030092048,0
INDONESIA,850,1987,3,0,0,1,1.687000036,12.01983356,2.44234705,1,1,0,0,-7,0,0.764058352,0.148000002,0,0,0,0.030092048,0.030092048,0
INDONESIA,850,1988,3,0,0,1,1.702999949,12.0375948,2.44234705,1,1,0,0,-7,0,0.764058352,0.148000002,0,0,0,0.030092048,0.030092048,0
INDONESIA,850,1989,3,0,0,1,1.728999972,12.05521488,2.44234705,1,1,0,0,-7,0,0.764058352,0.148000002,0,0,0,0.030092048,0.030092048,0
INDONESIA,850,1990,3,0,0,1,1.825999975,12.07290077,2.44234705,1,1,0,0,-7,0,0.764058352,0.148000002,0,0,0,0.030092048,0.030092048,0
INDONESIA,850,1991,3,1,2,1,1.973999977,12.09084129,2.44234705,1,1,0,0,-7,0,0.764058352,0.148000002,0,0,0,0.030092048,0.030092048,0
INDONESIA,850,1992,3,0,0,1,2.04399991,12.10793591,2.44234705,1,0,0,0,-7,0,0.764058352,0.148000002,0,0,0,0.030092048,0.030092048,0
INDONESIA,850,1993,3,0,0,1,2.101999998,12.12269115,2.44234705,1,0,0,0,-7,0,0.764058352,0.148000002,0,0,0,0.030092048,0.030092048,0
INDONESIA,850,1994,3,0,0,1,2.217000008,12.14263916,2.44234705,1,0,0,0,-7,0,0.764058352,0.148000002,0,0,0,0.030092048,0.030092048,0
INDONESIA,850,1995,3,0,0,1,2.345000029,12.15923214,2.44234705,1,0,0,0,-7,0,0.764058352,0.148000002,0,0,0,0.030092048,0.030092048,0
INDONESIA,850,1996,3,0,0,1,2.496000051,12.17548943,2.44234705,1,0,0,0,-7,0,0.764058352,0.148000002,0,0,0,0.030092048,0.030092048,0
INDONESIA,850,1997,3,0,0,1,2.648000002,12.19175339,2.44234705,1,0,0,0,-7,0,0.764058352,0.148000002,0,0,0,0.030092048,0.030092048,0
INDONESIA,850,1998,3,0,0,1,2.727999926,12.20802212,2.44234705,1,0,0,0,-7,0,0.764058352,0.148000002,1,1,1,0.030092048,0.030092048,0
INDONESIA,850,1999,3,0,0,1,2.335000038,12.22429752,2.44234705,1,0,0,0,-5,1,0.764058352,0.148000002,0,0,0,0.030092048,0.030092048,0
AUSTRALIA,900,1945,0,0,0,0,5.429999828,8.908153534,1.131402135,1,0,0,0,10,0,0.315890133,0.07,0,0,0,.,.,.
AUSTRALIA,900,1946,0,0,0,0,5.429999828,8.908153534,1.131402135,1,0,0,0,10,0,0.315890133,0.07,0,0,0,.,.,.
AUSTRALIA,900,1947,0,0,0,0,5.589000225,8.917981148,1.131402135,1,0,0,0,10,0,0.315890133,0.07,0,0,0,.,.,.
AUSTRALIA,900,1948,0,0,0,0,5.768000126,8.93313694,1.131402135,1,0,0,0,10,0,0.315890133,0.07,0,0,0,.,.,.
AUSTRALIA,900,1949,0,0,0,0,5.923999786,8.950143814,1.131402135,1,0,0,0,10,0,0.315890133,0.07,0,0,0,.,.,.
AUSTRALIA,900,1950,0,0,0,0,5.980999947,8.975629807,1.131402135,1,0,0,0,10,0,0.315890133,0.07,0,0,0,.,.,.
AUSTRALIA,900,1951,0,0,0,0,6.677999973,9.014325142,1.131402135,1,0,0,0,10,0,0.315890133,0.07,0,0,0,.,.,.
AUSTRALIA,900,1952,0,0,0,0,6.611999989,9.038721085,1.131402135,1,0,0,0,10,0,0.315890133,0.07,0,0,0,.,.,.
AUSTRALIA,900,1953,0,0,0,0,5.999000072,9.062651634,1.131402135,1,0,0,0,10,0,0.315890133,0.07,0,0,0,.,.,.
AUSTRALIA,900,1954,0,0,0,0,6.639999866,9.086023331,1.131402135,1,0,0,0,10,0,0.315890133,0.07,0,0,0,.,.,.
AUSTRALIA,900,1955,0,0,0,0,7.048999786,9.108971596,1.131402135,1,0,0,0,10,0,0.315890133,0.07,0,0,0,.,.,.
AUSTRALIA,900,1956,0,0,0,0,7.210000038,9.131297112,1.131402135,1,0,0,0,10,0,0.315890133,0.07,0,0,0,.,.,.
AUSTRALIA,900,1957,0,0,0,0,7.052000046,9.154298782,1.131402135,1,0,0,0,10,0,0.315890133,0.07,0,0,0,.,.,.
AUSTRALIA,900,1958,0,0,0,0,7.03399992,9.176783562,1.131402135,1,0,0,0,10,0,0.315890133,0.07,0,0,0,.,.,.
AUSTRALIA,900,1959,0,0,0,0,7.382999897,9.198874474,1.131402135,1,0,0,0,10,0,0.315890133,0.07,0,0,0,.,.,.
AUSTRALIA,900,1960,0,0,0,0,7.704999924,9.220191956,1.131402135,1,0,0,0,10,0,0.315890133,0.07,0,0,0,.,.,.
AUSTRALIA,900,1961,0,0,0,0,7.782000065,9.237371445,1.131402135,1,0,0,0,10,0,0.315890133,0.07,0,0,0,.,.,.
AUSTRALIA,900,1962,0,0,0,0,7.576000214,9.257510185,1.131402135,1,0,0,0,10,0,0.315890133,0.07,0,0,0,.,.,.
AUSTRALIA,900,1963,0,0,0,0,7.977000237,9.281916618,1.131402135,1,0,0,0,10,0,0.315890133,0.07,0,0,0,.,.,.
AUSTRALIA,900,1964,0,0,0,0,8.369000435,9.301095009,1.131402135,1,0,0,0,10,0,0.315890133,0.07,0,0,0,.,.,.
AUSTRALIA,900,1965,0,0,0,0,8.850999832,9.320717812,1.131402135,1,0,0,0,10,0,0.315890133,0.07,0,0,0,.,.,.
AUSTRALIA,900,1966,0,0,0,0,8.822999954,9.340315819,1.131402135,1,0,0,0,10,0,0.315890133,0.07,0,0,0,.,.,.
AUSTRALIA,900,1967,0,0,0,0,9.145000458,9.363233566,1.131402135,1,0,0,0,10,0,0.315890133,0.07,0,0,0,.,.,.
AUSTRALIA,900,1968,0,0,0,0,9.361000061,9.375769615,1.131402135,1,0,0,0,10,0,0.315890133,0.07,0,0,0,.,.,.
AUSTRALIA,900,1969,0,0,0,0,10.08699989,9.393411636,1.131402135,1,0,0,0,10,0,0.315890133,0.07,0,0,0,.,.,.
AUSTRALIA,900,1970,0,0,0,0,10.40400028,9.414341927,1.131402135,1,0,0,0,10,0,0.315890133,0.07,0,0,0,.,.,.
AUSTRALIA,900,1971,0,0,0,0,10.75599957,9.434043884,1.131402135,1,0,0,0,10,0,0.315890133,0.07,0,0,0,.,.,.
AUSTRALIA,900,1972,0,0,0,0,10.88599968,9.46784687,1.131402135,1,0,0,0,10,0,0.315890133,0.07,0,0,0,.,.,.
AUSTRALIA,900,1973,0,0,0,0,11.14400005,9.486227989,1.131402135,1,0,0,0,10,0,0.315890133,0.07,0,0,0,.,.,.
AUSTRALIA,900,1974,0,0,0,0,11.51399994,9.501516342,1.131402135,1,0,0,0,10,0,0.315890133,0.07,0,0,0,.,.,.
AUSTRALIA,900,1975,0,0,0,0,11.39099979,9.526828766,1.131402135,1,0,0,0,10,0,0.315890133,0.07,0,0,0,.,.,.
AUSTRALIA,900,1976,0,0,0,0,11.50699997,9.539140701,1.131402135,1,0,0,0,10,0,0.315890133,0.07,0,0,0,.,.,.
AUSTRALIA,900,1977,0,0,0,0,11.74199963,9.549166679,1.131402135,1,0,0,0,10,0,0.315890133,0.07,0,0,0,.,.,.
AUSTRALIA,900,1978,0,0,0,0,11.6619997,9.560433388,1.131402135,1,0,0,0,10,0,0.315890133,0.07,0,0,0,.,.,.
AUSTRALIA,900,1979,0,0,0,0,12.16100025,9.572062492,1.131402135,1,0,0,0,10,0,0.315890133,0.07,0,0,0,.,.,.
AUSTRALIA,900,1980,0,0,0,0,12.22700024,9.582868576,1.131402135,1,0,0,0,10,0,0.315890133,0.07,0,0,0,.,.,.
AUSTRALIA,900,1981,0,0,0,0,12.52000046,9.595058441,1.131402135,1,0,0,0,10,0,0.315890133,0.07,0,0,0,.,.,.
AUSTRALIA,900,1982,0,0,0,0,12.68900013,9.610926628,1.131402135,1,0,0,0,10,0,0.315890133,0.07,0,0,0,.,.,.
AUSTRALIA,900,1983,0,0,0,0,12.13199997,9.627602577,1.131402135,1,0,0,0,10,0,0.315890133,0.07,0,0,0,.,.,.
AUSTRALIA,900,1984,0,0,0,0,12.7840004,9.640108109,1.131402135,1,0,0,0,10,0,0.315890133,0.07,0,0,0,.,.,.
AUSTRALIA,900,1985,0,0,0,0,13.27400017,9.65143013,1.131402135,1,0,0,0,10,0,0.315890133,0.07,0,0,0,.,.,.
AUSTRALIA,900,1986,0,0,0,0,13.58300018,9.665103912,1.131402135,1,0,0,0,10,0,0.315890133,0.07,0,0,0,.,.,.
AUSTRALIA,900,1987,0,0,0,0,13.6079998,9.68146801,1.131402135,1,0,0,0,10,0,0.315890133,0.07,0,0,0,.,.,.
AUSTRALIA,900,1988,0,0,0,0,14.10200024,9.696094513,1.131402135,1,0,0,0,10,0,0.315890133,0.07,0,0,0,.,.,.
AUSTRALIA,900,1989,0,0,0,0,14.70400047,9.712205887,1.131402135,1,0,0,0,10,0,0.315890133,0.07,0,0,0,.,.,.
AUSTRALIA,900,1990,0,0,0,0,14.85400009,9.729312897,1.131402135,1,0,0,0,10,0,0.315890133,0.07,0,0,0,.,.,.
AUSTRALIA,900,1991,0,0,0,0,14.44499969,9.743612289,1.131402135,1,0,0,0,10,0,0.315890133,0.07,0,0,0,.,.,.
AUSTRALIA,900,1992,0,0,0,0,14.25599957,9.75799942,1.131402135,1,0,0,0,10,0,0.315890133,0.07,0,0,0,.,.,.
AUSTRALIA,900,1993,0,0,0,0,14.45800018,9.768983841,1.131402135,1,0,0,0,10,0,0.315890133,0.07,0,0,0,.,.,.
AUSTRALIA,900,1994,0,0,0,0,14.90799999,9.77917099,1.131402135,1,0,0,0,10,0,0.315890133,0.07,0,0,0,.,.,.
AUSTRALIA,900,1995,0,0,0,0,15.42000008,9.789590836,1.131402135,1,0,0,0,10,0,0.315890133,0.07,0,0,0,.,.,.
AUSTRALIA,900,1996,0,0,0,0,15.92599964,9.801620483,1.131402135,1,0,0,0,10,0,0.315890133,0.07,0,0,0,.,.,.
AUSTRALIA,900,1997,0,0,0,0,16.30400085,9.815311432,1.131402135,1,0,0,0,10,0,0.315890133,0.07,0,0,0,.,.,.
AUSTRALIA,900,1998,0,0,0,0,16.87100029,9.827264786,1.131402135,1,0,0,0,10,0,0.315890133,0.07,0,0,0,.,.,.
AUSTRALIA,900,1999,0,0,0,0,17.43000031,9.838949203,1.131402135,1,0,0,0,10,0,0.315890133,0.07,0,0,0,.,.,.
PAPUA N.G.,910,1975,3,0,0,0,1.873999953,7.911690712,3.600048304,1,0,1,0,10,0,0.445050299,0,.,.,.,.,.,.
PAPUA N.G.,910,1976,3,0,0,0,1.873999953,7.911690712,3.600048304,1,0,1,0,10,0,0.445050299,0,.,.,.,.,.,.
PAPUA N.G.,910,1977,3,0,0,0,1.771000028,7.935229301,3.600048304,1,0,0,0,10,0,0.445050299,0,.,.,.,.,.,.
PAPUA N.G.,910,1978,3,0,0,0,1.756999969,7.958926678,3.600048304,1,0,0,0,10,0,0.445050299,0,.,.,.,.,.,.
PAPUA N.G.,910,1979,3,0,0,0,1.825999975,7.982074738,3.600048304,1,0,0,0,10,0,0.445050299,0,.,.,.,.,.,.
PAPUA N.G.,910,1980,3,0,0,0,1.824000001,8.005701065,3.600048304,1,0,0,0,10,0,0.445050299,0,.,.,.,.,.,.
PAPUA N.G.,910,1981,3,0,0,0,1.779000044,8.02943325,3.600048304,1,0,0,0,10,0,0.445050299,0,.,.,.,.,.,.
PAPUA N.G.,910,1982,3,0,0,0,1.720999956,8.054522514,3.600048304,1,0,0,0,10,0,0.445050299,0,.,.,.,.,.,.
PAPUA N.G.,910,1983,3,0,0,0,1.654999971,8.078688622,3.600048304,1,0,0,0,10,0,0.445050299,0,.,.,.,.,.,.
PAPUA N.G.,910,1984,3,0,0,0,1.644000053,8.102283478,3.600048304,1,0,0,0,10,0,0.445050299,0,.,.,.,.,.,.
PAPUA N.G.,910,1985,3,0,0,0,1.593999982,8.125631332,3.600048304,1,0,0,0,10,0,0.445050299,0,.,.,.,.,.,.
PAPUA N.G.,910,1986,3,0,0,0,1.618999958,8.14902401,3.600048304,1,0,0,0,10,0,0.445050299,0,.,.,.,.,.,.
PAPUA N.G.,910,1987,3,0,0,0,1.600000024,8.172164917,3.600048304,1,0,0,0,10,0,0.445050299,0,.,.,.,.,.,.
PAPUA N.G.,910,1988,3,1,2,0,1.611999989,8.194781303,3.600048304,1,0,0,0,10,0,0.445050299,0,.,.,.,.,.,.
PAPUA N.G.,910,1989,3,0,0,1,1.620000005,8.217168808,3.600048304,1,0,0,0,10,0,0.445050299,0,.,.,.,.,.,.
PAPUA N.G.,910,1990,3,0,0,1,1.557000041,8.239593506,3.600048304,1,0,0,0,10,0,0.445050299,0,.,.,.,.,.,.
PAPUA N.G.,910,1991,3,0,0,1,1.424999952,8.262300491,3.600048304,1,0,0,0,10,0,0.445050299,0,.,.,.,.,.,.
PAPUA N.G.,910,1992,3,0,0,1,1.523000002,8.28500843,3.600048304,1,0,0,0,10,0,0.445050299,0,.,.,.,.,.,.
PAPUA N.G.,910,1993,3,0,0,1,1.605999947,8.307705879,3.600048304,1,0,0,0,10,0,0.445050299,0,.,.,.,.,.,.
PAPUA N.G.,910,1994,3,0,0,1,1.855999947,8.320367813,3.600048304,1,0,0,0,10,0,0.445050299,0,.,.,.,.,.,.
PAPUA N.G.,910,1995,3,0,0,1,1.922000051,8.3432827,3.600048304,1,0,0,0,10,0,0.445050299,0,.,.,.,.,.,.
PAPUA N.G.,910,1996,3,0,0,1,1.815000057,8.366602898,3.600048304,1,0,0,0,10,0,0.445050299,0,.,.,.,.,.,.
PAPUA N.G.,910,1997,3,0,0,1,1.911000013,8.389523506,3.600048304,1,0,0,0,10,0,0.445050299,0,.,.,.,.,.,.
PAPUA N.G.,910,1998,3,0,0,1,1.794999957,8.412041664,3.600048304,1,0,0,0,10,0,0.445050299,0,.,.,.,.,.,.
PAPUA N.G.,910,1999,3,0,0,1,1.690000057,8.434164047,3.600048304,1,0,0,0,10,0,0.445050299,0,.,.,.,.,.,.
NEW ZEALAND,920,1945,0,0,0,0,5.822999954,7.431299686,3.377587557,1,0,0,0,10,0,0.37299931,0.097000003,0,0,0,.,.,.
NEW ZEALAND,920,1946,0,0,0,0,5.822999954,7.431299686,3.377587557,1,0,0,0,10,0,0.37299931,0.097000003,0,0,0,.,.,.
NEW ZEALAND,920,1947,0,0,0,0,5.943999767,7.472500801,3.377587557,1,0,0,0,10,0,0.37299931,0.097000003,0,0,0,.,.,.
NEW ZEALAND,920,1948,0,0,0,0,6.044000149,7.493874073,3.377587557,1,0,0,0,10,0,0.37299931,0.097000003,.,.,.,.,.,.
NEW ZEALAND,920,1949,0,0,0,0,6.109000206,7.513709068,3.377587557,1,0,0,0,10,0,0.37299931,0.097000003,0,0,0,.,.,.
NEW ZEALAND,920,1950,0,0,0,0,6.370999813,7.534228325,3.377587557,1,0,0,0,10,0,0.37299931,0.097000003,0,0,0,.,.,.
NEW ZEALAND,920,1951,0,0,0,0,6.666999817,7.556950569,3.377587557,1,0,0,0,10,0,0.37299931,0.097000003,0,0,0,.,.,.
NEW ZEALAND,920,1952,0,0,0,0,6.263000011,7.580699921,3.377587557,1,0,0,0,10,0,0.37299931,0.097000003,0,0,0,.,.,.
NEW ZEALAND,920,1953,0,0,0,0,6.073999882,7.603898048,3.377587557,1,0,0,0,10,0,0.37299931,0.097000003,0,0,0,.,.,.
NEW ZEALAND,920,1954,0,0,0,0,6.06799984,7.626082897,3.377587557,1,0,0,0,10,0,0.37299931,0.097000003,0,0,0,.,.,.
NEW ZEALAND,920,1955,0,0,0,0,6.81099987,7.648262978,3.377587557,1,0,0,0,10,0,0.37299931,0.097000003,0,0,0,.,.,.
NEW ZEALAND,920,1956,0,0,0,0,6.877999783,7.669961929,3.377587557,1,0,0,0,10,0,0.37299931,0.097000003,0,0,0,.,.,.
NEW ZEALAND,920,1957,0,0,0,0,6.771999836,7.69165659,3.377587557,1,0,0,0,10,0,0.37299931,0.097000003,0,0,0,.,.,.
NEW ZEALAND,920,1958,0,0,0,0,7.010000229,7.713337898,3.377587557,1,0,0,0,10,0,0.37299931,0.097000003,0,0,0,.,.,.
NEW ZEALAND,920,1959,0,0,0,0,6.926000118,7.734121323,3.377587557,1,0,0,0,10,0,0.37299931,0.097000003,0,0,0,.,.,.
NEW ZEALAND,920,1960,0,0,0,0,7.039999962,7.754481316,3.377587557,1,0,0,0,10,0,0.37299931,0.097000003,0,0,0,.,.,.
NEW ZEALAND,920,1961,0,0,0,0,7.960000038,7.774855614,3.377587557,1,0,0,0,10,0,0.37299931,0.097000003,0,0,0,.,.,.
NEW ZEALAND,920,1962,0,0,0,0,8.065999985,7.79482317,3.377587557,1,0,0,0,10,0,0.37299931,0.097000003,0,0,0,.,.,.
NEW ZEALAND,920,1963,0,0,0,0,8.154000282,7.820037842,3.377587557,1,0,0,0,10,0,0.37299931,0.097000003,0,0,0,.,.,.
NEW ZEALAND,920,1964,0,0,0,0,8.387000084,7.839919567,3.377587557,1,0,0,0,10,0,0.37299931,0.097000003,0,0,0,.,.,.
NEW ZEALAND,920,1965,0,0,0,0,8.677000046,7.860570908,3.377587557,1,0,0,0,10,0,0.37299931,0.097000003,0,0,0,.,.,.
NEW ZEALAND,920,1966,0,0,0,0,9.031999588,7.877017975,3.377587557,1,0,0,0,10,0,0.37299931,0.097000003,0,0,0,.,.,.
NEW ZEALAND,920,1967,0,0,0,0,9.12100029,7.89543581,3.377587557,1,0,0,0,10,0,0.37299931,0.097000003,0,0,0,.,.,.
NEW ZEALAND,920,1968,0,0,0,0,8.704000473,7.913155079,3.377587557,1,0,0,0,10,0,0.37299931,0.097000003,0,0,0,.,.,.
NEW ZEALAND,920,1969,0,0,0,0,8.623999596,7.921898365,3.377587557,1,0,0,0,10,0,0.37299931,0.097000003,0,0,0,.,.,.
NEW ZEALAND,920,1970,0,0,0,0,9.121999741,7.942006588,3.377587557,1,0,0,0,10,0,0.37299931,0.097000003,0,0,0,.,.,.
NEW ZEALAND,920,1971,0,0,0,0,9.392000198,7.94449234,3.377587557,1,0,0,0,10,0,0.37299931,0.097000003,0,0,0,.,.,.
NEW ZEALAND,920,1972,0,0,0,0,9.725999832,7.956476688,3.377587557,1,0,0,0,10,0,0.37299931,0.097000003,0,0,0,.,.,.
NEW ZEALAND,920,1973,0,0,0,0,10.00399971,7.973155499,3.377587557,1,0,0,0,10,0,0.37299931,0.097000003,0,0,0,.,.,.
NEW ZEALAND,920,1974,0,0,0,0,10.63099957,7.991592407,3.377587557,1,0,0,0,10,0,0.37299931,0.097000003,0,0,0,.,.,.
NEW ZEALAND,920,1975,0,0,0,0,11.0880003,8.014335632,3.377587557,1,0,0,0,10,0,0.37299931,0.097000003,0,0,0,.,.,.
NEW ZEALAND,920,1976,0,0,0,0,10.52600002,8.034955025,3.377587557,1,0,0,0,10,0,0.37299931,0.097000003,0,0,0,.,.,.
NEW ZEALAND,920,1977,0,0,0,0,10.63099957,8.042699814,3.377587557,1,0,0,0,10,0,0.37299931,0.097000003,0,0,0,.,.,.
NEW ZEALAND,920,1978,0,0,0,0,10.04500008,8.045588493,3.377587557,1,0,0,0,10,0,0.37299931,0.097000003,0,0,0,.,.,.
NEW ZEALAND,920,1979,0,0,0,0,10.03600025,8.045908928,3.377587557,1,0,0,0,10,0,0.37299931,0.097000003,0,0,0,.,.,.
NEW ZEALAND,920,1980,0,0,0,0,10.34200001,8.042056084,3.377587557,1,0,0,0,10,0,0.37299931,0.097000003,0,0,0,.,.,.
NEW ZEALAND,920,1981,0,0,0,0,10.36200047,8.04334259,3.377587557,1,0,0,0,10,0,0.37299931,0.097000003,0,0,0,.,.,.
NEW ZEALAND,920,1982,0,0,0,0,10.81499958,8.05356884,3.377587557,1,0,0,0,10,0,0.37299931,0.097000003,0,0,0,.,.,.
NEW ZEALAND,920,1983,0,0,0,0,10.89599991,8.064950943,3.377587557,1,0,0,0,10,0,0.37299931,0.097000003,0,0,0,.,.,.
NEW ZEALAND,920,1984,0,0,0,0,11.00399971,8.077757835,3.377587557,1,0,0,0,10,0,0.37299931,0.097000003,0,0,0,.,.,.
NEW ZEALAND,920,1985,0,0,0,0,11.4460001,8.087332726,3.377587557,1,0,0,0,10,0,0.37299931,0.097000003,0,0,0,.,.,.
NEW ZEALAND,920,1986,0,0,0,0,11.44299984,8.093156815,3.377587557,1,0,0,0,10,0,0.37299931,0.097000003,0,0,0,.,.,.
NEW ZEALAND,920,1987,0,0,0,0,11.70400047,8.094683647,3.377587557,1,0,0,0,10,0,0.37299931,0.097000003,0,0,0,.,.,.
NEW ZEALAND,920,1988,0,0,0,0,11.68799973,8.102586746,3.377587557,1,0,0,0,10,0,0.37299931,0.097000003,0,0,0,.,.,.
NEW ZEALAND,920,1989,0,0,0,0,11.5010004,8.106816292,3.377587557,1,0,0,0,10,0,0.37299931,0.097000003,0,0,0,.,.,.
NEW ZEALAND,920,1990,0,0,0,0,11.76200008,8.11072731,3.377587557,1,0,0,0,10,0,0.37299931,0.097000003,0,0,0,.,.,.
NEW ZEALAND,920,1991,0,0,0,0,11.51299953,8.120588303,3.377587557,1,0,0,0,10,0,0.37299931,0.097000003,0,0,0,.,.,.
NEW ZEALAND,920,1992,0,0,0,0,11.0539999,8.133294106,3.377587557,1,0,0,0,10,0,0.37299931,0.097000003,0,0,0,.,.,.
NEW ZEALAND,920,1993,0,0,0,0,11.36299992,8.141189575,3.377587557,1,0,0,0,10,0,0.37299931,0.097000003,0,0,0,.,.,.
NEW ZEALAND,920,1994,0,0,0,0,11.94200039,8.149456978,3.377587557,1,0,0,0,10,0,0.37299931,0.097000003,0,0,0,.,.,.
NEW ZEALAND,920,1995,0,0,0,0,12.41800022,8.174702644,3.377587557,1,0,0,0,10,0,0.37299931,0.097000003,0,0,0,.,.,.
NEW ZEALAND,920,1996,0,0,0,0,12.69900036,8.18646431,3.377587557,1,0,0,0,10,0,0.37299931,0.097000003,0,0,0,.,.,.
NEW ZEALAND,920,1997,0,0,0,0,12.82999992,8.219864845,3.377587557,1,0,0,0,10,0,0.37299931,0.097000003,0,0,0,.,.,.
NEW ZEALAND,920,1998,0,0,0,0,12.91300011,8.232439995,3.377587557,1,0,0,0,10,0,0.37299931,0.097000003,0,0,0,.,.,.
NEW ZEALAND,920,1999,0,0,0,0,12.81099987,8.241439819,3.377587557,1,0,0,0,10,0,0.37299931,0.097000003,0,0,0,.,.,.
FIJI,950,1970,3,0,0,0,2.592000008,6.253829002,0.336472243,1,0,1,0,9,0,0.710538507,0.439999998,0,0,0,.,.,.
FIJI,950,1971,3,0,0,0,2.592000008,6.253829002,0.336472243,1,0,1,0,9,0,0.710538507,0.439999998,0,0,0,.,.,.
FIJI,950,1972,3,0,0,0,2.721999884,6.274762154,0.336472243,1,0,0,0,9,0,0.710538507,0.439999998,0,0,0,.,.,.
FIJI,950,1973,3,0,0,0,2.877000093,6.295266151,0.336472243,1,0,0,0,9,0,0.710538507,0.439999998,0,0,0,.,.,.
FIJI,950,1974,3,0,0,0,3.183000088,6.317164898,0.336472243,1,0,0,0,9,0,0.710538507,0.439999998,0,0,0,.,.,.
FIJI,950,1975,3,0,0,0,3.311000109,6.336825848,0.336472243,1,0,0,0,9,0,0.710538507,0.439999998,0,0,0,.,.,.
FIJI,950,1976,3,0,0,0,3.318000078,6.356107712,0.336472243,1,0,0,0,9,0,0.710538507,0.439999998,0,0,0,.,.,.
FIJI,950,1977,3,0,0,0,3.430999994,6.375024796,0.336472243,1,0,0,0,9,0,0.710538507,0.439999998,0,0,0,.,.,.
FIJI,950,1978,3,0,0,0,3.532000065,6.390240669,0.336472243,1,0,0,0,9,0,0.710538507,0.439999998,0,0,0,.,.,.
FIJI,950,1979,3,0,0,0,3.522000074,6.408528805,0.336472243,1,0,0,0,9,0,0.710538507,0.439999998,0,0,0,.,.,.
FIJI,950,1980,3,0,0,0,3.778000116,6.431331158,0.336472243,1,0,0,0,9,0,0.710538507,0.439999998,0,0,0,.,.,.
FIJI,950,1981,3,0,0,0,3.608999968,6.452048779,0.336472243,1,0,0,0,9,0,0.710538507,0.439999998,0,0,0,.,.,.
FIJI,950,1982,3,0,0,0,3.815000057,6.470799446,0.336472243,1,0,0,0,9,0,0.710538507,0.439999998,0,0,0,.,.,.
FIJI,950,1983,3,0,0,0,3.51699996,6.489204884,0.336472243,1,0,0,0,9,0,0.710538507,0.439999998,0,0,0,.,.,.
FIJI,950,1984,3,0,0,0,3.319000006,6.510258198,0.336472243,1,0,0,0,9,0,0.710538507,0.439999998,0,0,0,.,.,.
FIJI,950,1985,3,0,0,0,3.499000072,6.53087759,0.336472243,1,0,0,0,9,0,0.710538507,0.439999998,0,0,0,.,.,.
FIJI,950,1986,3,0,0,0,3.280999899,6.546785355,0.336472243,1,0,0,0,9,0,0.710538507,0.439999998,0,0,0,.,.,.
FIJI,950,1987,3,0,0,0,3.398000002,6.570882797,0.336472243,1,0,0,0,9,0,0.710538507,0.439999998,0,0,0,.,.,.
FIJI,950,1988,3,0,0,0,3.211999893,6.580639362,0.336472243,1,0,0,1,-3,1,0.710538507,0.439999998,0,0,0,.,.,.
FIJI,950,1989,3,0,0,0,3.39199996,6.577861309,0.336472243,1,0,0,1,-3,1,0.710538507,0.439999998,0,0,0,.,.,.
FIJI,950,1990,3,0,0,0,3.818000078,6.587550163,0.336472243,1,0,0,1,-3,1,0.710538507,0.439999998,0,0,0,.,.,.
FIJI,950,1991,3,0,0,0,4.006999969,6.595780373,0.336472243,1,0,0,1,5,1,0.710538507,0.439999998,0,0,0,.,.,.
FIJI,950,1992,3,0,0,0,3.947000027,6.654152393,0.336472243,1,0,0,1,5,1,0.710538507,0.439999998,0,0,0,.,.,.
FIJI,950,1993,3,0,0,0,4.097000122,6.620073318,0.336472243,1,0,0,1,5,1,0.710538507,0.439999998,0,0,0,.,.,.
FIJI,950,1994,3,0,0,0,4.149000168,6.647688389,0.336472243,1,0,0,0,5,1,0.710538507,0.439999998,0,0,0,.,.,.
FIJI,950,1995,3,0,0,0,4.278999805,6.664409161,0.336472243,1,0,0,0,5,1,0.710538507,0.439999998,0,0,0,.,.,.
FIJI,950,1996,3,0,0,0,4.313000202,6.677083492,0.336472243,1,0,0,0,5,1,0.710538507,0.439999998,0,0,0,.,.,.
FIJI,950,1997,3,0,0,0,4.427000046,6.688354492,0.336472243,1,0,0,0,5,1,0.710538507,0.439999998,0,0,0,.,.,.
FIJI,950,1998,3,0,0,0,4.309999943,6.702758789,0.336472243,1,0,0,0,5,1,0.710538507,0.439999998,0,0,0,.,.,.
FIJI,950,1999,3,0,0,0,4.210999966,6.718034267,0.336472243,1,0,0,0,5,1,0.710538507,0.439999998,1,1,1,.,.,.
